region,spec,window,horizon,mean_loss,car_95,car_99
California,fire only,Full record (2001-25),0,0,0,0
California,fire only,Full record (2001-25),1,17.73133328845201,73.63255264960378,113.18372386571274
California,fire only,Full record (2001-25),2,34.665018375609485,116.62799225562537,142.60722996844032
California,fire only,Full record (2001-25),3,52.10896789052681,137.74472591813955,184.3969983539786
California,fire only,Full record (2001-25),4,67.97702480991995,157.69456776605048,217.42909326042982
California,fire only,Full record (2001-25),5,84.30322612506863,183.84528957948095,242.94221337968474
California,fire only,Full record (2001-25),6,99.37479872178837,211.3888996340612,270.77700054407717
California,fire only,Full record (2001-25),7,114.18670581876368,228.9376764837927,292.3514171280685
California,fire only,Full record (2001-25),8,128.36316620197334,245.92699125565937,309.64066561914785
California,fire only,Full record (2001-25),9,141.919593639926,265.12065266969415,322.6451390098762
California,fire only,Full record (2001-25),10,155.06107357235084,281.6384490575931,336.07367683362287
California,fire only,Full record (2001-25),11,168.02798629188675,298.3233365628926,356.6798886871779
California,fire only,Full record (2001-25),12,180.40606586668483,310.0461554919963,366.1266973750462
California,fire only,Full record (2001-25),13,192.47417391063087,324.1085728876469,381.3929892157315
California,fire only,Full record (2001-25),14,204.44596915637825,336.91586246063093,388.97736049929216
California,fire only,Full record (2001-25),15,215.91804221802207,345.77305706924034,400.8757764711505
California,fire only,Full record (2001-25),16,227.15271872325417,358.0718391175611,410.91293405020355
California,fire only,Full record (2001-25),17,237.93904689346653,369.85581446380326,422.72039150896586
California,fire only,Full record (2001-25),18,248.04715795296477,380.3206171106985,433.4327699545715
California,fire only,Full record (2001-25),19,257.7082641646312,391.0320747473309,444.2342711075333
California,fire only,Full record (2001-25),20,267.5977818118157,397.12240577378924,452.4037256301699
California,fire only,Full record (2001-25),21,277.1668553051416,407.6684572132977,461.2920804697987
California,fire only,Full record (2001-25),22,285.848030552869,416.049077205713,473.9663754435927
California,fire only,Full record (2001-25),23,294.67782470810323,423.78433390727747,478.399708265403
California,fire only,Full record (2001-25),24,303.1025246347463,432.9342679498869,486.85862944102854
California,fire only,Full record (2001-25),25,311.1396046485056,440.59626449739733,489.8418883033506
California,fire only,Full record (2001-25),26,319.0663689453647,450.25106701088936,495.63447958082594
California,fire only,Full record (2001-25),27,326.3326519074722,455.3396904610568,500.339851936891
California,fire only,Full record (2001-25),28,333.59638692312444,460.82086301195886,506.39517911832934
California,fire only,Full record (2001-25),29,340.10472067113784,468.110066135142,522.2777613034333
California,fire only,Full record (2001-25),30,347.04636738200463,475.2726039442332,523.6268948051501
California,fire only,Full record (2001-25),31,353.9162852569853,479.66162571583504,527.4248177849031
California,fire only,Full record (2001-25),32,359.85850409186367,484.55617127329737,533.6511114311058
California,fire only,Full record (2001-25),33,366.08412839794505,487.23748834639696,536.1008194183992
California,fire only,Full record (2001-25),34,371.61079726848504,493.0344997501691,539.4245538378468
California,fire only,Full record (2001-25),35,378.2438461760847,499.58832651979634,543.4323048615537
California,fire only,Full record (2001-25),36,383.9329016798803,506.063955685094,550.2339572720939
California,fire only,Full record (2001-25),37,389.60659045814884,510.3297491745995,558.0093138060412
California,fire only,Full record (2001-25),38,394.70625143835963,513.2750647381771,560.8375618031093
California,fire only,Full record (2001-25),39,399.6109218821284,521.3173177240328,562.0889557685672
California,fire only,Full record (2001-25),40,404.79577720190474,525.0521973197173,573.5209949490006
California,fire only,Full record (2001-25),41,409.324039338158,531.2168984754696,574.6848479671412
California,fire only,Full record (2001-25),42,413.8006528650971,532.1763190121056,577.9179570267753
California,fire only,Full record (2001-25),43,418.41375588777345,536.6655534186287,582.1858738986344
California,fire only,Full record (2001-25),44,422.8832498005846,542.6102235255819,588.5954930632785
California,fire only,Full record (2001-25),45,426.7382002689172,545.8988524484748,584.5164394456598
California,fire only,Full record (2001-25),46,430.84772665649365,546.6294338042757,588.7834092407425
California,fire only,Full record (2001-25),47,434.96781096120355,551.4217584322437,592.5732715571015
California,fire only,Full record (2001-25),48,438.67600530023054,553.5617120482644,596.924878091788
California,fire only,Full record (2001-25),49,442.510220376143,554.7392776329324,597.5907275006335
California,fire only,Full record (2001-25),50,446.14521057006704,560.9604430371226,599.0233062801377
California,fire only,Full record (2001-25),51,449.8164458868332,563.2909209494629,608.2902986926147
California,fire only,Full record (2001-25),52,453.87362314969926,568.3608054504732,610.6750753839534
California,fire only,Full record (2001-25),53,457.136142078072,572.7434633477498,613.3880092437114
California,fire only,Full record (2001-25),54,460.54965619706684,576.3062953656461,617.0804070554066
California,fire only,Full record (2001-25),55,463.4573157467546,576.3889552212585,615.6107135188447
California,fire only,Full record (2001-25),56,466.598499653091,577.5404683326274,616.0628072762714
California,fire only,Full record (2001-25),57,469.35753343042796,579.7844011517219,617.7443362450475
California,fire only,Full record (2001-25),58,472.12009403352454,580.2061188233422,615.8358056674332
California,fire only,Full record (2001-25),59,475.1577502281551,583.1521884440497,623.7639235153532
California,fire only,Full record (2001-25),60,478.24667680285677,586.9909290173692,625.9534394371087
California,fire only,Full record (2001-25),61,480.96193898987786,588.0697952221511,629.7979093802796
California,fire only,Full record (2001-25),62,483.1350131390947,590.2276660589746,628.9246354486841
California,fire only,Full record (2001-25),63,485.6031819955294,593.1634026522945,635.6356454900294
California,fire only,Full record (2001-25),64,487.54505268413413,595.5275782560683,635.0511811500307
California,fire only,Full record (2001-25),65,490.10350251475376,596.8625671470356,636.0850337783448
California,fire only,Full record (2001-25),66,492.50815167774084,597.1386406006593,643.3300567386967
California,fire only,Full record (2001-25),67,495.55425944448626,599.0754329928462,640.8951470628213
California,fire only,Full record (2001-25),68,497.4585992731803,602.869446075962,644.8733155442654
California,fire only,Full record (2001-25),69,499.84344619785816,603.9363916810479,648.689093617012
California,fire only,Full record (2001-25),70,502.2251956705547,608.1598960466623,650.5048999831033
California,fire only,Full record (2001-25),71,503.9249423815961,609.10966611851,652.4104642568392
California,fire only,Full record (2001-25),72,505.45696292805764,608.8189635663448,650.9798886776
California,fire only,Full record (2001-25),73,507.2025013068573,610.9365597395243,653.5500082183984
California,fire only,Full record (2001-25),74,508.85088341244256,610.0333398015514,650.3715173102262
California,fire only,Full record (2001-25),75,510.845144934443,612.0418249772969,655.1737082698533
California,fire only,Full record (2001-25),76,512.7398112990727,615.8180750714554,655.7900846497404
California,fire only,Full record (2001-25),77,514.8958366082007,618.1239646538954,656.6602225442916
California,fire only,Full record (2001-25),78,516.7412376192881,619.3886680141436,660.473955258846
California,fire only,Full record (2001-25),79,517.9735094149379,619.8539999707493,659.9001929693566
California,fire only,Full record (2001-25),80,519.9217024992284,621.2314670120707,662.4178128452784
California,fire only,Full record (2001-25),81,521.7603204853489,624.5227554925817,665.6009473688779
California,fire only,Full record (2001-25),82,523.7558229321754,627.0930141512342,665.2080458335817
California,fire only,Full record (2001-25),83,525.1997969071012,626.7050499881173,664.8700500591082
California,fire only,Full record (2001-25),84,526.8802340889013,629.7627226949464,669.2370624281698
California,fire only,Full record (2001-25),85,528.2869555325884,631.4005768331247,671.0539463102158
California,fire only,Full record (2001-25),86,529.9430510281451,634.1393801984212,667.9898880100891
California,fire only,Full record (2001-25),87,531.1771619565126,634.8792381961373,671.7630954011631
California,fire only,Full record (2001-25),88,532.8288013910986,634.5957501947136,670.9689691034783
California,fire only,Full record (2001-25),89,534.0003602533093,636.5221034935329,674.0386276978866
California,fire only,Full record (2001-25),90,535.4715517442495,638.7453127870705,679.7262495925788
California,fire only,Full record (2001-25),91,536.4764507403527,640.139904858751,677.8213407818174
California,fire only,Full record (2001-25),92,537.9716078213642,640.9729081276319,678.7973393173445
California,fire only,Full record (2001-25),93,539.0791201116054,640.6264804997197,677.5708413552486
California,fire only,Full record (2001-25),94,540.9095815608583,644.2585982777488,683.1065303257617
California,fire only,Full record (2001-25),95,542.1587536675329,642.7410418429832,682.8949969981085
California,fire only,Full record (2001-25),96,543.5077709530543,643.8150771397438,686.059565370094
California,fire only,Full record (2001-25),97,544.8995439137136,644.496062396004,687.4109585456284
California,fire only,Full record (2001-25),98,546.1798202887187,647.2388114669743,684.8566968162947
California,fire only,Full record (2001-25),99,547.3802848096348,647.031961410435,686.1816738256744
California,fire only,Full record (2001-25),100,548.5979504738644,648.8099695329823,686.1031572615345
California,fire only,Full record (2001-25),101,549.7601658945695,651.4798468717541,685.6156899837589
California,fire only,Full record (2001-25),102,551.6511919428449,653.2796354291256,693.2135981424791
California,fire only,Full record (2001-25),103,552.9796551861122,654.2967687159785,692.9914595635494
California,fire only,Full record (2001-25),104,554.0320971870337,654.3328658976319,696.2199017268388
California,fire only,Full record (2001-25),105,555.0228113902526,653.770371328735,693.2364978075213
California,fire only,Full record (2001-25),106,556.3328014332225,655.2290663091838,693.2196287621042
California,fire only,Full record (2001-25),107,556.9554217546755,656.55811320626,694.1613028107013
California,fire only,Full record (2001-25),108,557.9258045590615,657.6421971970581,693.8545220159299
California,fire only,Full record (2001-25),109,559.1857023303716,659.0850222889773,696.0023979400461
California,fire only,Full record (2001-25),110,560.2930548904473,658.8844674837825,695.1779432405415
California,fire only,Full record (2001-25),111,561.7670975584601,660.2632374813019,697.9313842814569
California,fire only,Full record (2001-25),112,562.8648475973397,661.6503322717087,698.5623597992505
California,fire only,Full record (2001-25),113,563.9266719516263,664.4733718746,701.0364869080281
California,fire only,Full record (2001-25),114,565.3167299133221,665.8771405512475,702.5749704300233
California,fire only,Full record (2001-25),115,565.8808635820445,664.7087228925831,705.1051929041141
California,fire only,Full record (2001-25),116,566.6306359524701,666.0790505050036,708.1719776199124
California,fire only,Full record (2001-25),117,567.6138863523369,665.6991115774256,707.0087272251925
California,fire only,Full record (2001-25),118,568.3047701708364,666.8878888109434,704.8071806899256
California,fire only,Full record (2001-25),119,569.3441002935234,669.4458164475672,708.3464215617399
California,fire only,Full record (2001-25),120,570.4061498046964,669.3643880186002,707.2078243781166
California,fire only,Full record (2001-25),121,571.0910350865013,673.1954908113929,707.4160504557616
California,fire only,Full record (2001-25),122,572.3851520958688,672.8901412966179,710.0331284238769
California,fire only,Full record (2001-25),123,573.2617489970086,672.5763846451283,709.2948818510932
California,fire only,Full record (2001-25),124,574.1221100346751,671.0669252556943,705.661464759184
California,fire only,Full record (2001-25),125,575.1310430686856,674.1214895043902,711.0824022822138
California,fire only,Full record (2001-25),126,575.5712429792745,673.5842140097939,709.1375116387825
California,fire only,Full record (2001-25),127,576.629206433099,674.4634339662182,711.6341704192986
California,fire only,Full record (2001-25),128,578.0901055341891,676.9444045287955,710.7172684319663
California,fire only,Full record (2001-25),129,579.0416479280409,679.4175534219169,714.9227317195576
California,fire only,Full record (2001-25),130,579.6094545277405,680.0567132499381,712.3202059837923
California,fire only,Full record (2001-25),131,580.478146883019,679.1085422755193,714.4031258331913
California,fire only,Full record (2001-25),132,581.5372314740889,680.520588292475,718.1876242258131
California,fire only,Full record (2001-25),133,582.7267266618009,681.3964338748264,717.9367905594913
California,fire only,Full record (2001-25),134,583.4985083059074,682.006236541732,720.9631828891398
California,fire only,Full record (2001-25),135,584.3746218059166,684.1682247538067,720.1362669577467
California,fire only,Full record (2001-25),136,585.4574177922699,684.9307962825691,722.0519062159852
California,fire only,Full record (2001-25),137,586.1986938357767,688.1427587762446,719.2647054882322
California,fire only,Full record (2001-25),138,587.0516757907388,687.4574172633136,727.0282182401183
California,fire only,Full record (2001-25),139,587.7473744283142,687.5404406987899,726.4909445975181
California,fire only,Full record (2001-25),140,588.996458628309,687.2795705148425,727.788890042151
California,fire only,Full record (2001-25),141,590.0697932210886,689.7275084191779,726.8445156469319
California,fire only,Full record (2001-25),142,590.9724220456868,691.3987772373858,726.6764044798708
California,fire only,Full record (2001-25),143,591.9686787832283,689.48080374746,727.4944860789014
California,fire only,Full record (2001-25),144,592.7598337361369,690.0787583302022,725.9525571106859
California,fire only,Full record (2001-25),145,593.4277911028107,690.3859070163379,726.6125335270204
California,fire only,Full record (2001-25),146,593.9421611650754,692.4843986214249,729.004175088268
California,fire only,Full record (2001-25),147,594.3179425595218,693.2028457246541,726.2065581159017
California,fire only,Full record (2001-25),148,595.649215127785,693.1182565051693,728.8369924397716
California,fire only,Full record (2001-25),149,596.7595499197338,694.9931466033756,728.2794993265875
California,fire only,Full record (2001-25),150,597.3231916770488,694.4664326318072,726.184739238793
California,fire only,Full record (2001-25),151,598.447681048003,695.9956323532426,732.4584442256854
California,fire only,Full record (2001-25),152,599.5524454014347,695.4019600172518,727.9307747440832
California,fire only,Full record (2001-25),153,600.0364870094636,695.8134172070488,735.4699562208122
California,fire only,Full record (2001-25),154,600.647849820128,698.9648336559434,734.9242108570999
California,fire only,Full record (2001-25),155,601.6427952594698,698.3801660889428,737.5352847649463
California,fire only,Full record (2001-25),156,602.8946871497749,700.3898890621796,735.2931133142115
California,fire only,Full record (2001-25),157,603.6215850064721,702.25927329892,735.5863090936996
California,fire only,Full record (2001-25),158,604.2790789494861,702.2968405027068,739.5185726709727
California,fire only,Full record (2001-25),159,604.8985943709789,702.3788152183332,742.2410218403506
California,fire only,Full record (2001-25),160,606.1656521389914,703.5608101213829,744.8825612065785
California,fire only,Full record (2001-25),161,606.4508999217994,704.2498620090001,745.3244891720038
California,fire only,Full record (2001-25),162,607.1154906204907,703.8334622383964,745.7484123093739
California,fire only,Full record (2001-25),163,607.798246833831,704.0562162105311,744.4081638307775
California,fire only,Full record (2001-25),164,608.2506769746172,705.9396310865923,741.2389761054186
California,fire only,Full record (2001-25),165,609.3156829193625,708.3472359794473,744.827459007413
California,fire only,Full record (2001-25),166,610.234980581627,710.3468563892104,743.1629343492759
California,fire only,Full record (2001-25),167,610.845238638724,709.4436640726151,743.9150138148693
California,fire only,Full record (2001-25),168,611.5396850355621,710.1537869131386,748.263591068084
California,fire only,Full record (2001-25),169,611.9752188232825,711.6381252378708,747.8418121754539
California,fire only,Full record (2001-25),170,612.7965133048601,710.471604268821,745.1192142418322
California,fire only,Full record (2001-25),171,613.7209885347323,711.9649528012521,746.2146795873157
California,fire only,Full record (2001-25),172,614.067359778408,712.5539289741106,743.8636212314161
California,fire only,Full record (2001-25),173,614.6362707149119,712.9991389399707,747.32717481844
California,fire only,Full record (2001-25),174,615.3185582341656,714.5211552439466,748.6813531491094
California,fire only,Full record (2001-25),175,615.92826915820865,715.3698790123078,753.568300765795
California,fire only,Full record (2001-25),176,616.8766355691523,715.9979577766534,752.3089611010743
California,fire only,Full record (2001-25),177,617.9016046822737,719.272055759639,754.0324695379041
California,fire only,Full record (2001-25),178,618.2419308030818,718.1473271573071,751.3166574749644
California,fire only,Full record (2001-25),179,618.883699756734,717.6051060290309,752.7992299950143
California,fire only,Full record (2001-25),180,619.8935328850416,717.7999368318373,755.9518161486803
California,fire only,Full record (2001-25),181,620.3233201707935,719.6582616835742,753.7624852838644
California,fire only,Full record (2001-25),182,621.2085651247656,719.5213141133348,753.5622266180773
California,fire only,Full record (2001-25),183,621.5638404042041,720.2162413581839,752.7289135530302
California,fire only,Full record (2001-25),184,621.9489720002788,719.0822314085666,759.2577593496741
California,fire only,Full record (2001-25),185,622.9055050343821,719.9458612936147,759.1021636800527
California,fire only,Full record (2001-25),186,623.8057029713806,722.453379190048,756.8845817446656
California,fire only,Full record (2001-25),187,624.6305290376936,724.6570966411455,761.3256431398158
California,fire only,Full record (2001-25),188,625.3359835982477,723.1181325495584,758.8304646395676
California,fire only,Full record (2001-25),189,625.4399376969612,725.6146026139323,762.7830619308517
California,fire only,Full record (2001-25),190,626.5570494606035,725.9925840368603,762.4760205713175
California,fire only,Full record (2001-25),191,626.9704162389547,726.3882602802888,762.7099183832171
California,fire only,Full record (2001-25),192,627.7123220493775,725.8182982122655,759.6863785125764
California,fire only,Full record (2001-25),193,628.1244283626557,726.8551125960586,762.6199780702588
California,fire only,Full record (2001-25),194,628.6471502216665,723.8233563939384,762.7029667372
California,fire only,Full record (2001-25),195,629.3564425020368,726.2509007142718,765.6922781632599
California,fire only,Full record (2001-25),196,629.845077072435,727.5262953347336,763.4190827053919
California,fire only,Full record (2001-25),197,630.4135545292562,727.0176792496279,767.4576609968034
California,fire only,Full record (2001-25),198,630.7946551672575,728.0036720801875,764.6362689878605
California,fire only,Full record (2001-25),199,631.7261807297172,730.3112850588535,763.9168171802957
California,fire only,Full record (2001-25),200,631.6782097582227,730.642316569229,767.2626554183325
California,gradual,Full record (2001-25),0,0,0,0
California,gradual,Full record (2001-25),1,20.11464394226918,76.33221326883677,115.74448294667505
California,gradual,Full record (2001-25),2,40.23677505896144,122.05884810694359,148.46254897372376
California,gradual,Full record (2001-25),3,59.414141242585536,146.5085588760653,191.1452360228696
California,gradual,Full record (2001-25),4,77.92669112454811,170.0148659597996,228.4543452128727
California,gradual,Full record (2001-25),5,95.29246362763645,197.06877658809964,253.03436567087866
California,gradual,Full record (2001-25),6,112.62552901630458,224.5685923426319,280.0301492336551
California,gradual,Full record (2001-25),7,128.93937643695858,242.36387166430129,295.8949247641256
California,gradual,Full record (2001-25),8,145.3301580511766,264.27513644962585,312.68036133536214
California,gradual,Full record (2001-25),9,161.32524592021988,280.9050803375017,337.6580268635121
California,gradual,Full record (2001-25),10,176.44138155145566,300.52889709643824,355.29115834755123
California,gradual,Full record (2001-25),11,191.55860359181727,314.4477820650311,366.80553758618663
California,gradual,Full record (2001-25),12,205.68227548490572,330.96526368757986,383.4905170692152
California,gradual,Full record (2001-25),13,219.47541086143352,342.3000990059774,397.0229214125699
California,gradual,Full record (2001-25),14,232.8931538335977,357.28808413873156,406.58671529708283
California,gradual,Full record (2001-25),15,245.60823664481285,370.6521728553964,419.6462993303202
California,gradual,Full record (2001-25),16,257.27663142352174,383.3996762460564,432.49228817738486
California,gradual,Full record (2001-25),17,269.15651036130834,395.15256736341786,446.0625028470578
California,gradual,Full record (2001-25),18,280.67420995798375,405.74192889095104,456.4920978803268
California,gradual,Full record (2001-25),19,292.3053150754052,416.7958566945182,469.5700677480501
California,gradual,Full record (2001-25),20,303.1891238549628,425.43263307385695,480.4425796796313
California,gradual,Full record (2001-25),21,313.1100741164785,435.21863109607636,487.9773982046688
California,gradual,Full record (2001-25),22,322.87133108767466,445.26379225462654,492.74613403709145
California,gradual,Full record (2001-25),23,332.21667004055433,454.7055520411521,500.5395052414312
California,gradual,Full record (2001-25),24,341.33453617893764,463.15737221951633,509.94653902311995
California,gradual,Full record (2001-25),25,350.5514099536792,472.36637183294454,513.7361897978823
California,gradual,Full record (2001-25),26,359.33340507120784,478.48442559313054,523.90477562777
California,gradual,Full record (2001-25),27,368.01536765884646,486.9226426517554,536.9439263535074
California,gradual,Full record (2001-25),28,377.01606111780774,492.8912356418358,539.2574219985623
California,gradual,Full record (2001-25),29,385.41912340235115,500.32753103999784,545.7732064061472
California,gradual,Full record (2001-25),30,393.0989533535818,508.13817899106004,553.5407924588368
California,gradual,Full record (2001-25),31,400.28939721070066,513.429723474858,558.9325035663237
California,gradual,Full record (2001-25),32,407.6929715195003,523.2155968994975,561.8190587961116
California,gradual,Full record (2001-25),33,414.71948861502364,527.4051668574115,573.7074231322425
California,gradual,Full record (2001-25),34,421.4954645842996,535.7713935107065,579.059973104902
California,gradual,Full record (2001-25),35,428.29931483839283,540.6689809241233,584.6082703222642
California,gradual,Full record (2001-25),36,435.19337204726077,545.0576702238797,592.06463035997206
California,gradual,Full record (2001-25),37,441.5303221910902,553.4019088194456,592.9926218090583
California,gradual,Full record (2001-25),38,447.99957975985257,559.3816565606271,597.8730321448577
California,gradual,Full record (2001-25),39,453.4746844097498,564.1360269778596,602.815032546227
California,gradual,Full record (2001-25),40,459.2773528626765,569.5431476781287,608.8331209692287
California,gradual,Full record (2001-25),41,465.04553171629743,573.4227062759785,612.5195204223156
California,gradual,Full record (2001-25),42,470.4905770695182,577.90495289967,616.4735468861819
California,gradual,Full record (2001-25),43,476.0182936730528,582.6141068847784,624.5345044011891
California,gradual,Full record (2001-25),44,481.53443828253853,589.208928167465,628.0699143947628
California,gradual,Full record (2001-25),45,486.67197136288314,593.2752748502589,629.2844825212379
California,gradual,Full record (2001-25),46,491.7701392423137,598.009886327702,633.8950852294762
California,gradual,Full record (2001-25),47,496.5021891324386,600.1115655694725,641.9859731054468
California,gradual,Full record (2001-25),48,500.7012691874354,605.7406926110084,645.4878255809031
California,gradual,Full record (2001-25),49,505.21266956265674,607.8344684879615,650.6637345271231
California,gradual,Full record (2001-25),50,509.39362480501825,612.3850575320429,653.244048988191
California,gradual,Full record (2001-25),51,513.6047795489808,616.2871889336503,654.2378298266907
California,gradual,Full record (2001-25),52,517.9288537743247,618.7021997237581,658.8410672422735
California,gradual,Full record (2001-25),53,522.0445181144686,621.4825802997835,659.5434203475143
California,gradual,Full record (2001-25),54,525.9824452098082,625.7657827223243,661.7560263636867
California,gradual,Full record (2001-25),55,530.2611675469291,628.0005460782297,669.6037599209594
California,gradual,Full record (2001-25),56,533.9479121641127,629.5102995354737,672.923207023985
California,gradual,Full record (2001-25),57,537.7224823148861,633.3239795888356,673.298192625466
California,gradual,Full record (2001-25),58,541.3382726391666,636.7233187356663,674.5568319048741
California,gradual,Full record (2001-25),59,544.7560153392499,639.2170176325125,676.551966448722
California,gradual,Full record (2001-25),60,548.4648232209057,642.8321254850921,680.5357420108267
California,gradual,Full record (2001-25),61,552.0827504942966,646.9309599216527,685.7347899847312
California,gradual,Full record (2001-25),62,555.3021430113237,648.6562725839661,685.1305200303221
California,gradual,Full record (2001-25),63,558.2549316642876,652.2489188015641,689.7943827426305
California,gradual,Full record (2001-25),64,561.524488968213,655.363384612592,690.1461588383911
California,gradual,Full record (2001-25),65,564.6560546849817,656.8272750080644,689.1703152794878
California,gradual,Full record (2001-25),66,567.7962097282921,658.2256660319782,691.4985664524494
California,gradual,Full record (2001-25),67,570.8740781725595,660.3895374852495,694.7716139216087
California,gradual,Full record (2001-25),68,573.9784541445966,662.6460362065599,696.9812969724884
California,gradual,Full record (2001-25),69,576.9732186237441,666.2970284228136,701.2079515199911
California,gradual,Full record (2001-25),70,579.6394899368754,667.8997397305569,701.230745614308
California,gradual,Full record (2001-25),71,582.6874853007229,669.8693487114354,708.4871819746648
California,gradual,Full record (2001-25),72,585.4200578251214,672.2858314047697,707.5564274457796
California,gradual,Full record (2001-25),73,588.0817357156044,676.8540922783762,710.0286705000822
California,gradual,Full record (2001-25),74,590.6318939064686,676.7821081901589,709.285656220996
California,gradual,Full record (2001-25),75,593.7811214909058,679.59622130725,713.8582462541466
California,gradual,Full record (2001-25),76,596.3172183049849,683.0883038269322,715.116191660293
California,gradual,Full record (2001-25),77,598.6512845342929,686.0283630078139,721.1325856840019
California,gradual,Full record (2001-25),78,600.998892417648,688.305954295802,724.39898784643
California,gradual,Full record (2001-25),79,603.6012385477673,689.4324424649565,726.5389524830966
California,gradual,Full record (2001-25),80,605.8910182622088,691.9945055126225,727.3038514781117
California,gradual,Full record (2001-25),81,608.302476177106,693.3740931183647,728.3971045581133
California,gradual,Full record (2001-25),82,610.5499627877562,694.8621492876568,726.5147920977591
California,gradual,Full record (2001-25),83,613.2632619346123,696.8218334229409,728.9340801667763
California,gradual,Full record (2001-25),84,615.4400963673475,699.2592603761091,729.8795399214217
California,gradual,Full record (2001-25),85,617.5591362697323,700.9885545235323,732.6647709510816
California,gradual,Full record (2001-25),86,619.6248653164253,702.5103022941308,730.7112495007727
California,gradual,Full record (2001-25),87,621.6511302803084,703.2090483878453,734.0883187526751
California,gradual,Full record (2001-25),88,623.9602960804685,704.1477635174356,736.0020791465413
California,gradual,Full record (2001-25),89,625.9202897033128,706.1476727855911,736.6571217498727
California,gradual,Full record (2001-25),90,628.2936508948678,708.0575548629613,738.0746043105462
California,gradual,Full record (2001-25),91,630.5406977897861,710.3563680453639,739.5907675328529
California,gradual,Full record (2001-25),92,632.4409281477004,711.7002661447214,742.2563230099175
California,gradual,Full record (2001-25),93,634.4743445149347,714.7406582419057,743.3988036567825
California,gradual,Full record (2001-25),94,636.4408454292764,715.7466621397824,749.2415652883079
California,gradual,Full record (2001-25),95,638.0931904488734,718.3437189802576,747.3142291121071
California,gradual,Full record (2001-25),96,640.083712652673,720.4343044194138,751.1912344631323
California,gradual,Full record (2001-25),97,641.9443990409677,721.6148602828966,749.8693010896033
California,gradual,Full record (2001-25),98,643.6525796446108,725.2006274590445,753.2178262102198
California,gradual,Full record (2001-25),99,645.6508542931819,726.078339529731,756.0887938513733
California,gradual,Full record (2001-25),100,647.5911243048012,727.9364451063935,758.2739898391413
California,gradual,Full record (2001-25),101,649.0293982622235,729.0740686882425,761.9490774438943
California,gradual,Full record (2001-25),102,650.7775267587936,730.20535854868,760.9200738627693
California,gradual,Full record (2001-25),103,652.556326729734,732.5965647825703,762.693377262631
California,gradual,Full record (2001-25),104,654.361650276833,734.1571903848144,761.6684402446143
California,gradual,Full record (2001-25),105,656.1213559579749,735.7687184967579,764.1169736015721
California,gradual,Full record (2001-25),106,657.9007513169032,736.0110627994713,764.3039586910509
California,gradual,Full record (2001-25),107,659.0336257067237,735.7993661127177,762.6859697419843
California,gradual,Full record (2001-25),108,660.7172091724551,737.2095731277407,764.5334263482563
California,gradual,Full record (2001-25),109,662.4241840450783,738.5436864408437,767.0576745455464
California,gradual,Full record (2001-25),110,664.021016721854,739.4658683353796,766.7144807647502
California,gradual,Full record (2001-25),111,665.1744184254871,739.7692387229619,767.3103126900377
California,gradual,Full record (2001-25),112,666.7726226476434,743.2918008384647,768.575564494736
California,gradual,Full record (2001-25),113,668.3255572442437,744.8942071217681,769.0160183481204
California,gradual,Full record (2001-25),114,669.9836576896076,745.1914694207029,771.1212335185023
California,gradual,Full record (2001-25),115,671.5831370541524,747.5040042240678,772.9307646598901
California,gradual,Full record (2001-25),116,673.2162791619514,748.3504995504494,777.9321562493194
California,gradual,Full record (2001-25),117,675.0090419243143,750.242018631509,782.5919610538043
California,gradual,Full record (2001-25),118,676.7426902005877,752.51153973678,779.3316619633985
California,gradual,Full record (2001-25),119,678.2088397512563,755.3556977713685,780.6095534286575
California,gradual,Full record (2001-25),120,679.5219982765387,755.8593178021888,782.6179404715108
California,gradual,Full record (2001-25),121,681.2969549867423,756.5036812045458,783.7948491097643
California,gradual,Full record (2001-25),122,682.9720323314987,756.9871787015951,784.1548606269965
California,gradual,Full record (2001-25),123,684.466339353311,758.5005264333073,783.1519272073767
California,gradual,Full record (2001-25),124,685.8746102713023,758.7585827767208,786.9586860694986
California,gradual,Full record (2001-25),125,687.1956896984608,759.3813147889331,786.3781798725266
California,gradual,Full record (2001-25),126,688.5719793426092,762.1753708145125,787.8351531092549
California,gradual,Full record (2001-25),127,689.7861175463482,763.2209345754243,788.6901001658802
California,gradual,Full record (2001-25),128,691.2657679948501,764.2878783691126,790.0086850441497
California,gradual,Full record (2001-25),129,692.5530608370751,766.1560709207231,791.2381728979485
California,gradual,Full record (2001-25),130,694.0555012823193,766.4767137462234,794.2540234936838
California,gradual,Full record (2001-25),131,695.3676692835013,767.9404883915174,793.2816347750684
California,gradual,Full record (2001-25),132,696.8280101961928,768.3618512535917,793.858707703031
California,gradual,Full record (2001-25),133,698.562445927818,768.9676848442052,796.3920436203541
California,gradual,Full record (2001-25),134,699.837633418767,769.9423487604874,797.2911457103164
California,gradual,Full record (2001-25),135,700.9829626035257,772.7873914135519,797.9968570588012
California,gradual,Full record (2001-25),136,702.0497068131505,773.8918557630485,799.1752392588671
California,gradual,Full record (2001-25),137,703.4214500193307,775.3786937158893,797.6401829854989
California,gradual,Full record (2001-25),138,704.8492658542482,775.4122870714182,799.2966555912615
California,gradual,Full record (2001-25),139,706.1731493654752,775.6015870514201,797.0225782644726
California,gradual,Full record (2001-25),140,707.8671692705557,777.4220587374095,802.0488096853728
California,gradual,Full record (2001-25),141,709.247062962791,778.8931912042608,807.225463145174
California,gradual,Full record (2001-25),142,710.6130995705247,781.2352674575898,807.0470314055042
California,gradual,Full record (2001-25),143,711.8717889741871,783.0542775430658,810.0027782666758
California,gradual,Full record (2001-25),144,713.2415033339395,783.8326811424828,810.7105022872515
California,gradual,Full record (2001-25),145,714.1128082162292,783.8029725648202,812.4557317265701
California,gradual,Full record (2001-25),146,715.1713094031352,785.6225706897288,810.4318556453405
California,gradual,Full record (2001-25),147,716.6714798531262,787.2270064685081,810.8797749525854
California,gradual,Full record (2001-25),148,717.8203655256451,786.4483462221892,814.1397187377106
California,gradual,Full record (2001-25),149,718.8876065120608,786.0544011742725,812.4526056933386
California,gradual,Full record (2001-25),150,720.1454281284537,788.5438144384201,813.6959552779153
California,gradual,Full record (2001-25),151,721.2684586460325,789.3649045435498,813.3549969215744
California,gradual,Full record (2001-25),152,722.366971717819,789.9619361658716,816.3623059050194
California,gradual,Full record (2001-25),153,723.6800477200096,791.2009925237031,817.1672987592436
California,gradual,Full record (2001-25),154,724.8265640095497,792.0830380977749,819.1458464899804
California,gradual,Full record (2001-25),155,726.2004341009074,793.3042150601765,820.6958769985318
California,gradual,Full record (2001-25),156,727.4277528799456,796.1731769720416,819.4848530285869
California,gradual,Full record (2001-25),157,728.6660044229666,796.1466293090249,821.8363748446536
California,gradual,Full record (2001-25),158,729.6540470619649,796.624660049535,822.9984011728648
California,gradual,Full record (2001-25),159,731.0647472667972,797.8024745966129,822.3224229418098
California,gradual,Full record (2001-25),160,732.1549026078256,798.8274198085072,826.1420884375663
California,gradual,Full record (2001-25),161,733.2101003666262,799.0424987546348,828.5782789189274
California,gradual,Full record (2001-25),162,734.524294376545,800.5482348818106,826.6889962062676
California,gradual,Full record (2001-25),163,735.6723882438209,802.3443316603691,825.9829299972351
California,gradual,Full record (2001-25),164,736.662693678434,802.9384706787338,826.519230607024
California,gradual,Full record (2001-25),165,737.3237864559682,805.0879218708031,828.1939503021025
California,gradual,Full record (2001-25),166,738.7901592236205,805.6450828306652,829.7992985221362
California,gradual,Full record (2001-25),167,739.9601130757993,807.3568303071381,831.0086558660158
California,gradual,Full record (2001-25),168,741.1112814044576,807.859472122501,831.1623696462216
California,gradual,Full record (2001-25),169,742.5042832651189,809.121703843376,832.0407033096674
California,gradual,Full record (2001-25),170,743.6956501097249,809.9969500533489,832.3240510121908
California,gradual,Full record (2001-25),171,744.9647755177472,811.4476908640308,832.9099538736858
California,gradual,Full record (2001-25),172,746.2457341992458,811.63989686019,835.4229793905715
California,gradual,Full record (2001-25),173,747.2767586076557,814.7692608047114,838.8947511340166
California,gradual,Full record (2001-25),174,748.4396793577323,815.2680308371085,837.7760203981924
California,gradual,Full record (2001-25),175,749.741990120268,815.3186909785741,837.6853379997797
California,gradual,Full record (2001-25),176,750.9866247148076,817.6192901361936,840.9069025231588
California,gradual,Full record (2001-25),177,751.8851133556172,817.6003334379051,839.8908696380001
California,gradual,Full record (2001-25),178,753.0867306070732,818.9387265651609,839.2771157410433
California,gradual,Full record (2001-25),179,754.3828607282624,818.9539630818294,840.1273427847093
California,gradual,Full record (2001-25),180,755.5585841005969,820.268699161344,842.5195451593262
California,gradual,Full record (2001-25),181,756.5205465391033,819.4113315574109,845.02193264136
California,gradual,Full record (2001-25),182,757.3091634439292,820.7296486290326,844.7987358132821
California,gradual,Full record (2001-25),183,758.3059321897848,821.2511613901044,842.711316446764
California,gradual,Full record (2001-25),184,759.1567337929705,821.4920066960677,841.4649454888569
California,gradual,Full record (2001-25),185,760.1320430931346,822.7974009594609,845.8214441235447
California,gradual,Full record (2001-25),186,761.3392292842038,824.4695534940676,846.9402880809395
California,gradual,Full record (2001-25),187,762.3534797425075,825.3697797364343,847.4832999850147
California,gradual,Full record (2001-25),188,763.3553860805199,827.2730699354045,847.3602691714615
California,gradual,Full record (2001-25),189,764.2280987786613,827.5370389272201,848.6902636112608
California,gradual,Full record (2001-25),190,765.0878073726327,828.5208931338193,849.7634226575861
California,gradual,Full record (2001-25),191,766.3453937941417,828.3445953422198,850.0149802108058
California,gradual,Full record (2001-25),192,767.1952120606535,828.3677126898293,851.1542564319539
California,gradual,Full record (2001-25),193,768.2757737423995,830.892651409169,851.8680279894206
California,gradual,Full record (2001-25),194,769.233135689227,830.3427920109727,852.4625856211976
California,gradual,Full record (2001-25),195,770.1279556829958,832.4117416061126,853.1931201232283
California,gradual,Full record (2001-25),196,771.0265746523606,833.3824749653439,854.5316937331155
California,gradual,Full record (2001-25),197,771.5894642945532,834.1149303143682,855.1798650008852
California,gradual,Full record (2001-25),198,772.4879109771391,833.568255498372,854.8547247960548
California,gradual,Full record (2001-25),199,773.5211772130476,833.647226083917,855.8626412312473
California,gradual,Full record (2001-25),200,774.5518409239493,835.942279263675,858.1857602877367
California,gradual,2001-08,0,0,0,0
California,gradual,2001-08,1,20.30163833374435,76.37227844051641,115.74448294667505
California,gradual,2001-08,2,40.225187580119005,122.57099717012804,154.48266350191528
California,gradual,2001-08,3,59.58585038686984,145.3315831147138,192.03898576071518
California,gradual,2001-08,4,78.01942405784132,171.66793391592896,228.351551173128
California,gradual,2001-08,5,95.80024782922094,199.06146343661356,252.68854668963036
California,gradual,2001-08,6,112.99340725712588,220.17986115082175,279.93600923103656
California,gradual,2001-08,7,129.9972505800893,241.9645658734282,294.4635138871427
California,gradual,2001-08,8,146.00366277508738,261.4648163937469,320.4037667663048
California,gradual,2001-08,9,161.90178629849305,276.2900671997425,333.71317561506174
California,gradual,2001-08,10,177.63481671026108,295.77918050716966,350.18168766095874
California,gradual,2001-08,11,192.4740107503669,312.604147952132,365.67003190566834
California,gradual,2001-08,12,206.95871112920108,330.3434307891382,388.93160960085294
California,gradual,2001-08,13,220.87515103290704,345.8674732094225,403.2579702883894
California,gradual,2001-08,14,234.31288761326286,360.58077348027484,418.74615832210435
California,gradual,2001-08,15,247.0052375183616,371.37623107021665,428.4610355737327
California,gradual,2001-08,16,259.3268385752801,382.64137558858545,443.5815020991884
California,gradual,2001-08,17,270.96772347509983,395.06240203829014,448.62113747890965
California,gradual,2001-08,18,282.6652934055864,408.34156360539373,465.1109692088147
California,gradual,2001-08,19,293.7322920047081,417.3362991514515,470.870977983279
California,gradual,2001-08,20,304.5249845384316,426.90104064857064,482.36991455549105
California,gradual,2001-08,21,315.54580600253615,439.83479675265124,490.63065644693654
California,gradual,2001-08,22,325.7237611340196,447.23397290771834,496.36083916436303
California,gradual,2001-08,23,335.2744308749847,459.2410784799928,503.8195916487689
California,gradual,2001-08,24,345.36661248328477,466.65861145089156,512.0775355910972
California,gradual,2001-08,25,354.60600067234776,476.297922292225,521.6000448022027
California,gradual,2001-08,26,364.001979121194,483.13803945747776,530.2691686266049
California,gradual,2001-08,27,372.57257972060404,490.8055230353371,536.0995146839248
California,gradual,2001-08,28,381.2923185540021,500.90877556935163,543.2035390472344
California,gradual,2001-08,29,389.39411211841474,507.40339840684135,549.305158463082
California,gradual,2001-08,30,397.1761964543234,514.9062208760821,558.8311744917434
California,gradual,2001-08,31,405.3140252428925,521.6947932425857,568.4914998192816
California,gradual,2001-08,32,412.6985041778912,529.2312372933158,573.0238677156416
California,gradual,2001-08,33,419.61455296692503,535.0096030980791,581.2228960126977
California,gradual,2001-08,34,426.2996209801827,539.8157210615552,583.2306924507694
California,gradual,2001-08,35,433.20598600562255,544.2574008109322,595.134816734723
California,gradual,2001-08,36,440.22874904319855,550.1364346776253,594.4339605875799
California,gradual,2001-08,37,445.99794120904363,556.9469053416356,598.579041672787
California,gradual,2001-08,38,451.74213467250956,563.2241171086281,601.7747573149857
California,gradual,2001-08,39,457.90562843973737,565.4813289102973,610.5805385010648
California,gradual,2001-08,40,464.23390669103276,570.5862973448426,615.1086575225286
California,gradual,2001-08,41,469.8179175991951,577.3875596237332,615.5175388672767
California,gradual,2001-08,42,475.1590254601016,579.3180746490461,617.7263881307642
California,gradual,2001-08,43,480.0417301404994,584.835214053868,622.6855523385922
California,gradual,2001-08,44,485.16547793076234,588.633915829505,626.6585770329356
California,gradual,2001-08,45,490.02740156315394,592.5536285807788,629.5449116667792
California,gradual,2001-08,46,495.34965259070606,597.9083555481407,632.7657918654621
California,gradual,2001-08,47,499.6646572368815,601.7406577060813,637.5126549386306
California,gradual,2001-08,48,504.66813397239554,604.6205255785071,643.5668316726004
California,gradual,2001-08,49,509.6067214490484,607.9896486693149,644.5995937971934
California,gradual,2001-08,50,513.970820197087,613.0432250914297,646.9494322819374
California,gradual,2001-08,51,518.4249566418083,615.9445964888625,652.7433587571933
California,gradual,2001-08,52,522.4345915988,619.3384628025751,657.6243278059411
California,gradual,2001-08,53,526.7749444521343,624.2777614148749,660.9460838010581
California,gradual,2001-08,54,530.6527806669069,628.7062402645436,666.1120668734222
California,gradual,2001-08,55,534.5447177769288,631.7744629067807,669.6666321354855
California,gradual,2001-08,56,538.5705732436743,633.4315711309534,668.5847373315145
California,gradual,2001-08,57,542.2829336153374,637.5566532413338,673.3926885055663
California,gradual,2001-08,58,545.8909425154052,638.7909927844386,673.6096745527742
California,gradual,2001-08,59,549.3767861620834,640.3476568579409,676.2971641112134
California,gradual,2001-08,60,552.9127249386951,643.7341056424632,679.8051157427094
California,gradual,2001-08,61,556.6607386211418,649.110486249617,682.3016352810107
California,gradual,2001-08,62,559.9988471379562,650.8201876101409,685.3582190520375
California,gradual,2001-08,63,563.2818856497264,653.0474905256862,687.4020216943616
California,gradual,2001-08,64,566.3330988815437,655.1525829002378,691.1421134353191
California,gradual,2001-08,65,569.4903291163947,658.6012774724021,692.6119027222112
California,gradual,2001-08,66,572.6665403673383,662.0115461601927,696.7425398210669
California,gradual,2001-08,67,576.0220892093871,662.8518757021095,695.130501575986
California,gradual,2001-08,68,579.3111570336943,664.6503802877153,696.076804743663
California,gradual,2001-08,69,582.1781358250743,667.8629966379717,698.8240430562439
California,gradual,2001-08,70,584.9256283240104,670.2557354558783,705.6133584268316
California,gradual,2001-08,71,587.740125385686,673.1272112348644,707.2884752130409
California,gradual,2001-08,72,590.1002928121808,676.7903960539439,705.9002437620915
California,gradual,2001-08,73,592.8134517369123,679.1228906345798,707.9361083377644
California,gradual,2001-08,74,595.3498061316934,680.2421989851005,713.5160258391052
California,gradual,2001-08,75,597.7386051275575,683.0051144657292,712.0639724172851
California,gradual,2001-08,76,600.635234963695,684.5348866866674,717.3208395372606
California,gradual,2001-08,77,603.2747548206942,687.1744828649192,722.0017063491207
California,gradual,2001-08,78,605.7766196346873,689.4017309170342,722.2082106396218
California,gradual,2001-08,79,608.4691188746328,691.9672869324986,723.4751971010916
California,gradual,2001-08,80,610.7047927185374,695.1648613434874,727.1040072191637
California,gradual,2001-08,81,613.3285897313172,696.98173060566,727.8147664164444
California,gradual,2001-08,82,615.5741942886389,698.1095809715287,728.9795033735896
California,gradual,2001-08,83,618.0556044612778,701.5778139191814,731.1753901375296
California,gradual,2001-08,84,620.3328264858407,703.7764233169016,734.7256286516846
California,gradual,2001-08,85,622.7146827741216,704.8498577474501,736.2451143077022
California,gradual,2001-08,86,625.0248751689445,707.0824869529943,739.2543165071888
California,gradual,2001-08,87,626.9678652103122,709.9002380976784,744.1827470406437
California,gradual,2001-08,88,629.4250821842895,710.0575981035881,745.5189560175436
California,gradual,2001-08,89,631.4376653602358,712.7491815667339,744.8782582260513
California,gradual,2001-08,90,633.6109097434344,713.7724019977309,748.3881035221642
California,gradual,2001-08,91,635.5542428169855,715.9627077223969,747.1004198910539
California,gradual,2001-08,92,637.8590754077401,717.7215563607576,747.9927161807841
California,gradual,2001-08,93,639.940380886545,719.5780141919697,750.0001338150557
California,gradual,2001-08,94,641.8242650708796,720.6507883473407,750.9640788127373
California,gradual,2001-08,95,643.9127403514209,725.3360491689433,752.2266525014168
California,gradual,2001-08,96,645.8024763586178,726.8620141670104,753.4180271004784
California,gradual,2001-08,97,647.6689196838904,726.7717261811403,754.8671009533455
California,gradual,2001-08,98,649.819139727243,728.6804641373676,757.8257032811125
California,gradual,2001-08,99,651.3717677728333,729.7665319746649,759.5743130164374
California,gradual,2001-08,100,653.1675131239277,730.6159571560912,757.5679378834363
California,gradual,2001-08,101,655.039932086036,732.4902028303337,759.3998075047189
California,gradual,2001-08,102,656.6687168359911,734.2578320275452,760.5958881130181
California,gradual,2001-08,103,658.2262215597561,735.1657056477956,763.1756334889635
California,gradual,2001-08,104,659.9815356811113,735.9747469004242,763.6681335364018
California,gradual,2001-08,105,662.1484168395226,738.4357896122784,765.4405304493351
California,gradual,2001-08,106,663.7597886910835,741.003843308575,764.6697678014652
California,gradual,2001-08,107,665.7017738233269,741.5788121791818,771.3660784319347
California,gradual,2001-08,108,667.4468156205124,742.5655110083621,770.4709768174237
California,gradual,2001-08,109,668.9021281327566,744.53679162947,772.4791661015461
California,gradual,2001-08,110,670.6364495842612,746.1390484736812,772.0020315239343
California,gradual,2001-08,111,672.499918673938,746.9894041163809,774.2580062351985
California,gradual,2001-08,112,674.1908178730382,748.3780629444113,774.2995956659254
California,gradual,2001-08,113,676.0755337985363,749.7185448126918,774.0212798497909
California,gradual,2001-08,114,677.4288302751409,751.2386450495733,776.7818274248007
California,gradual,2001-08,115,678.6998278155252,751.5250366545721,777.1810173643777
California,gradual,2001-08,116,680.2888148193498,754.1687202655992,779.5777280921556
California,gradual,2001-08,117,681.8331028030539,753.9988827001755,780.3914236910138
California,gradual,2001-08,118,683.567775003051,755.0873681601764,781.0966155689482
California,gradual,2001-08,119,684.70897017533,756.1782346530528,782.1334544065608
California,gradual,2001-08,120,686.3640876720926,757.4995147719122,780.8346218776671
California,gradual,2001-08,121,688.1267985980985,759.2269510423241,788.2147517640393
California,gradual,2001-08,122,689.3953364314164,760.629534027628,787.0965885168222
California,gradual,2001-08,123,690.9182294095611,761.8621603801317,789.4828930577188
California,gradual,2001-08,124,692.3038690974071,763.9740830738743,789.8026121680011
California,gradual,2001-08,125,693.566274683044,763.6711272938298,788.625480631343
California,gradual,2001-08,126,695.0639239005518,765.5216556388609,790.4840937964635
California,gradual,2001-08,127,696.5649106972605,767.6168405599149,797.3166073441221
California,gradual,2001-08,128,698.0700789545836,769.5550944110006,796.0465960812211
California,gradual,2001-08,129,699.5164732218233,771.4471361002809,797.7021338612811
California,gradual,2001-08,130,701.1281986570833,773.2845008473271,798.7093521647278
California,gradual,2001-08,131,702.3842417066065,772.6001562820362,800.157093078605
California,gradual,2001-08,132,703.6999802382081,772.718506170973,797.9611078126819
California,gradual,2001-08,133,705.237593817283,774.6962105738194,801.9337939927182
California,gradual,2001-08,134,706.6314527967382,775.0810646959679,800.5611658268219
California,gradual,2001-08,135,708.4251420336666,776.0600620376897,803.8658085383158
California,gradual,2001-08,136,710.1505425770973,778.6825229101003,804.0871419176757
California,gradual,2001-08,137,711.5367722944868,780.5571066334707,804.790659828162
California,gradual,2001-08,138,712.8929371200221,781.4231907649407,808.1355849381473
California,gradual,2001-08,139,714.0094267555103,783.2101051162722,808.9465460064085
California,gradual,2001-08,140,715.337000806359,782.5056001329797,808.2400782299035
California,gradual,2001-08,141,716.7052548899611,783.9206912437558,808.8826579973623
California,gradual,2001-08,142,718.1477221775685,786.5186945861941,809.7530715982308
California,gradual,2001-08,143,719.2904955855233,786.0594337359751,814.2393248284184
California,gradual,2001-08,144,720.2461280805935,787.6777846608111,813.8179271258451
California,gradual,2001-08,145,721.3885139386206,788.715631810236,815.1321100604183
California,gradual,2001-08,146,722.5903160423645,791.0858708433884,815.4585204726775
California,gradual,2001-08,147,723.943936647272,792.4574238771557,815.8022703948247
California,gradual,2001-08,148,725.6131341519815,793.4725667846741,818.1738167754215
California,gradual,2001-08,149,726.8259173170967,795.0563802297181,820.2600155412864
California,gradual,2001-08,150,728.3347761786251,796.496301641856,821.121536887016
California,gradual,2001-08,151,729.3308828534256,796.7772567233352,820.5908816586635
California,gradual,2001-08,152,730.6432691205356,797.9957331002187,822.3924690546694
California,gradual,2001-08,153,731.5937178316375,798.9651438303711,825.2389268774731
California,gradual,2001-08,154,733.0648932718232,800.9447247065727,823.9534193685716
California,gradual,2001-08,155,734.0823548980186,801.3169840928961,823.6474211227669
California,gradual,2001-08,156,735.4946370711075,801.5624228354726,824.3092905336837
California,gradual,2001-08,157,736.6465041444872,802.3428032787624,828.2417344715885
California,gradual,2001-08,158,737.8921512842355,803.1023755300807,830.8092077766471
California,gradual,2001-08,159,739.0260637300752,803.9489764034327,830.7136378370251
California,gradual,2001-08,160,740.139190813922,804.1707512533804,828.4934431598036
California,gradual,2001-08,161,741.271452813774,805.9111296038112,830.3107853690269
California,gradual,2001-08,162,742.3870111496516,807.7179884935802,831.2172636874717
California,gradual,2001-08,163,743.4874526736905,808.277899625107,832.2704520860447
California,gradual,2001-08,164,744.5684989620277,808.8951171165518,831.6908553205915
California,gradual,2001-08,165,745.6576572861809,809.7472979038884,833.5566630041205
California,gradual,2001-08,166,746.4935065488181,810.564116530222,836.8173136721293
California,gradual,2001-08,167,747.5393855828344,812.8947391601671,835.7221547805196
California,gradual,2001-08,168,748.7399522258236,813.8624392832012,836.416145071634
California,gradual,2001-08,169,749.5765395280467,813.8532154842644,835.7602232894014
California,gradual,2001-08,170,750.8609717654155,815.7973474964813,836.7092273262944
California,gradual,2001-08,171,751.889698584401,816.1527473467795,838.5165047670629
California,gradual,2001-08,172,753.152047596282,817.5618961272115,839.044040472084
California,gradual,2001-08,173,754.512563239581,819.544563341435,840.4105238611223
California,gradual,2001-08,174,755.721415802255,821.1573110079324,840.7406696958659
California,gradual,2001-08,175,756.9947122990834,822.1895852587359,839.8704937706547
California,gradual,2001-08,176,757.8757144671424,821.9759789575988,841.1338485498643
California,gradual,2001-08,177,759.0477083830962,822.2190632179263,843.5981055598243
California,gradual,2001-08,178,760.1570870368323,822.5874222439993,845.6060350716253
California,gradual,2001-08,179,760.971469102775,824.2346106989942,846.9419548826713
California,gradual,2001-08,180,761.8822056188419,825.99744515804,847.5073100093874
California,gradual,2001-08,181,762.6937426131162,826.3909618387395,849.1235946598312
California,gradual,2001-08,182,763.8938836989419,826.2034915837988,847.3103511154842
California,gradual,2001-08,183,765.0451309525131,826.4359806281199,848.516058989299
California,gradual,2001-08,184,765.8967880235409,825.8813759899285,848.2007667864465
California,gradual,2001-08,185,767.1342701594365,827.2860472342592,846.9484467236986
California,gradual,2001-08,186,768.2167378726006,828.7367555311386,849.8285050404334
California,gradual,2001-08,187,769.347752923587,829.9283529840969,850.4353819212092
California,gradual,2001-08,188,770.3141552580562,831.160114638972,852.6894752687151
California,gradual,2001-08,189,771.0165613911735,831.689602521197,853.910525735148
California,gradual,2001-08,190,771.8400121357879,830.8134821572559,852.8578177008758
California,gradual,2001-08,191,772.9545474388731,832.3417195498008,854.4118579406227
California,gradual,2001-08,192,773.9907935127444,833.2399223749969,857.5177310346681
California,gradual,2001-08,193,775.0063600775883,835.5163939173551,857.5853262124283
California,gradual,2001-08,194,776.2140171791285,837.2505190980846,857.998395463582
California,gradual,2001-08,195,777.4909479160026,837.263016509306,860.065497096667
California,gradual,2001-08,196,778.5470268671867,838.763273666912,859.481814845014
California,gradual,2001-08,197,779.5046534518597,838.5318040922281,859.0151362877867
California,gradual,2001-08,198,780.791029562387,840.6536331626854,861.779178530316
California,gradual,2001-08,199,781.7628136922057,840.8992303695563,862.5720046988882
California,gradual,2001-08,200,782.6975698404459,841.5117820921,862.6387935130969
California,gradual,2009-16,0,0,0,0
California,gradual,2009-16,1,19.81537021514698,75.76725468771495,115.22728500066903
California,gradual,2009-16,2,39.27507549075109,121.57366420396853,153.2014634787285
California,gradual,2009-16,3,58.20368473115119,143.51029663396395,191.58210148413167
California,gradual,2009-16,4,76.20867469301484,170.75122360732547,227.5311615755561
California,gradual,2009-16,5,93.57362960691596,197.51596595798483,251.22504868046235
California,gradual,2009-16,6,110.39584061040468,217.98417009240393,278.55203780516524
California,gradual,2009-16,7,127.02382877420062,239.4521189934075,291.66672572462426
California,gradual,2009-16,8,142.66976676064314,258.9712763034895,317.23440589223463
California,gradual,2009-16,9,158.23658457254348,273.1306545778721,330.3132278071345
California,gradual,2009-16,10,173.63702693756696,291.6863332153732,346.57064158674507
California,gradual,2009-16,11,188.15099377483125,309.4660401620393,361.0646147492989
California,gradual,2009-16,12,202.3239530582595,326.34585229491233,383.99894683431734
California,gradual,2009-16,13,215.93756822893835,341.26775205547045,399.162262856807
California,gradual,2009-16,14,229.09822068799443,356.10971984413845,414.9924748177105
California,gradual,2009-16,15,241.51516170017518,367.07705640102307,424.39011629793777
California,gradual,2009-16,16,253.5593225164583,377.82076742179123,439.03381529073226
California,gradual,2009-16,17,264.9356249625973,389.62329227753963,443.5382425573226
California,gradual,2009-16,18,276.3814876969807,403.5773252345219,460.4181855146276
California,gradual,2009-16,19,287.2041099519398,412.2442340919523,468.0014561190173
California,gradual,2009-16,20,297.76016699536183,422.073981469064,478.89180358012453
California,gradual,2009-16,21,308.56044538899755,433.6902562844478,484.57748904492865
California,gradual,2009-16,22,318.51546559637063,441.7154459966432,491.5603589783669
California,gradual,2009-16,23,327.84130265354554,453.2423426989166,498.6827155775579
California,gradual,2009-16,24,337.7274035541929,460.90567788399244,506.67126245931314
California,gradual,2009-16,25,346.7633896462186,469.365013037334,515.115872499279
California,gradual,2009-16,26,355.9625026987686,476.44138511167904,523.6735860951084
California,gradual,2009-16,27,364.3383354198657,485.25206787401567,530.1473647336438
California,gradual,2009-16,28,372.86635119844374,494.94066461618286,536.648837395424
California,gradual,2009-16,29,380.7764892615918,500.6977969011749,542.7256529674266
California,gradual,2009-16,30,388.374664163249,507.27386488656214,553.1266460935278
California,gradual,2009-16,31,396.3387560867507,513.8163895267796,563.0978126528886
California,gradual,2009-16,32,403.5439003382133,522.7359601465722,566.8879939178273
California,gradual,2009-16,33,410.2755227093042,527.5398104249855,574.0629334938428
California,gradual,2009-16,34,416.78569934413275,532.4814800177302,577.1373185834271
California,gradual,2009-16,35,423.53303156294055,536.8534939790369,587.9585942819895
California,gradual,2009-16,36,430.4020441591777,543.0933470868275,587.9607927132917
California,gradual,2009-16,37,435.99930922733193,548.6216588999372,591.6761333963616
California,gradual,2009-16,38,441.57821294222464,554.9110624344285,595.3372428355551
California,gradual,2009-16,39,447.5874791425138,557.947825690842,600.6954993220327
California,gradual,2009-16,40,453.76623347661433,561.9655628009556,608.3272467185461
California,gradual,2009-16,41,459.2092327784978,569.1715641374686,607.9804160944169
California,gradual,2009-16,42,464.3973138521175,570.8204694177676,610.7634162236407
California,gradual,2009-16,43,469.1185356794018,576.3153418034623,614.2008263265516
California,gradual,2009-16,44,474.0970639169798,579.6190418129166,618.9860819595048
California,gradual,2009-16,45,478.8047962382161,583.7797112380435,621.7979924132023
California,gradual,2009-16,46,483.9935750637701,589.165090738977,623.5284480101666
California,gradual,2009-16,47,488.15423968828463,592.203307786147,628.7531730578252
California,gradual,2009-16,48,493.02822563954726,595.3085128376913,634.5815533078903
California,gradual,2009-16,49,497.84759623718685,598.2951012905878,635.1694131220464
California,gradual,2009-16,50,502.07217218594155,603.3769279261471,639.4820414516564
California,gradual,2009-16,51,506.3996521335684,606.0818372682405,645.4184371439718
California,gradual,2009-16,52,510.2739281498291,610.0479363992068,649.0398490184303
California,gradual,2009-16,53,514.4923199621142,614.2896300659493,652.5349418293628
California,gradual,2009-16,54,518.2354845719734,618.7069881179178,656.0618831573191
California,gradual,2009-16,55,521.9902045311152,621.6057334679568,660.692745031517
California,gradual,2009-16,56,525.8945014682305,623.140569047494,661.0795131959346
California,gradual,2009-16,57,529.4739542560388,627.2190480157786,664.4864920961459
California,gradual,2009-16,58,532.9556454668673,629.011278633842,663.0693757443267
California,gradual,2009-16,59,536.3183973354493,629.9186868508797,666.2497361498791
California,gradual,2009-16,60,539.7395847333152,633.5015253782053,670.4123630544484
California,gradual,2009-16,61,543.37504363262,639.0628755757939,672.7207871416011
California,gradual,2009-16,62,546.5956600164451,639.988358834467,676.3918315993772
California,gradual,2009-16,63,549.762525696517,642.2812433523434,677.7185113707104
California,gradual,2009-16,64,552.693659478979,644.4352287982226,681.7761609278563
California,gradual,2009-16,65,555.7427225414664,648.3884697575797,683.151647926722
California,gradual,2009-16,66,558.8059354448171,650.9178000128178,687.7719246528557
California,gradual,2009-16,67,562.0575357220631,652.3453313858174,684.9528375337958
California,gradual,2009-16,68,565.2555117667696,653.9842945401407,685.703889785109
California,gradual,2009-16,69,568.0110200980481,656.9401277392293,688.89169734314
California,gradual,2009-16,70,570.6454222624909,658.3018632093393,695.6750458199147
California,gradual,2009-16,71,573.3441621657346,661.7310189039591,696.9523432538679
California,gradual,2009-16,72,575.5805061288828,665.9897481033793,696.7207117789075
California,gradual,2009-16,73,578.1819087637032,667.2313985388098,697.8039785563719
California,gradual,2009-16,74,580.6107746932308,668.963647773154,703.0757795942452
California,gradual,2009-16,75,582.886164982498,671.2228423216701,701.6098728211363
California,gradual,2009-16,76,585.6852242638402,673.3513871697849,707.6947014569039
California,gradual,2009-16,77,588.2243395067779,675.5192113740964,711.8900073782022
California,gradual,2009-16,78,590.624259425684,676.7134089821947,711.624325994509
California,gradual,2009-16,79,593.227159206254,680.0657121725623,711.8100287876807
California,gradual,2009-16,80,595.3530584773011,683.4157671954392,715.7050502992086
California,gradual,2009-16,81,597.8877511884057,684.4746030710818,716.717217323938
California,gradual,2009-16,82,600.0358550341183,686.045639338602,717.9709239001212
California,gradual,2009-16,83,602.4227987370375,688.9653406293619,720.9275764964726
California,gradual,2009-16,84,604.6013320904829,691.3216611523037,724.3346110462579
California,gradual,2009-16,85,606.8944145377687,692.352901999314,725.1644915750367
California,gradual,2009-16,86,609.1124369231021,695.3187574738829,727.5508606530327
California,gradual,2009-16,87,610.9473319817782,697.3510387279573,733.0055665416337
California,gradual,2009-16,88,613.3197797306331,697.9775280365757,734.5255165666899
California,gradual,2009-16,89,615.234980823129,699.9568994362385,732.7121311801674
California,gradual,2009-16,90,617.3103337920529,701.3393563282023,737.7669190187014
California,gradual,2009-16,91,619.1537215751206,702.8960211992303,736.3258329039853
California,gradual,2009-16,92,621.3769227224067,705.6333851818872,737.0312966529897
California,gradual,2009-16,93,623.3739429612165,706.8422937416542,738.3180326492856
California,gradual,2009-16,94,625.1645567929609,707.588272087636,739.5191443463332
California,gradual,2009-16,95,627.167926062229,712.127244083439,741.0239996355742
California,gradual,2009-16,96,628.9689527943028,714.1795189679884,741.4347809159644
California,gradual,2009-16,97,630.7454743780494,713.6220075505144,742.7357519854395
California,gradual,2009-16,98,632.8225956465263,715.219065120807,746.4765876036433
California,gradual,2009-16,99,634.2776331899854,716.8009204265401,747.4742567111805
California,gradual,2009-16,100,635.9911581318358,717.2268051214993,745.8290367949772
California,gradual,2009-16,101,637.7801965780682,719.313949020536,747.0714488461525
California,gradual,2009-16,102,639.314869832131,720.9061777294484,748.5494787814887
California,gradual,2009-16,103,640.7716778361714,721.5550163125088,750.7743703315923
California,gradual,2009-16,104,642.4433934354582,723.3233275026063,751.2500535919262
California,gradual,2009-16,105,644.5534202227693,725.0805579936421,753.3994297349151
California,gradual,2009-16,106,646.0738803801252,727.2910917499689,752.8454349665421
California,gradual,2009-16,107,647.9514236013251,727.9108294903347,759.1565498101279
California,gradual,2009-16,108,649.6204745978872,729.423223766445,758.4638863357932
California,gradual,2009-16,109,650.9832480354323,731.3162491609799,759.7137893683372
California,gradual,2009-16,110,652.6396118052843,732.9543919966841,759.1131594981996
California,gradual,2009-16,111,654.4388028493394,733.2835893619634,763.0073715733414
California,gradual,2009-16,112,656.0543682326556,734.2083511740074,762.5102379659965
California,gradual,2009-16,113,657.8814033621138,736.1373192035458,762.6398233914185
California,gradual,2009-16,114,659.1466208395952,736.9218492469087,764.9329522242633
California,gradual,2009-16,115,660.3253206054636,737.3660957121712,764.7946632267863
California,gradual,2009-16,116,661.8459893223047,739.8720696208436,767.3432624064483
California,gradual,2009-16,117,663.3147232065023,740.0334528464364,768.1060659821629
California,gradual,2009-16,118,664.9842511748556,740.3571903307147,768.3412854710577
California,gradual,2009-16,119,666.0315836333418,741.7222102525794,769.3792657062735
California,gradual,2009-16,120,667.6298793820695,742.3984646055073,767.9975811089977
California,gradual,2009-16,121,669.3414615054477,745.1930372961931,774.1619061742264
California,gradual,2009-16,122,670.5329632070918,746.3377662124559,773.511877371425
California,gradual,2009-16,123,671.9872949314371,747.0169361184112,776.7577742762759
California,gradual,2009-16,124,673.301334605875,749.0351911166744,777.6389410471327
California,gradual,2009-16,125,674.4868236364479,749.5530652078369,775.354684399512
California,gradual,2009-16,126,675.9191713574833,751.0506949430843,776.9884555054654
California,gradual,2009-16,127,677.3595294589053,753.1708503612939,784.0960273818837
California,gradual,2009-16,128,678.8075449870569,755.049930419982,783.0841268137148
California,gradual,2009-16,129,680.1942227393096,756.2666506819155,785.023256274276
California,gradual,2009-16,130,681.7494253763426,757.7505415994017,785.9190870052576
California,gradual,2009-16,131,682.9325602952297,757.7914952230026,786.1775426989193
California,gradual,2009-16,132,684.1830377772899,758.1065478416944,784.6414172565569
California,gradual,2009-16,133,685.6723310419239,759.9303742175655,788.1870809896221
California,gradual,2009-16,134,687.0057567694795,759.8133871860172,787.852445406538
California,gradual,2009-16,135,688.767002865193,760.9584427932148,791.7035305140705
California,gradual,2009-16,136,690.4631526069817,763.9575977810516,790.8242749389447
California,gradual,2009-16,137,691.7990428753722,765.9058953039864,791.7833473956762
California,gradual,2009-16,138,693.1032008184608,766.2506405936501,794.6340717960704
California,gradual,2009-16,139,694.1486604502339,768.6690550996694,796.4098233012965
California,gradual,2009-16,140,695.4196109504655,767.3557107558476,794.9420086871825
California,gradual,2009-16,141,696.7351534277308,768.5883780126367,795.0520689270238
California,gradual,2009-16,142,698.1347794160328,771.0551086283159,796.9444402818219
California,gradual,2009-16,143,699.2147951381908,771.0210747285406,800.2320540931942
California,gradual,2009-16,144,700.0957605612375,772.5878274629521,801.3113235870798
California,gradual,2009-16,145,701.1738408562748,773.4146798482296,801.2476656429576
California,gradual,2009-16,146,702.3207245036621,775.6706588879136,802.0144379280064
California,gradual,2009-16,147,703.6290383264675,777.3886097852549,802.3259896479077
California,gradual,2009-16,148,705.2780832094214,778.0793962015562,803.9045433585721
California,gradual,2009-16,149,706.4363852755015,779.7952092042583,806.7809839045176
California,gradual,2009-16,150,707.9098396375822,781.0906026538424,808.0361808336227
California,gradual,2009-16,151,708.8453197797306,781.4783565548685,806.6840313878128
California,gradual,2009-16,152,710.1202990272052,783.3145606811261,809.7506938072726
California,gradual,2009-16,153,711.0085220382454,783.1125589189528,811.0016174959634
California,gradual,2009-16,154,712.4524240204972,785.3008694019428,810.3889321887303
California,gradual,2009-16,155,713.4115284766407,785.6883941839784,808.584436548946
California,gradual,2009-16,156,714.7949701680775,786.0670244576861,810.05076847314
California,gradual,2009-16,157,715.8994424453663,786.6336806482417,814.3536156257823
California,gradual,2009-16,158,717.1103015086887,787.7193035115919,817.7383733014988
California,gradual,2009-16,159,718.194926704071,788.3546591676416,817.1454032657754
California,gradual,2009-16,160,719.2564463153019,788.9956784233433,814.915745892912
California,gradual,2009-16,161,720.3446887042129,790.8121601959406,817.5837233458136
California,gradual,2009-16,162,721.4158837587146,792.4645564131654,818.0867279722988
California,gradual,2009-16,163,722.4682194885955,792.7045747542537,819.6008225548525
California,gradual,2009-16,164,723.5048851220649,793.0220742545646,818.0319661400397
California,gradual,2009-16,165,724.5481466600662,794.1489696303248,819.9333704586513
California,gradual,2009-16,166,725.3205071042713,795.4130911522144,822.4946323135557
California,gradual,2009-16,167,726.3230157083749,797.628700383378,822.2422124276933
California,gradual,2009-16,168,727.4969423138733,798.568979402405,823.1581885597836
California,gradual,2009-16,169,728.2737660238432,798.0836492954345,822.0921389298545
California,gradual,2009-16,170,729.5361460329535,800.2181329307098,823.4060107640478
California,gradual,2009-16,171,730.5264987126158,800.2752348271398,824.6743115660634
California,gradual,2009-16,172,731.768725910765,802.045569346863,824.3537921215808
California,gradual,2009-16,173,733.1144843807942,804.116554130645,827.0886226378543
California,gradual,2009-16,174,734.2982457449391,805.1916349279826,827.3524469753436
California,gradual,2009-16,175,735.5578598005229,805.8106932828304,825.275219676167
California,gradual,2009-16,176,736.3899704839447,806.1495941515138,827.077959280455
California,gradual,2009-16,177,737.5361674579387,806.1770008378548,829.7355585659731
California,gradual,2009-16,178,738.6235117817474,807.0533016214519,832.4065282013684
California,gradual,2009-16,179,739.3868906976445,808.6960954298088,832.8865646118178
California,gradual,2009-16,180,740.2545299999014,809.6692139876396,833.5511425474061
California,gradual,2009-16,181,741.0121430813057,810.676111567209,835.5070577490529
California,gradual,2009-16,182,742.1940332226332,810.0378483459845,833.6045163745179
California,gradual,2009-16,183,743.3255011056864,810.3663947074812,835.0729911436296
California,gradual,2009-16,184,744.1345299472646,809.6302420261742,833.5776962519066
California,gradual,2009-16,185,745.3613827406883,811.7484774458438,832.8166970995675
California,gradual,2009-16,186,746.4182800233114,812.9512900187141,835.8110794316915
California,gradual,2009-16,187,747.5331142350668,814.0985597235639,837.0700878794266
California,gradual,2009-16,188,748.4692888042811,814.9553208745299,838.605626498305
California,gradual,2009-16,189,749.1215027781309,815.5052800856397,840.4344398209132
California,gradual,2009-16,190,749.9070854400338,815.2824182166132,839.118360528413
California,gradual,2009-16,191,751.0086408610916,816.2272803154787,840.1368831853982
California,gradual,2009-16,192,752.0241931547304,817.026026893557,843.7192786035237
California,gradual,2009-16,193,753.0199095823848,820.0344639943077,843.219019580275
California,gradual,2009-16,194,754.2289102110354,821.3011885971439,843.3826615722126
California,gradual,2009-16,195,755.5142654261549,821.4259678807323,846.6076603949176
California,gradual,2009-16,196,756.5593177271252,822.6544274270652,846.4234942827754
California,gradual,2009-16,197,757.493369473591,822.5374360874036,845.1375351666135
California,gradual,2009-16,198,758.7941544300539,824.8361737945095,848.3250650904997
California,gradual,2009-16,199,759.7510316052613,825.6661451123268,849.3182040302524
California,gradual,2009-16,200,760.6649296089909,826.0683112461088,848.2160585189456
California,gradual,2017-25,0,0,0,0
California,gradual,2017-25,1,20.24707103494254,76.33221326883677,115.7681227281967
California,gradual,2017-25,2,40.77422781756537,122.89423433567404,150.52341257134933
California,gradual,2017-25,3,60.06403116382082,147.1354598823163,192.56459709370284
California,gradual,2017-25,4,78.64731623004549,172.6263762804409,223.3069132807297
California,gradual,2017-25,5,96.40050273900721,198.95161549369743,252.09522269010304
California,gradual,2017-25,6,113.37083250779862,220.35780158442535,276.1980073295654
California,gradual,2017-25,7,130.09072650117997,244.36574538221967,293.9271237551227
California,gradual,2017-25,8,146.77991881633753,259.6597943294017,314.1180798630414
California,gradual,2017-25,9,162.07569153413397,278.09143438949985,332.37566797906635
California,gradual,2017-25,10,177.52976233135632,293.45950218583675,344.8243171893605
California,gradual,2017-25,11,192.47065967054985,311.0087536696653,367.54923414735083
California,gradual,2017-25,12,206.92220308647111,327.3254626189761,387.134552347881
California,gradual,2017-25,13,220.36989518315679,340.96042065426326,396.7845875351797
California,gradual,2017-25,14,233.56921632391027,356.92817524693385,412.0474835967776
California,gradual,2017-25,15,246.26770033976862,372.43364588531523,421.6142995200327
California,gradual,2017-25,16,258.85925909070306,382.4132518331374,431.34701340050583
California,gradual,2017-25,17,270.8504692805251,394.4715077743005,441.57978074492434
California,gradual,2017-25,18,282.02540006442393,405.8558763554409,453.88267621967833
California,gradual,2017-25,19,293.0588757695974,416.0226836847763,468.09826038398023
California,gradual,2017-25,20,304.6120906284692,425.9220748141945,477.4673100132546
California,gradual,2017-25,21,314.54319768032263,436.28000374446196,487.7515689961732
California,gradual,2017-25,22,324.5591202026333,445.37738495874993,498.106067133571
California,gradual,2017-25,23,334.42413244198104,454.1825314716905,505.00713935827133
California,gradual,2017-25,24,344.5854415566506,464.39416709429764,511.0829013727767
California,gradual,2017-25,25,354.03978136093946,472.27939379904103,519.5088600167016
California,gradual,2017-25,26,362.9755101454238,477.14853216194,529.7506199776608
California,gradual,2017-25,27,372.0110417121603,486.23874286010516,537.2159831234427
California,gradual,2017-25,28,380.56146990740496,496.11440302638,542.1683314797847
California,gradual,2017-25,29,388.1413339661992,501.63031509017617,548.1393899434329
California,gradual,2017-25,30,395.5892511343706,511.40390780229006,556.8845289269394
California,gradual,2017-25,31,403.3783828610949,519.2505646740801,566.1440635911766
California,gradual,2017-25,32,411.0875228381721,525.5233637223009,567.9516804388325
California,gradual,2017-25,33,417.60597311392576,530.8324845100913,575.8644681907654
California,gradual,2017-25,34,424.56417298288693,537.5259996828394,577.3223972053751
California,gradual,2017-25,35,431.76772957072734,543.5691559384759,582.0822250324918
California,gradual,2017-25,36,437.70479976164825,547.7426586590974,589.422553778257
California,gradual,2017-25,37,444.3213856279992,552.2683101207064,592.546599337029
California,gradual,2017-25,38,450.5804859260824,558.5532235452724,601.3631274214117
California,gradual,2017-25,39,456.63112236934404,563.5178360167512,607.8569573173525
California,gradual,2017-25,40,462.4625161662219,567.9321788434618,610.6181568154863
California,gradual,2017-25,41,468.03194439666487,576.0371432303999,617.3703877147102
California,gradual,2017-25,42,473.5862993505596,580.2831953661334,619.5467848248968
California,gradual,2017-25,43,479.40857412827165,585.8117204531857,626.6429970645393
California,gradual,2017-25,44,484.7440743191127,589.983194998069,629.5358635340717
California,gradual,2017-25,45,489.8625225315497,592.922671347251,631.8296092840011
California,gradual,2017-25,46,494.74479525538146,598.3286979781549,637.3405996965432
California,gradual,2017-25,47,499.76249013128927,603.7054176312789,640.4115968298934
California,gradual,2017-25,48,504.3927023056324,605.7574840524555,642.6313997753358
California,gradual,2017-25,49,508.8045233161833,610.6737227391912,647.8389899263692
California,gradual,2017-25,50,513.3479444526309,612.8551676335476,650.7640221817545
California,gradual,2017-25,51,517.7094719058332,618.0594596244666,654.9634892633854
California,gradual,2017-25,52,521.9420364698148,621.6183269300118,657.8764829369812
California,gradual,2017-25,53,525.6143575873272,625.45087434842,663.2474605050803
California,gradual,2017-25,54,529.8483437360405,628.4361913398955,661.1876823756344
California,gradual,2017-25,55,533.5085474395254,630.9327539403257,666.0968400070419
California,gradual,2017-25,56,537.3759586882443,633.3436214776983,668.0014879924449
California,gradual,2017-25,57,541.2026175665602,637.387429078261,668.3459650693311
California,gradual,2017-25,58,545.3157356279931,640.2422061919369,671.1760406566093
California,gradual,2017-25,59,548.8063649177391,640.9725403646488,674.1543423683036
California,gradual,2017-25,60,552.3930154502984,644.6952484902532,677.6726364559762
California,gradual,2017-25,61,555.765136541233,646.9964853141851,681.827020108702
California,gradual,2017-25,62,559.1401244570058,650.8676044102557,686.9744509425551
California,gradual,2017-25,63,562.5852576161276,651.7688753991811,689.8133388963269
California,gradual,2017-25,64,566.0025560635343,655.049379072381,691.0434226013779
California,gradual,2017-25,65,569.1682300048104,657.6780213184562,690.7186397195343
California,gradual,2017-25,66,572.2134553391343,660.3316440554462,695.0825987539495
California,gradual,2017-25,67,575.2967404197622,664.2068381552774,703.3308156432645
California,gradual,2017-25,68,578.1551650856984,667.9705824926102,700.20455959817
California,gradual,2017-25,69,581.3342635295032,669.1231817115904,703.8457734646727
California,gradual,2017-25,70,584.2727880002008,672.2020905488514,704.2467280993372
California,gradual,2017-25,71,587.2297435873478,674.7117055338695,705.9684925657072
California,gradual,2017-25,72,590.3406824787762,677.1872239928528,710.739816647035
California,gradual,2017-25,73,592.8035823497743,679.401269911816,712.4411425625901
California,gradual,2017-25,74,595.3630935827033,680.725673507707,714.0877954516984
California,gradual,2017-25,75,598.3772042461102,683.2065064536305,715.5596567838278
California,gradual,2017-25,76,600.5834718131807,685.4677555961154,717.494193752403
California,gradual,2017-25,77,603.0991582810676,689.6908602268345,719.7362505655939
California,gradual,2017-25,78,605.5188253673908,689.519904221933,725.0454356937857
California,gradual,2017-25,79,608.0910352211095,691.4338979770941,724.184629353648
California,gradual,2017-25,80,610.8479437941278,694.3577988608088,724.3923702113029
California,gradual,2017-25,81,613.3269047449409,695.56699457059506,726.1636813288732
California,gradual,2017-25,82,615.4535007340487,699.473006447875,726.2761002058286
California,gradual,2017-25,83,617.4972886704709,699.2126700553664,730.6662687705959
California,gradual,2017-25,84,619.8298189661984,701.9553622588745,731.7008566549075
California,gradual,2017-25,85,622.0316982940968,703.4284143414282,734.597723840388
California,gradual,2017-25,86,624.4048977528153,705.7048271764679,737.5209470837069
California,gradual,2017-25,87,626.5115459986968,707.2265468220864,737.1060149003436
California,gradual,2017-25,88,628.5743327271757,709.1086238183732,740.9381998264594
California,gradual,2017-25,89,630.749370424352,711.3990314537951,742.5359106271586
California,gradual,2017-25,90,632.9086912827245,713.8688967338104,739.9555594303548
California,gradual,2017-25,91,634.9167369695098,715.08862001982925,743.2512984232659
California,gradual,2017-25,92,636.8831606444596,718.163450303282,745.9593966617629
California,gradual,2017-25,93,638.6965896539522,719.284714243773,748.7120255945301
California,gradual,2017-25,94,640.4201209602825,721.0019192054815,749.4667099957944
California,gradual,2017-25,95,642.3753411829694,722.9021375826292,751.0123131465133
California,gradual,2017-25,96,644.3449126513353,724.085756963451,749.0069028948682
California,gradual,2017-25,97,645.7845912214306,725.6347854389559,754.0761623981074
California,gradual,2017-25,98,647.3718209316476,725.538885421124,753.9055255436539
California,gradual,2017-25,99,649.4850995250334,727.8119741443028,755.7314198566222
California,gradual,2017-25,100,651.4845519227484,727.4686932616017,755.468283528549
California,gradual,2017-25,101,653.4630923161347,728.7278304554998,757.8830655040712
California,gradual,2017-25,102,655.2514514988252,730.6114387409862,759.5584338180154
California,gradual,2017-25,103,657.1773370654317,733.4108997250509,764.5781998327353
California,gradual,2017-25,104,658.9423656393828,734.3003424499547,765.7587390044149
California,gradual,2017-25,105,660.482028512296,735.9682997186092,765.2321600609753
California,gradual,2017-25,106,662.1159113639228,737.9653205477653,764.0984125442518
California,gradual,2017-25,107,663.7548892077116,738.6007281988532,766.4408568200852
California,gradual,2017-25,108,665.5516310641169,742.3844840500487,769.2157466584948
California,gradual,2017-25,109,667.036387840659,742.7563720472707,771.2223660225042
California,gradual,2017-25,110,668.6905134833061,744.9897633959667,772.9772966163101
California,gradual,2017-25,111,670.1904120971458,746.753936961173,773.7646799943335
California,gradual,2017-25,112,671.850985781021,746.7397759938812,773.8340598197435
California,gradual,2017-25,113,673.7867347611608,747.3962057962156,778.3607272412049
California,gradual,2017-25,114,675.6823157575212,749.8626143215672,778.5596172269463
California,gradual,2017-25,115,677.0101672696077,751.2083319000071,779.8063370756515
California,gradual,2017-25,116,678.6666237579317,753.3612705108189,781.4698081915103
California,gradual,2017-25,117,680.3506142813794,754.5455378289961,782.2728138417664
California,gradual,2017-25,118,681.7743157659511,755.1236983334154,783.6391598360623
California,gradual,2017-25,119,683.3008449021049,757.0986411955944,784.6122246426169
California,gradual,2017-25,120,685.0850577631319,758.9591754058894,787.0566700033163
California,gradual,2017-25,121,686.5380355777553,759.3890681062537,784.711503467563
California,gradual,2017-25,122,688.2079003107797,760.6319209019255,789.4308199997456
California,gradual,2017-25,123,689.1302255946008,761.9794247316596,788.8020821963196
California,gradual,2017-25,124,690.5581332040214,762.6312757493014,787.0117147696376
California,gradual,2017-25,125,691.7872640158912,764.5479920823791,789.699349678995
California,gradual,2017-25,126,693.2915632000819,765.4032433765093,791.5874959874172
California,gradual,2017-25,127,694.6838697440338,766.5142901414918,791.9125542405554
California,gradual,2017-25,128,696.1238437430981,767.0368715233961,795.2519448021848
California,gradual,2017-25,129,697.5334916245423,768.2141337311555,794.3335744725819
California,gradual,2017-25,130,698.9869965138812,771.0370411914369,793.8728887740672
California,gradual,2017-25,131,700.6549647932679,771.9592679844774,796.3338930499929
California,gradual,2017-25,132,701.960894930366,772.4879202592525,798.168526185143
California,gradual,2017-25,133,703.5150519598981,773.3041348532596,801.4630642255875
California,gradual,2017-25,134,704.8704729906459,774.1691773367371,803.2971459602511
California,gradual,2017-25,135,706.4572823553073,774.6927211767278,803.528021595632
California,gradual,2017-25,136,707.8580685929875,776.5076479947636,806.643939517525
California,gradual,2017-25,137,709.0324833155071,777.5891709383692,805.6648628082344
California,gradual,2017-25,138,710.1508939953262,778.6136544972703,805.2281596568515
California,gradual,2017-25,139,711.2501210424571,779.4394041048157,806.6224689232291
California,gradual,2017-25,140,712.4314507440903,780.8690061332885,809.3315072304781
California,gradual,2017-25,141,713.8712364759233,783.3536286073763,807.4214168473789
California,gradual,2017-25,142,715.1785772404972,784.2626586226717,808.0932426007138
California,gradual,2017-25,143,716.5156868766954,784.1375607360192,807.4849070754562
California,gradual,2017-25,144,717.8989774671028,784.2284095789108,810.2330955906843
California,gradual,2017-25,145,719.5595004044162,786.2113776742315,813.0729787151753
California,gradual,2017-25,146,720.9338131900282,788.1899906078506,812.5549880152456
California,gradual,2017-25,147,722.3264559478002,789.5473751532255,813.8415639532476
California,gradual,2017-25,148,723.9059374499947,790.3845030664501,815.700433032105
California,gradual,2017-25,149,725.1585734505456,791.4856747415729,817.5450204828985
California,gradual,2017-25,150,726.3286293966053,792.4845340160489,820.5995990421261
California,gradual,2017-25,151,727.4642801227274,793.2113970113418,816.4968750119566
California,gradual,2017-25,152,728.7341809566138,795.6998378578155,817.095220660457
California,gradual,2017-25,153,729.9058303488239,795.5284653793552,818.8498285485568
California,gradual,2017-25,154,731.3345291287917,797.8121340879201,820.2358141051974
California,gradual,2017-25,155,732.6012900719062,798.6376720509434,820.9485323990231
California,gradual,2017-25,156,733.56856031546,798.8128940694803,823.2099574637687
California,gradual,2017-25,157,734.7109495029172,799.1830256696036,821.3623528839237
California,gradual,2017-25,158,736.1850333691439,801.6104816613935,825.1167973926566
California,gradual,2017-25,159,737.5732131486506,802.9331771928244,824.9383290094845
California,gradual,2017-25,160,738.7119969437795,803.9265617465212,827.5172988387276
California,gradual,2017-25,161,739.7623672256992,805.801350845088,828.1883594710976
California,gradual,2017-25,162,740.9934385130529,805.6950680464531,832.5846423497966
California,gradual,2017-25,163,742.1355685664261,808.1096973339963,831.7750208364764
California,gradual,2017-25,164,743.2102215385885,809.7525794727205,830.3359508276171
California,gradual,2017-25,165,744.2314758975878,809.2175582400242,833.079469002237
California,gradual,2017-25,166,745.3122334567972,809.727782679395,833.3127865501501
California,gradual,2017-25,167,745.9784127942762,812.0576836337531,834.2948237729206
California,gradual,2017-25,168,747.0441857439862,812.1768168296097,835.0031765004474
California,gradual,2017-25,169,748.2188857868692,812.7244054000744,835.8339231442346
California,gradual,2017-25,170,749.5265906115719,813.6829032475167,840.2466975230891
California,gradual,2017-25,171,750.4342282825523,814.33816646929,842.0647290629926
California,gradual,2017-25,172,751.4424102910748,814.8794703116529,840.6465735705907
California,gradual,2017-25,173,752.7197216700405,815.8172523307412,842.0200777349698
California,gradual,2017-25,174,753.7884929217274,817.7832199858277,843.2173153834358
California,gradual,2017-25,175,754.9627422126778,818.8405515930199,841.6406477335615
California,gradual,2017-25,176,756.3637125986138,820.1451621984005,841.6367666484792
California,gradual,2017-25,177,757.5016922901929,820.8525916364916,841.5918648184967
California,gradual,2017-25,178,758.8689876305918,820.8874671123359,842.006606887838
California,gradual,2017-25,179,759.5640659163599,821.0023505362489,842.8002494135734
California,gradual,2017-25,180,760.9482881779767,822.5405645000039,845.7697216346256
California,gradual,2017-25,181,761.8605606366787,824.1329238453206,847.5924928363056
California,gradual,2017-25,182,762.7167113848719,824.8814834535287,847.068900764706
California,gradual,2017-25,183,763.3748377748918,825.7719193238297,847.0656897789315
California,gradual,2017-25,184,764.6232993243926,826.7170489104669,848.3300655804043
California,gradual,2017-25,185,765.5000501394848,826.4992107885371,850.2547377142633
California,gradual,2017-25,186,766.2268462333203,827.4322005732689,849.7522138457913
California,gradual,2017-25,187,767.3427882805519,828.0378928958372,848.1776143742098
California,gradual,2017-25,188,768.2466574141243,828.9459513547235,849.626820555039
California,gradual,2017-25,189,769.382084052429,830.1781229150005,850.622394616798
California,gradual,2017-25,190,770.4842474427109,830.5018030001785,850.70134570061
California,gradual,2017-25,191,771.5019055356245,832.0364811259786,854.9891227128766
California,gradual,2017-25,192,772.5617909582437,832.9970053373335,854.8891533497377
California,gradual,2017-25,193,773.7242122482309,833.236040975605,857.3331980763078
California,gradual,2017-25,194,774.9234558015065,834.9529774765534,858.910219983265
California,gradual,2017-25,195,775.72865446027,835.6212824513991,856.883464243847
California,gradual,2017-25,196,776.6148990341977,836.4830031320344,859.1500219850775
California,gradual,2017-25,197,777.3688532484995,837.2576391761304,857.5087801102347
California,gradual,2017-25,198,778.1843742998229,837.7942627729731,858.6561373104573
California,gradual,2017-25,199,779.6184113886912,839.5633396109628,858.4484338882266
California,gradual,2017-25,200,780.5763662398664,839.8215123362683,860.2937836423541
California,absorbing,Full record (2001-25),0,0,0,0
California,absorbing,Full record (2001-25),1,20.630886512253518,73.63255264960378,113.18372386571274
California,absorbing,Full record (2001-25),2,41.98564262549061,120.25535261437325,177.53386754249956
California,absorbing,Full record (2001-25),3,60.70068057647566,145.94192900531957,228.41199833014514
California,absorbing,Full record (2001-25),4,79.79198873122654,175.69356763195472,1000
California,absorbing,Full record (2001-25),5,97.13093491264695,195.827595580679,1000
California,absorbing,Full record (2001-25),6,113.75135170757994,222.82776134778385,1000
California,absorbing,Full record (2001-25),7,130.13030200270748,245.75581824599004,1000
California,absorbing,Full record (2001-25),8,146.51927560847287,266.8602996706889,1000
California,absorbing,Full record (2001-25),9,163.430635969976,286.54377613882184,1000
California,absorbing,Full record (2001-25),10,177.51903540229108,309.78853444799284,1000
California,absorbing,Full record (2001-25),11,192.6143245406773,324.09072967092624,1000
California,absorbing,Full record (2001-25),12,206.25609039792297,341.3530835786659,1000
California,absorbing,Full record (2001-25),13,219.39994028035488,353.7289391747435,1000
California,absorbing,Full record (2001-25),14,232.39206966647566,375.76694208304883,1000
California,absorbing,Full record (2001-25),15,244.08342001427496,387.612204367102,1000
California,absorbing,Full record (2001-25),16,255.97448475576812,403.9569945515862,1000
California,absorbing,Full record (2001-25),17,267.8013337526485,420.13760683679465,1000
California,absorbing,Full record (2001-25),18,279.7849397450127,435.1604726645132,1000
California,absorbing,Full record (2001-25),19,290.0318700038112,452.2735472535857,1000
California,absorbing,Full record (2001-25),20,301.6124441459808,474.08712631671835,1000
California,absorbing,Full record (2001-25),21,312.25873494729643,507.7155416157766,1000
California,absorbing,Full record (2001-25),22,323.0067836026122,1000,1000
California,absorbing,Full record (2001-25),23,333.4449350739945,1000,1000
California,absorbing,Full record (2001-25),24,341.9128833493889,1000,1000
California,absorbing,Full record (2001-25),25,350.7268488627806,1000,1000
California,absorbing,Full record (2001-25),26,359.19289525407214,1000,1000
California,absorbing,Full record (2001-25),27,368.1141755011971,1000,1000
California,absorbing,Full record (2001-25),28,376.81015734921937,1000,1000
California,absorbing,Full record (2001-25),29,384.8847701155946,1000,1000
California,absorbing,Full record (2001-25),30,392.97323066185896,1000,1000
California,absorbing,Full record (2001-25),31,399.854755400781,1000,1000
California,absorbing,Full record (2001-25),32,407.51683846384117,1000,1000
California,absorbing,Full record (2001-25),33,415.1340557574665,1000,1000
California,absorbing,Full record (2001-25),34,422.685069848402,1000,1000
California,absorbing,Full record (2001-25),35,429.23634101516075,1000,1000
California,absorbing,Full record (2001-25),36,434.77790290974315,1000,1000
California,absorbing,Full record (2001-25),37,441.98663314806055,1000,1000
California,absorbing,Full record (2001-25),38,447.38423065254113,1000,1000
California,absorbing,Full record (2001-25),39,453.37627968065993,1000,1000
California,absorbing,Full record (2001-25),40,458.9376231461716,1000,1000
California,absorbing,Full record (2001-25),41,464.6963150214073,1000,1000
California,absorbing,Full record (2001-25),42,469.7174774981604,1000,1000
California,absorbing,Full record (2001-25),43,474.8326877578313,1000,1000
California,absorbing,Full record (2001-25),44,480.33517446468187,1000,1000
California,absorbing,Full record (2001-25),45,485.410372508363,1000,1000
California,absorbing,Full record (2001-25),46,490.0417269524555,1000,1000
California,absorbing,Full record (2001-25),47,494.6995690521615,1000,1000
California,absorbing,Full record (2001-25),48,499.7342652407873,1000,1000
California,absorbing,Full record (2001-25),49,504.87358009725915,1000,1000
California,absorbing,Full record (2001-25),50,509.0711252791762,1000,1000
California,absorbing,Full record (2001-25),51,512.9847000670209,1000,1000
California,absorbing,Full record (2001-25),52,517.021700149408,1000,1000
California,absorbing,Full record (2001-25),53,521.857035790471,1000,1000
California,absorbing,Full record (2001-25),54,525.3884770836125,1000,1000
California,absorbing,Full record (2001-25),55,528.8495887210621,1000,1000
California,absorbing,Full record (2001-25),56,532.979210603294,1000,1000
California,absorbing,Full record (2001-25),57,536.81924664998985,1000,1000
California,absorbing,Full record (2001-25),58,541.0054605308311,1000,1000
California,absorbing,Full record (2001-25),59,544.1536256736676,1000,1000
California,absorbing,Full record (2001-25),60,547.3371979414876,1000,1000
California,absorbing,Full record (2001-25),61,550.3442373118859,1000,1000
California,absorbing,Full record (2001-25),62,554.1925194014444,1000,1000
California,absorbing,Full record (2001-25),63,557.3512491151336,1000,1000
California,absorbing,Full record (2001-25),64,562.0942147199071,1000,1000
California,absorbing,Full record (2001-25),65,565.2325571327046,1000,1000
California,absorbing,Full record (2001-25),66,568.7251914262561,1000,1000
California,absorbing,Full record (2001-25),67,571.3276067563152,1000,1000
California,absorbing,Full record (2001-25),68,574.4056556571358,1000,1000
California,absorbing,Full record (2001-25),69,576.9463508015343,1000,1000
California,absorbing,Full record (2001-25),70,579.5614324352923,1000,1000
California,absorbing,Full record (2001-25),71,581.9765003581315,1000,1000
California,absorbing,Full record (2001-25),72,584.3987854448103,1000,1000
California,absorbing,Full record (2001-25),73,586.8923328697582,1000,1000
California,absorbing,Full record (2001-25),74,589.3504589430675,1000,1000
California,absorbing,Full record (2001-25),75,591.8603547458206,1000,1000
California,absorbing,Full record (2001-25),76,594.3035315117496,1000,1000
California,absorbing,Full record (2001-25),77,596.8634598295807,1000,1000
California,absorbing,Full record (2001-25),78,599.7144721563237,1000,1000
California,absorbing,Full record (2001-25),79,602.4863973849531,1000,1000
California,absorbing,Full record (2001-25),80,605.0413784507377,1000,1000
California,absorbing,Full record (2001-25),81,607.3657447545414,1000,1000
California,absorbing,Full record (2001-25),82,609.6049494414665,1000,1000
California,absorbing,Full record (2001-25),83,612.3747014146829,1000,1000
California,absorbing,Full record (2001-25),84,614.5203664309371,1000,1000
California,absorbing,Full record (2001-25),85,616.1792288449033,1000,1000
California,absorbing,Full record (2001-25),86,618.3785298438809,1000,1000
California,absorbing,Full record (2001-25),87,620.2933693093996,1000,1000
California,absorbing,Full record (2001-25),88,621.7726360883017,1000,1000
California,absorbing,Full record (2001-25),89,624.060186937196,1000,1000
California,absorbing,Full record (2001-25),90,626.2650684989156,1000,1000
California,absorbing,Full record (2001-25),91,628.5709331818258,1000,1000
California,absorbing,Full record (2001-25),92,630.8725123443018,1000,1000
California,absorbing,Full record (2001-25),93,633.0040053620378,1000,1000
California,absorbing,Full record (2001-25),94,634.8083775415505,1000,1000
California,absorbing,Full record (2001-25),95,636.8842748222626,1000,1000
California,absorbing,Full record (2001-25),96,638.8860422851039,1000,1000
California,absorbing,Full record (2001-25),97,640.6298654163777,1000,1000
California,absorbing,Full record (2001-25),98,643.0605163264133,1000,1000
California,absorbing,Full record (2001-25),99,645.1054305654588,1000,1000
California,absorbing,Full record (2001-25),100,647.0204558042763,1000,1000
California,absorbing,Full record (2001-25),101,648.8396380812288,1000,1000
California,absorbing,Full record (2001-25),102,649.9605009366869,1000,1000
California,absorbing,Full record (2001-25),103,651.835279543501,1000,1000
California,absorbing,Full record (2001-25),104,653.1073134342384,1000,1000
California,absorbing,Full record (2001-25),105,654.587368445243,1000,1000
California,absorbing,Full record (2001-25),106,656.4325975373747,1000,1000
California,absorbing,Full record (2001-25),107,658.241456136436,1000,1000
California,absorbing,Full record (2001-25),108,659.6176141692346,1000,1000
California,absorbing,Full record (2001-25),109,661.2956231518475,1000,1000
California,absorbing,Full record (2001-25),110,662.9537811725654,1000,1000
California,absorbing,Full record (2001-25),111,664.573717854666,1000,1000
California,absorbing,Full record (2001-25),112,665.9904989982481,1000,1000
California,absorbing,Full record (2001-25),113,667.1514191094469,1000,1000
California,absorbing,Full record (2001-25),114,668.9508965149448,1000,1000
California,absorbing,Full record (2001-25),115,670.380905069529,1000,1000
California,absorbing,Full record (2001-25),116,671.8097177449497,1000,1000
California,absorbing,Full record (2001-25),117,672.7188963651985,1000,1000
California,absorbing,Full record (2001-25),118,673.9499471502945,1000,1000
California,absorbing,Full record (2001-25),119,676.0427671871721,1000,1000
California,absorbing,Full record (2001-25),120,677.4039067286711,1000,1000
California,absorbing,Full record (2001-25),121,679.123691602476,1000,1000
California,absorbing,Full record (2001-25),122,680.57873633542,1000,1000
California,absorbing,Full record (2001-25),123,681.7903150309289,1000,1000
California,absorbing,Full record (2001-25),124,683.0776185676174,1000,1000
California,absorbing,Full record (2001-25),125,684.4106079326382,1000,1000
California,absorbing,Full record (2001-25),126,685.86089743909,1000,1000
California,absorbing,Full record (2001-25),127,687.4493682430067,1000,1000
California,absorbing,Full record (2001-25),128,688.4517068303735,1000,1000
California,absorbing,Full record (2001-25),129,689.5625017054709,1000,1000
California,absorbing,Full record (2001-25),130,690.8142948533693,1000,1000
California,absorbing,Full record (2001-25),131,692.0301261263251,1000,1000
California,absorbing,Full record (2001-25),132,693.6282705224588,1000,1000
California,absorbing,Full record (2001-25),133,694.9528055320515,1000,1000
California,absorbing,Full record (2001-25),134,696.3004825761934,1000,1000
California,absorbing,Full record (2001-25),135,697.5579477014991,1000,1000
California,absorbing,Full record (2001-25),136,698.9323550748052,1000,1000
California,absorbing,Full record (2001-25),137,700.1194279370576,1000,1000
California,absorbing,Full record (2001-25),138,701.4941265295909,1000,1000
California,absorbing,Full record (2001-25),139,702.3502047633841,1000,1000
California,absorbing,Full record (2001-25),140,703.5043494955152,1000,1000
California,absorbing,Full record (2001-25),141,704.6965510454717,1000,1000
California,absorbing,Full record (2001-25),142,705.6166060788232,1000,1000
California,absorbing,Full record (2001-25),143,707.1775404523639,1000,1000
California,absorbing,Full record (2001-25),144,708.2398353715364,1000,1000
California,absorbing,Full record (2001-25),145,709.2325820824349,1000,1000
California,absorbing,Full record (2001-25),146,711.0286268548917,1000,1000
California,absorbing,Full record (2001-25),147,712.2664964917188,1000,1000
California,absorbing,Full record (2001-25),148,713.5516041130824,1000,1000
California,absorbing,Full record (2001-25),149,715.0144942928523,1000,1000
California,absorbing,Full record (2001-25),150,716.194234958295,1000,1000
California,absorbing,Full record (2001-25),151,717.32952864225,1000,1000
California,absorbing,Full record (2001-25),152,718.1858998852002,1000,1000
California,absorbing,Full record (2001-25),153,719.7552043926922,1000,1000
California,absorbing,Full record (2001-25),154,720.791427019024,1000,1000
California,absorbing,Full record (2001-25),155,721.7009989344818,1000,1000
California,absorbing,Full record (2001-25),156,723.7445518021299,1000,1000
California,absorbing,Full record (2001-25),157,725.3142808067793,1000,1000
California,absorbing,Full record (2001-25),158,726.4294480390889,1000,1000
California,absorbing,Full record (2001-25),159,727.1072099738731,1000,1000
California,absorbing,Full record (2001-25),160,728.5798744677918,1000,1000
California,absorbing,Full record (2001-25),161,729.3374071334626,1000,1000
California,absorbing,Full record (2001-25),162,730.4179784061599,1000,1000
California,absorbing,Full record (2001-25),163,731.7459534444861,1000,1000
California,absorbing,Full record (2001-25),164,732.7477432978521,1000,1000
California,absorbing,Full record (2001-25),165,733.880147386619,1000,1000
California,absorbing,Full record (2001-25),166,734.9789751348997,1000,1000
California,absorbing,Full record (2001-25),167,736.538426699182,1000,1000
California,absorbing,Full record (2001-25),168,737.5698158362263,1000,1000
California,absorbing,Full record (2001-25),169,738.5379997036066,1000,1000
California,absorbing,Full record (2001-25),170,739.2722425321227,1000,1000
California,absorbing,Full record (2001-25),171,740.2621507804347,1000,1000
California,absorbing,Full record (2001-25),172,741.4662839718101,1000,1000
California,absorbing,Full record (2001-25),173,742.5662282380719,1000,1000
California,absorbing,Full record (2001-25),174,743.647539025523,1000,1000
California,absorbing,Full record (2001-25),175,744.4103343950518,1000,1000
California,absorbing,Full record (2001-25),176,745.3878504870804,1000,1000
California,absorbing,Full record (2001-25),177,747.1618036735169,1000,1000
California,absorbing,Full record (2001-25),178,747.9544452078453,1000,1000
California,absorbing,Full record (2001-25),179,748.9713699546458,1000,1000
California,absorbing,Full record (2001-25),180,750.1397262366968,1000,1000
California,absorbing,Full record (2001-25),181,750.5467278933471,1000,1000
California,absorbing,Full record (2001-25),182,751.3727595634188,1000,1000
California,absorbing,Full record (2001-25),183,753.0501276453134,1000,1000
California,absorbing,Full record (2001-25),184,754.226273185295,1000,1000
California,absorbing,Full record (2001-25),185,755.2855318738112,1000,1000
California,absorbing,Full record (2001-25),186,756.1451070838135,1000,1000
California,absorbing,Full record (2001-25),187,757.6834337398659,1000,1000
California,absorbing,Full record (2001-25),188,758.67400752,1000,1000
California,absorbing,Full record (2001-25),189,759.7607768923838,1000,1000
California,absorbing,Full record (2001-25),190,760.5048415650806,1000,1000
California,absorbing,Full record (2001-25),191,761.67874530974,1000,1000
California,absorbing,Full record (2001-25),192,762.681852342827,1000,1000
California,absorbing,Full record (2001-25),193,763.6763430932333,1000,1000
California,absorbing,Full record (2001-25),194,764.5980349997798,1000,1000
California,absorbing,Full record (2001-25),195,765.7083384895363,1000,1000
California,absorbing,Full record (2001-25),196,766.7082708399824,1000,1000
California,absorbing,Full record (2001-25),197,767.4504553932095,1000,1000
California,absorbing,Full record (2001-25),198,768.4785303282858,1000,1000
California,absorbing,Full record (2001-25),199,769.5575102353317,1000,1000
California,absorbing,Full record (2001-25),200,770.7331008058806,1000,1000
Mato Grosso,fire only,Full record (2001-25),0,0,0,0
Mato Grosso,fire only,Full record (2001-25),1,18.197240128971774,37.76020527754342,46.10602292687383
Mato Grosso,fire only,Full record (2001-25),2,35.66927167961104,63.4089036869836,75.3879890448922
Mato Grosso,fire only,Full record (2001-25),3,52.32147861491735,85.56428244206204,99.76753566870295
Mato Grosso,fire only,Full record (2001-25),4,68.12734479878459,104.76073583022828,120.22861882641992
Mato Grosso,fire only,Full record (2001-25),5,83.74715983226658,123.11653570976819,139.12491156047315
Mato Grosso,fire only,Full record (2001-25),6,98.78449502184702,141.09818536272547,157.236666599104
Mato Grosso,fire only,Full record (2001-25),7,112.86539369202767,155.89484117747077,175.79106338238705
Mato Grosso,fire only,Full record (2001-25),8,126.45708566099655,171.219447500387,191.03707479486383
Mato Grosso,fire only,Full record (2001-25),9,139.54046523967307,185.81380889515412,207.3197531914697
Mato Grosso,fire only,Full record (2001-25),10,152.0078979427342,200.11421572632887,221.09472444374276
Mato Grosso,fire only,Full record (2001-25),11,163.63823708211197,212.04747126389194,235.1105405382826
Mato Grosso,fire only,Full record (2001-25),12,174.8335433375393,224.40087339788494,244.33837041241065
Mato Grosso,fire only,Full record (2001-25),13,185.43615548086817,236.03487430880412,256.82707468104564
Mato Grosso,fire only,Full record (2001-25),14,196.01237247366606,245.32093413292137,267.2713244994131
Mato Grosso,fire only,Full record (2001-25),15,205.71433145927887,255.3405655954596,276.7141723975314
Mato Grosso,fire only,Full record (2001-25),16,215.53264148382402,265.9390169443325,285.7047744107761
Mato Grosso,fire only,Full record (2001-25),17,224.55576958614043,275.0061762846664,295.8647389250432
Mato Grosso,fire only,Full record (2001-25),18,233.23278974729234,283.7900764307184,301.99291046361043
Mato Grosso,fire only,Full record (2001-25),19,241.5183626876943,291.7838538641542,312.8338618092572
Mato Grosso,fire only,Full record (2001-25),20,249.3346376801406,298.54161582237765,320.7404818228776
Mato Grosso,fire only,Full record (2001-25),21,256.97036333692614,307.00466037946177,326.838511853088
Mato Grosso,fire only,Full record (2001-25),22,264.22046610995017,314.54114556576513,336.8106602464834
Mato Grosso,fire only,Full record (2001-25),23,271.3563879504698,320.6625469123775,343.2565889944684
Mato Grosso,fire only,Full record (2001-25),24,278.1939845834173,327.54760286148945,349.9578504952654
Mato Grosso,fire only,Full record (2001-25),25,284.4201031654369,333.8995534701183,355.4156858366176
Mato Grosso,fire only,Full record (2001-25),26,290.51333370421145,339.5114312888307,359.52968429048997
Mato Grosso,fire only,Full record (2001-25),27,296.4701630290989,344.7681218595593,364.7288879257401
Mato Grosso,fire only,Full record (2001-25),28,302.35816163917013,350.2240504371937,372.5396548288449
Mato Grosso,fire only,Full record (2001-25),29,307.77623457249985,356.75437527062917,378.64060751149174
Mato Grosso,fire only,Full record (2001-25),30,313.0455506364128,361.43532743699683,383.08890406077126
Mato Grosso,fire only,Full record (2001-25),31,318.4057285952962,367.8751071258272,388.8705293776271
Mato Grosso,fire only,Full record (2001-25),32,323.328645370558,371.7706901679359,391.3316066505748
Mato Grosso,fire only,Full record (2001-25),33,328.0737255608862,376.1999388903826,395.64545202304083
Mato Grosso,fire only,Full record (2001-25),34,332.41463059210776,380.76767096758806,398.7571360306127
Mato Grosso,fire only,Full record (2001-25),35,336.87274159876694,384.53384335045683,404.80504525012
Mato Grosso,fire only,Full record (2001-25),36,341.0619126990001,389.17003990688517,408.1122593739714
Mato Grosso,fire only,Full record (2001-25),37,344.96824045191215,393.3812189143035,412.6277206429646
Mato Grosso,fire only,Full record (2001-25),38,348.95121899807833,395.9216568122332,416.43585034460443
Mato Grosso,fire only,Full record (2001-25),39,352.69569844769086,400.9705229029771,418.357516160966
Mato Grosso,fire only,Full record (2001-25),40,356.4342481227527,403.3887397869892,421.800203393861
Mato Grosso,fire only,Full record (2001-25),41,360.0435105382295,407.3920613145236,424.51168875098244
Mato Grosso,fire only,Full record (2001-25),42,363.4411789395092,410.07822293271477,428.74769283791704
Mato Grosso,fire only,Full record (2001-25),43,366.6679245843989,412.4382597851486,431.6253707304325
Mato Grosso,fire only,Full record (2001-25),44,369.86695095718625,416.09025849909136,435.4513433098841
Mato Grosso,fire only,Full record (2001-25),45,372.88936030388385,418.4903875784614,438.1729021106728
Mato Grosso,fire only,Full record (2001-25),46,375.88138961566773,420.908188360604,441.1809337176549
Mato Grosso,fire only,Full record (2001-25),47,378.70370611355514,423.8335882190124,443.3773529729714
Mato Grosso,fire only,Full record (2001-25),48,381.4563449374192,426.4379315716636,446.77790896374034
Mato Grosso,fire only,Full record (2001-25),49,383.8612634242267,429.82284001046503,450.516938390618
Mato Grosso,fire only,Full record (2001-25),50,386.32983842621314,432.1236486176319,452.7118258091279
Mato Grosso,fire only,Full record (2001-25),51,388.93048873563674,434.16991166344064,454.16977976854565
Mato Grosso,fire only,Full record (2001-25),52,391.4500960752686,437.13453063533655,456.9442254716639
Mato Grosso,fire only,Full record (2001-25),53,393.88106091762853,440.09939887344524,458.6033106114522
Mato Grosso,fire only,Full record (2001-25),54,396.0810711267648,441.6127789689287,459.11111080036164
Mato Grosso,fire only,Full record (2001-25),55,398.3015227240541,442.619680341988,461.8337833851662
Mato Grosso,fire only,Full record (2001-25),56,400.5178553825381,444.2743760134735,462.852455355484
Mato Grosso,fire only,Full record (2001-25),57,402.587358639558,447.08006577065987,464.4202526354354
Mato Grosso,fire only,Full record (2001-25),58,404.662349884362,449.1723295834402,467.284860161383
Mato Grosso,fire only,Full record (2001-25),59,406.7502751301266,451.65581797762985,470.0777554215752
Mato Grosso,fire only,Full record (2001-25),60,408.85301859067175,453.24591291951407,472.12357480925635
Mato Grosso,fire only,Full record (2001-25),61,410.8225492050486,455.5157034516601,473.80748153336
Mato Grosso,fire only,Full record (2001-25),62,412.5873089422706,457.0566575984453,475.3412377681247
Mato Grosso,fire only,Full record (2001-25),63,414.41041103879974,458.92253299160086,477.8653996855769
Mato Grosso,fire only,Full record (2001-25),64,416.1763798330474,460.8431077179733,479.70713673561954
Mato Grosso,fire only,Full record (2001-25),65,417.6239138172816,462.8244269213272,482.24202848910096
Mato Grosso,fire only,Full record (2001-25),66,419.2231334398579,464.73468656190573,484.7478568968653
Mato Grosso,fire only,Full record (2001-25),67,420.99215951660165,466.622101037146,485.94410199275706
Mato Grosso,fire only,Full record (2001-25),68,422.38529943943934,468.12074728100345,486.0786680812314
Mato Grosso,fire only,Full record (2001-25),69,424.03181235309074,469.5815051779681,488.7603243806129
Mato Grosso,fire only,Full record (2001-25),70,425.62854993787823,470.0983347124649,489.7678448268892
Mato Grosso,fire only,Full record (2001-25),71,427.13108405201393,472.18048371983747,490.07687022247296
Mato Grosso,fire only,Full record (2001-25),72,428.6201837624252,473.5339834284089,490.19222085884905
Mato Grosso,fire only,Full record (2001-25),73,429.89787329212714,474.9051720359726,492.25219541830705
Mato Grosso,fire only,Full record (2001-25),74,431.1784126526788,475.67039887517416,491.99149240820924
Mato Grosso,fire only,Full record (2001-25),75,432.63232543087105,476.29902876171667,494.253919923663
Mato Grosso,fire only,Full record (2001-25),76,433.7963311519972,477.91399636040654,497.9428184780651
Mato Grosso,fire only,Full record (2001-25),77,435.2029115350426,479.2041450539662,498.34754505897905
Mato Grosso,fire only,Full record (2001-25),78,436.58915610703053,481.531139097059,499.5421736353457
Mato Grosso,fire only,Full record (2001-25),79,437.9280963058171,482.44566304851463,500.81073059636674
Mato Grosso,fire only,Full record (2001-25),80,439.0354306204342,484.7057934770211,503.3368431976807
Mato Grosso,fire only,Full record (2001-25),81,440.3798824064366,485.1778935256315,504.22301997198605
Mato Grosso,fire only,Full record (2001-25),82,441.6814034460405,486.65006385068523,504.9707789677955
Mato Grosso,fire only,Full record (2001-25),83,442.9695776324834,487.44192396898313,508.5377211432578
Mato Grosso,fire only,Full record (2001-25),84,444.151566657598,489.7359441197409,507.79775690652076
Mato Grosso,fire only,Full record (2001-25),85,445.1205929980498,490.52286579549514,509.19493212986424
Mato Grosso,fire only,Full record (2001-25),86,446.3715158410869,492.56919494939314,510.5712275840436
Mato Grosso,fire only,Full record (2001-25),87,447.60055551699037,492.5760980696537,510.862302543188
Mato Grosso,fire only,Full record (2001-25),88,448.79142795606657,492.99946522317066,512.1030296637093
Mato Grosso,fire only,Full record (2001-25),89,449.95155003595227,494.76577264864994,510.96578048320606
Mato Grosso,fire only,Full record (2001-25),90,451.1194230177998,496.22232750079667,512.0619903511969
Mato Grosso,fire only,Full record (2001-25),91,452.1664532703168,495.87647288814946,513.8021749839068
Mato Grosso,fire only,Full record (2001-25),92,453.4674234890637,497.9151120904928,514.6884110310804
Mato Grosso,fire only,Full record (2001-25),93,454.4710241859382,498.5509561488437,516.332942634992
Mato Grosso,fire only,Full record (2001-25),94,455.6385590260599,499.1531068918321,516.9059601034452
Mato Grosso,fire only,Full record (2001-25),95,456.68601354031796,500.9580200057263,520.0175443872134
Mato Grosso,fire only,Full record (2001-25),96,457.77125641263257,501.57184422639835,520.3311907091276
Mato Grosso,fire only,Full record (2001-25),97,458.6496050444542,503.45729539286464,520.5400091765181
Mato Grosso,fire only,Full record (2001-25),98,459.4741922736736,503.8358932659778,521.537390600134
Mato Grosso,fire only,Full record (2001-25),99,460.5831197631822,504.5709455859508,521.0086693538625
Mato Grosso,fire only,Full record (2001-25),100,461.63640099227223,506.4116291756543,522.8171588212251
Mato Grosso,fire only,Full record (2001-25),101,462.36295572746565,506.1610900293741,525.4454414298228
Mato Grosso,fire only,Full record (2001-25),102,463.4431330167065,508.44849960672923,525.6814976274466
Mato Grosso,fire only,Full record (2001-25),103,464.4165948026457,509.55764729176855,527.2583590903473
Mato Grosso,fire only,Full record (2001-25),104,465.38684997373076,511.0044823407843,527.7352055390015
Mato Grosso,fire only,Full record (2001-25),105,466.0504094627115,511.16367482131443,529.8809988352341
Mato Grosso,fire only,Full record (2001-25),106,466.79130244623695,512.334862485192,528.7783125318396
Mato Grosso,fire only,Full record (2001-25),107,467.84563414618754,513.0049562183226,532.7082479480946
Mato Grosso,fire only,Full record (2001-25),108,468.7278188564098,513.673762901903,532.6644259318343
Mato Grosso,fire only,Full record (2001-25),109,469.68022139065124,513.311970723452,532.692251915437
Mato Grosso,fire only,Full record (2001-25),110,470.6095223758079,514.7617210170781,533.7923191101681
Mato Grosso,fire only,Full record (2001-25),111,471.6260019281334,517.0880372512054,535.1342684038482
Mato Grosso,fire only,Full record (2001-25),112,472.6114007544553,517.2307099346616,535.5734449152479
Mato Grosso,fire only,Full record (2001-25),113,473.73281754652197,518.5939574289725,536.2435753641234
Mato Grosso,fire only,Full record (2001-25),114,474.7620822968747,521.0867262216935,535.6693005552319
Mato Grosso,fire only,Full record (2001-25),115,475.5607080296471,521.683666838772,537.8268434848974
Mato Grosso,fire only,Full record (2001-25),116,476.59356769403195,523.009537998031,538.1290223549024
Mato Grosso,fire only,Full record (2001-25),117,477.34386260926067,523.3348989729188,539.7368172489563
Mato Grosso,fire only,Full record (2001-25),118,478.04187863110667,523.8095982953112,540.7239782136721
Mato Grosso,fire only,Full record (2001-25),119,478.95234350667175,523.2134100082138,542.2946599527415
Mato Grosso,fire only,Full record (2001-25),120,479.6338188015051,523.6997875571876,542.2595579842507
Mato Grosso,fire only,Full record (2001-25),121,480.32518355093276,525.1858112825129,542.0753449015073
Mato Grosso,fire only,Full record (2001-25),122,481.1317854440218,527.781705659085,542.6342671272132
Mato Grosso,fire only,Full record (2001-25),123,481.8881332409074,527.7764791136965,545.749612500655
Mato Grosso,fire only,Full record (2001-25),124,482.6576103335868,528.4780488787222,546.9797365404899
Mato Grosso,fire only,Full record (2001-25),125,483.4488325004878,528.330904789931,548.9883072486754
Mato Grosso,fire only,Full record (2001-25),126,484.10688543513356,529.7607800104715,548.0128150453799
Mato Grosso,fire only,Full record (2001-25),127,485.0247781776179,530.2741948939929,547.7058266940332
Mato Grosso,fire only,Full record (2001-25),128,485.7799398659663,531.1453168101467,549.7021689749021
Mato Grosso,fire only,Full record (2001-25),129,486.6871279490828,533.2656228109757,548.325498004786
Mato Grosso,fire only,Full record (2001-25),130,487.56976525195677,533.4027601635336,549.5136936604831
Mato Grosso,fire only,Full record (2001-25),131,488.4896906629464,534.5683861191818,552.3965521807372
Mato Grosso,fire only,Full record (2001-25),132,489.616671639637,535.4274436033488,553.1911564872207
Mato Grosso,fire only,Full record (2001-25),133,490.3631631522247,536.288165036138,554.0491934594597
Mato Grosso,fire only,Full record (2001-25),134,491.30146890573394,537.4252930326383,555.3157509020158
Mato Grosso,fire only,Full record (2001-25),135,491.93861865277296,537.2796339473184,554.8679021334863
Mato Grosso,fire only,Full record (2001-25),136,492.9793631155703,538.5088468290248,558.0137034887507
Mato Grosso,fire only,Full record (2001-25),137,494.0110459749875,540.7421881236712,559.4176771481855
Mato Grosso,fire only,Full record (2001-25),138,494.874688420689,540.6165778322154,559.4899296344792
Mato Grosso,fire only,Full record (2001-25),139,495.48471387099596,542.2265443277511,559.2311461926188
Mato Grosso,fire only,Full record (2001-25),140,496.4438657676807,543.2478704503374,561.1237277086441
Mato Grosso,fire only,Full record (2001-25),141,497.26372291896934,544.2260802125963,564.0564199954041
Mato Grosso,fire only,Full record (2001-25),142,498.1804965631663,545.3372935432294,564.8744318678779
Mato Grosso,fire only,Full record (2001-25),143,498.86699238313406,545.3794666495972,564.5016298249819
Mato Grosso,fire only,Full record (2001-25),144,499.72761259259306,546.5386244216501,567.2382916192005
Mato Grosso,fire only,Full record (2001-25),145,500.66452891716887,546.6423984813423,564.9820644385719
Mato Grosso,fire only,Full record (2001-25),146,501.6422654413365,548.981952975688,564.6879300985929
Mato Grosso,fire only,Full record (2001-25),147,502.3996202961537,549.0049552564981,567.19736627633
Mato Grosso,fire only,Full record (2001-25),148,503.1547813077092,550.6513561241558,568.1772497158499
Mato Grosso,fire only,Full record (2001-25),149,503.67597564246256,550.4820966366718,570.0060043063621
Mato Grosso,fire only,Full record (2001-25),150,504.3724959983028,550.9817013612067,569.8603164490429
Mato Grosso,fire only,Full record (2001-25),151,505.1279291654064,551.7465361144704,570.8362370303487
Mato Grosso,fire only,Full record (2001-25),152,506.1820472926133,552.3804142807091,569.8107860887573
Mato Grosso,fire only,Full record (2001-25),153,506.9079819953489,552.9857271559626,572.1666622105222
Mato Grosso,fire only,Full record (2001-25),154,507.7613049951637,554.499936314363,572.4037298537754
Mato Grosso,fire only,Full record (2001-25),155,508.70177251337054,556.2765400913318,573.392211229618
Mato Grosso,fire only,Full record (2001-25),156,509.1868844147492,556.1103725077489,574.0067654090133
Mato Grosso,fire only,Full record (2001-25),157,509.83270695230823,557.2025403313419,574.6291059430982
Mato Grosso,fire only,Full record (2001-25),158,510.57923284366603,558.3656224754862,575.5194213835038
Mato Grosso,fire only,Full record (2001-25),159,511.30917510901065,558.4258598758126,577.3867138108203
Mato Grosso,fire only,Full record (2001-25),160,512.3782433548544,560.3409500163807,578.7418996752434
Mato Grosso,fire only,Full record (2001-25),161,512.9643096720613,560.5122241139704,579.2417650871524
Mato Grosso,fire only,Full record (2001-25),162,513.6044089248979,561.5282932271643,577.2052737856592
Mato Grosso,fire only,Full record (2001-25),163,514.217175648566,560.8494247700481,579.2126159952714
Mato Grosso,fire only,Full record (2001-25),164,514.8526206304714,561.6098754892641,580.0862942969972
Mato Grosso,fire only,Full record (2001-25),165,515.6226586019907,563.6221488941285,579.6613945330986
Mato Grosso,fire only,Full record (2001-25),166,516.2670268170242,563.6480730602268,581.2011347179892
Mato Grosso,fire only,Full record (2001-25),167,516.9198764103871,563.1841542466394,581.9377312303548
Mato Grosso,fire only,Full record (2001-25),168,517.8926722269531,564.3695137928033,581.7192549122424
Mato Grosso,fire only,Full record (2001-25),169,518.654261460582,565.1512729881211,582.5362755527193
Mato Grosso,fire only,Full record (2001-25),170,519.5346888558533,566.8813754967489,584.706829588327
Mato Grosso,fire only,Full record (2001-25),171,520.1962345627738,566.9533423676381,586.5844955935378
Mato Grosso,fire only,Full record (2001-25),172,520.978724049019,568.2986001081147,586.7028661481992
Mato Grosso,fire only,Full record (2001-25),173,521.607092629807,569.2210413370101,588.5701015483542
Mato Grosso,fire only,Full record (2001-25),174,522.3975253688959,570.5563381293921,587.4679465368644
Mato Grosso,fire only,Full record (2001-25),175,523.0725764122268,569.2712775495617,590.0955193512847
Mato Grosso,fire only,Full record (2001-25),176,524.0171202963568,570.207219054629,590.8339804955758
Mato Grosso,fire only,Full record (2001-25),177,524.7331618463364,571.7604928988704,591.4517233086481
Mato Grosso,fire only,Full record (2001-25),178,525.3841553152881,572.2323791829447,592.4626278272124
Mato Grosso,fire only,Full record (2001-25),179,526.115638672967,573.734930963222,594.2904185132461
Mato Grosso,fire only,Full record (2001-25),180,526.6876623961919,575.263890367124,594.3857657974747
Mato Grosso,fire only,Full record (2001-25),181,527.4881109000657,575.6664522003344,596.3392993965659
Mato Grosso,fire only,Full record (2001-25),182,528.1728056907345,574.9979493747496,594.9370354460078
Mato Grosso,fire only,Full record (2001-25),183,528.7946224595219,575.2192336692125,596.2657590622158
Mato Grosso,fire only,Full record (2001-25),184,529.5851857723621,576.4162068890168,594.6662328584798
Mato Grosso,fire only,Full record (2001-25),185,530.3907425019271,577.1005049630763,593.4538867589181
Mato Grosso,fire only,Full record (2001-25),186,531.0474481130975,577.3006397838576,596.3219768408981
Mato Grosso,fire only,Full record (2001-25),187,531.5867297159622,578.8291928398095,595.3016505643328
Mato Grosso,fire only,Full record (2001-25),188,532.1182560631239,579.6015525711691,596.3765086145629
Mato Grosso,fire only,Full record (2001-25),189,532.7650343736817,580.3949791748562,596.1562535068163
Mato Grosso,fire only,Full record (2001-25),190,533.6445870532499,579.9571777135747,597.4777397904437
Mato Grosso,fire only,Full record (2001-25),191,534.2641299510683,581.6359338510119,597.568911858858
Mato Grosso,fire only,Full record (2001-25),192,534.9820299850142,582.0414774498255,599.4603734647646
Mato Grosso,fire only,Full record (2001-25),193,535.8961292922421,583.5966692775785,599.9700490387739
Mato Grosso,fire only,Full record (2001-25),194,536.4536763594588,583.340791907589,601.4017088357205
Mato Grosso,fire only,Full record (2001-25),195,536.9637249229991,583.6734952927447,600.8015584817699
Mato Grosso,fire only,Full record (2001-25),196,537.5390163485821,585.1338749583977,602.3670685524278
Mato Grosso,fire only,Full record (2001-25),197,538.3321977556529,584.8851888994272,603.4198628913693
Mato Grosso,fire only,Full record (2001-25),198,539.0433994152679,585.2025081572796,602.8719018627019
Mato Grosso,fire only,Full record (2001-25),199,540.0795309249133,586.9318014847365,605.7004407166572
Mato Grosso,fire only,Full record (2001-25),200,540.5952021103985,587.3606303190865,605.2654462362905
Mato Grosso,gradual,Full record (2001-25),0,0,0,0
Mato Grosso,gradual,Full record (2001-25),1,25.793982622400165,49.375852895442996,56.46179323889755
Mato Grosso,gradual,Full record (2001-25),2,50.47359265292133,79.77736013796905,94.60327906706101
Mato Grosso,gradual,Full record (2001-25),3,74.46566389681621,108.89774175960933,124.74779121929389
Mato Grosso,gradual,Full record (2001-25),4,97.22366250349747,134.96663972545224,153.3299124811474
Mato Grosso,gradual,Full record (2001-25),5,119.23913694301517,160.14560612711287,176.9336531079425
Mato Grosso,gradual,Full record (2001-25),6,140.17867306358573,182.4687138988341,201.175421699969
Mato Grosso,gradual,Full record (2001-25),7,160.09581716537406,205.275651338915,222.49112600248137
Mato Grosso,gradual,Full record (2001-25),8,179.45470779941715,225.25556529652965,244.25859629202554
Mato Grosso,gradual,Full record (2001-25),9,198.07510503079067,245.4027448905688,266.09104255656933
Mato Grosso,gradual,Full record (2001-25),10,215.84806722755428,264.51720520975385,282.7424293112899
Mato Grosso,gradual,Full record (2001-25),11,232.59986100868014,280.94011244985353,301.4228268308861
Mato Grosso,gradual,Full record (2001-25),12,248.6444434273678,297.98718452697807,318.0830549221104
Mato Grosso,gradual,Full record (2001-25),13,264.26297604225107,314.10695237221273,332.22412137121216
Mato Grosso,gradual,Full record (2001-25),14,279.03766886117234,327.9835995817483,347.6111483424318
Mato Grosso,gradual,Full record (2001-25),15,293.69880948498576,343.1024641678112,363.73571152048856
Mato Grosso,gradual,Full record (2001-25),16,307.4561100323962,357.780847191055,376.06637609323576
Mato Grosso,gradual,Full record (2001-25),17,321.1157775288343,370.0325748289371,388.9949632328523
Mato Grosso,gradual,Full record (2001-25),18,333.95485202353206,382.72864855064347,403.7494957444794
Mato Grosso,gradual,Full record (2001-25),19,346.4221927366133,395.1102510662603,415.6713386866365
Mato Grosso,gradual,Full record (2001-25),20,358.3185508207459,407.10018566780315,425.80475586677073
Mato Grosso,gradual,Full record (2001-25),21,369.8454616143615,418.4738499118831,435.9761546572922
Mato Grosso,gradual,Full record (2001-25),22,380.9295961308633,429.11637061525846,448.39327639107336
Mato Grosso,gradual,Full record (2001-25),23,391.63241662210345,439.6561337687856,455.70052388564835
Mato Grosso,gradual,Full record (2001-25),24,402.04588220413336,449.3932699239136,467.76889760828647
Mato Grosso,gradual,Full record (2001-25),25,412.04595145079605,459.01406031611685,477.5916337665233
Mato Grosso,gradual,Full record (2001-25),26,421.7016729817578,467.5037983794377,486.6902032499149
Mato Grosso,gradual,Full record (2001-25),27,430.88574371077203,477.53575163607013,495.21106271469057
Mato Grosso,gradual,Full record (2001-25),28,440.08910516387584,486.2850510804121,503.02792040772425
Mato Grosso,gradual,Full record (2001-25),29,448.83218828899095,494.43333667913157,511.317585483799
Mato Grosso,gradual,Full record (2001-25),30,457.3761370535394,503.2999228019217,519.8582504770574
Mato Grosso,gradual,Full record (2001-25),31,465.66866104934525,510.7590563525936,527.8935953134628
Mato Grosso,gradual,Full record (2001-25),32,473.77712745727166,518.0904679357911,534.6364753518767
Mato Grosso,gradual,Full record (2001-25),33,481.5840613576294,526.4482808193188,542.0891959814456
Mato Grosso,gradual,Full record (2001-25),34,489.20046667348527,533.4321507590954,549.5980452657101
Mato Grosso,gradual,Full record (2001-25),35,496.26298491839924,539.883757634972,556.6204936309003
Mato Grosso,gradual,Full record (2001-25),36,503.34322514986684,546.4585729138039,564.6939237169198
Mato Grosso,gradual,Full record (2001-25),37,510.2599842983615,552.6617445525181,569.9281243066634
Mato Grosso,gradual,Full record (2001-25),38,517.1108355052907,559.2057397785383,577.6972444171
Mato Grosso,gradual,Full record (2001-25),39,523.5978450295233,565.2984279286393,583.5235762071467
Mato Grosso,gradual,Full record (2001-25),40,529.9857324505524,571.4805503002138,588.5946737397476
Mato Grosso,gradual,Full record (2001-25),41,536.115123131484,577.0495967666079,597.0674638360705
Mato Grosso,gradual,Full record (2001-25),42,542.1606906403384,582.0782276363647,601.0148524779377
Mato Grosso,gradual,Full record (2001-25),43,547.9241528955613,588.4850259230662,605.2852095934169
Mato Grosso,gradual,Full record (2001-25),44,553.7243392582695,592.8603499761538,611.4151159545735
Mato Grosso,gradual,Full record (2001-25),45,559.3681071837217,598.7739091106986,616.0208980338103
Mato Grosso,gradual,Full record (2001-25),46,564.8142471076793,604.8898117011388,620.8581314644791
Mato Grosso,gradual,Full record (2001-25),47,570.3063364647097,609.7589899932856,625.3772733344136
Mato Grosso,gradual,Full record (2001-25),48,575.5616124043573,614.7363004224472,630.9038640372709
Mato Grosso,gradual,Full record (2001-25),49,580.6593453140097,620.0347061596475,634.5013285415223
Mato Grosso,gradual,Full record (2001-25),50,585.6632845705935,624.4932273765953,638.8507336509779
Mato Grosso,gradual,Full record (2001-25),51,590.609904423417,629.3925344360898,644.7585530671133
Mato Grosso,gradual,Full record (2001-25),52,595.3422166364799,633.5364615174522,648.3946523667563
Mato Grosso,gradual,Full record (2001-25),53,600.0054003425236,638.5379460929988,653.1266195692713
Mato Grosso,gradual,Full record (2001-25),54,604.4214429340685,642.5659268279707,657.3888883847471
Mato Grosso,gradual,Full record (2001-25),55,608.9060562005646,647.0295053919465,661.7648774507659
Mato Grosso,gradual,Full record (2001-25),56,613.1916607321019,650.9279244134187,664.9647030652462
Mato Grosso,gradual,Full record (2001-25),57,617.4907539130536,654.701677582034,669.5744971200124
Mato Grosso,gradual,Full record (2001-25),58,621.6751748777709,659.1795782734436,673.2475376647905
Mato Grosso,gradual,Full record (2001-25),59,625.8269360747804,662.5761624977536,676.0922313293105
Mato Grosso,gradual,Full record (2001-25),60,630.0386927604915,666.4812989388934,679.8463755437468
Mato Grosso,gradual,Full record (2001-25),61,634.1672281358325,670.5682814092141,685.326774627131
Mato Grosso,gradual,Full record (2001-25),62,638.1788496794577,674.4783481910047,688.7906471696951
Mato Grosso,gradual,Full record (2001-25),63,642.0136952221352,678.250533884715,692.5788219984141
Mato Grosso,gradual,Full record (2001-25),64,645.7549879702375,681.8393975549634,695.164582828063
Mato Grosso,gradual,Full record (2001-25),65,649.443858187624,685.5083403235811,698.6402437879126
Mato Grosso,gradual,Full record (2001-25),66,653.0935099249854,688.590920770354,701.6440079001421
Mato Grosso,gradual,Full record (2001-25),67,656.7144032870358,691.8344622223525,704.2015255235884
Mato Grosso,gradual,Full record (2001-25),68,660.3278249809815,695.3876964389702,708.1023618552821
Mato Grosso,gradual,Full record (2001-25),69,663.8385625526262,699.3545159971793,711.0133988061555
Mato Grosso,gradual,Full record (2001-25),70,667.4049351427534,702.0777497311674,713.9022394001771
Mato Grosso,gradual,Full record (2001-25),71,670.8802404651675,705.2601443571111,718.1794435127736
Mato Grosso,gradual,Full record (2001-25),72,674.1401066978985,708.1646527991317,721.0995996956872
Mato Grosso,gradual,Full record (2001-25),73,677.6308296955416,711.4713900329663,724.663288201194
Mato Grosso,gradual,Full record (2001-25),74,680.9014369210778,714.5686993367768,728.1330869265187
Mato Grosso,gradual,Full record (2001-25),75,684.22342486555,717.6895950096329,730.582057919216
Mato Grosso,gradual,Full record (2001-25),76,687.4525793486167,721.4811403006942,734.3178474349861
Mato Grosso,gradual,Full record (2001-25),77,690.6353972324513,723.8891622691474,737.7155756724245
Mato Grosso,gradual,Full record (2001-25),78,693.8182269887501,726.6451314253022,739.3882991049446
Mato Grosso,gradual,Full record (2001-25),79,696.9153266228932,730.1956777827185,742.6045007283348
Mato Grosso,gradual,Full record (2001-25),80,699.8478168505875,732.5816979410055,745.4896069543729
Mato Grosso,gradual,Full record (2001-25),81,702.8470001016036,735.2045616790756,747.8344815466824
Mato Grosso,gradual,Full record (2001-25),82,705.8590672003664,737.7102274343675,750.521996612839
Mato Grosso,gradual,Full record (2001-25),83,708.8330895371788,740.991777578326,754.3445440533823
Mato Grosso,gradual,Full record (2001-25),84,711.6414649521472,743.807298503171,756.1709060322045
Mato Grosso,gradual,Full record (2001-25),85,714.4682244488824,746.1810468535408,757.9189564456719
Mato Grosso,gradual,Full record (2001-25),86,717.2658633808782,748.7250492588914,760.0017118438896
Mato Grosso,gradual,Full record (2001-25),87,720.0421370922834,751.3214799746551,761.8917625639149
Mato Grosso,gradual,Full record (2001-25),88,722.7791401323177,753.4626852387805,765.4906598845753
Mato Grosso,gradual,Full record (2001-25),89,725.4629475388338,755.9109320911151,767.0657819917835
Mato Grosso,gradual,Full record (2001-25),90,728.2584592343788,758.3893363716172,770.447256600862
Mato Grosso,gradual,Full record (2001-25),91,730.9314327945235,761.0697072949714,772.9291045209822
Mato Grosso,gradual,Full record (2001-25),92,733.5378655383844,763.3082491251682,774.5594507656883
Mato Grosso,gradual,Full record (2001-25),93,736.1723571855238,766.1421732840316,776.6706412308206
Mato Grosso,gradual,Full record (2001-25),94,738.801083104204,768.045933199307,779.1234670605965
Mato Grosso,gradual,Full record (2001-25),95,741.2927196746369,770.4077243807214,780.3678689168192
Mato Grosso,gradual,Full record (2001-25),96,743.7014463202846,773.3065475628855,783.9580376761269
Mato Grosso,gradual,Full record (2001-25),97,746.1598590646988,775.7992617671181,785.9367914471917
Mato Grosso,gradual,Full record (2001-25),98,748.6432609639814,778.1906657092302,788.9543734474944
Mato Grosso,gradual,Full record (2001-25),99,751.0947843733547,780.3073782016862,791.233688314141
Mato Grosso,gradual,Full record (2001-25),100,753.3939881671874,782.9331007618539,793.0852919719263
Mato Grosso,gradual,Full record (2001-25),101,755.739291746178,784.5912458247111,795.0842099477168
Mato Grosso,gradual,Full record (2001-25),102,758.052706421037,786.7859714548049,798.0150200395971
Mato Grosso,gradual,Full record (2001-25),103,760.4293251413803,788.9596196801726,800.1504030866538
Mato Grosso,gradual,Full record (2001-25),104,762.7024644436169,790.3656638130614,801.4453626022939
Mato Grosso,gradual,Full record (2001-25),105,764.9954546608152,793.050734127668,803.437595555598
Mato Grosso,gradual,Full record (2001-25),106,767.3491756927642,795.0115319485469,804.9604655683804
Mato Grosso,gradual,Full record (2001-25),107,769.5646008266838,797.0190720472958,807.2139206006294
Mato Grosso,gradual,Full record (2001-25),108,771.7472956387206,799.2071697656768,809.7965167440857
Mato Grosso,gradual,Full record (2001-25),109,773.9006667118898,801.4501308789105,811.2120154244642
Mato Grosso,gradual,Full record (2001-25),110,776.1502922864578,802.9794266735056,814.1129379135906
Mato Grosso,gradual,Full record (2001-25),111,778.3133916997066,805.2568697139669,816.1620376386855
Mato Grosso,gradual,Full record (2001-25),112,780.4413993159222,806.8578391482652,817.7630972258372
Mato Grosso,gradual,Full record (2001-25),113,782.5378801947621,808.8467259046879,819.922955025841
Mato Grosso,gradual,Full record (2001-25),114,784.6000272889669,810.4052370078135,821.2575762482879
Mato Grosso,gradual,Full record (2001-25),115,786.6328819623641,812.1324895120949,822.3555642323869
Mato Grosso,gradual,Full record (2001-25),116,788.6668826200373,814.0216659193875,823.4269037753552
Mato Grosso,gradual,Full record (2001-25),117,790.7568196748216,816.2316423573011,825.8027898354035
Mato Grosso,gradual,Full record (2001-25),118,792.6484635210588,818.0256422558056,828.2185432671437
Mato Grosso,gradual,Full record (2001-25),119,794.5913828441193,819.9521477507698,829.3710228780078
Mato Grosso,gradual,Full record (2001-25),120,796.598215765874,821.3418982472455,831.1415351244026
Mato Grosso,gradual,Full record (2001-25),121,798.4785056521862,823.7237626587059,832.4405541568985
Mato Grosso,gradual,Full record (2001-25),122,800.3849978410034,825.3018160983294,834.2253312828576
Mato Grosso,gradual,Full record (2001-25),123,802.248253348487,826.9176109525779,836.3649264390571
Mato Grosso,gradual,Full record (2001-25),124,804.1164235342791,828.6978665936973,837.62912717774
Mato Grosso,gradual,Full record (2001-25),125,805.943269407621,830.694989919196,839.7584438674003
Mato Grosso,gradual,Full record (2001-25),126,807.7671096944347,832.2605339885079,840.3576183165776
Mato Grosso,gradual,Full record (2001-25),127,809.5627536957946,834.0225163929503,843.002582387567
Mato Grosso,gradual,Full record (2001-25),128,811.3516257072699,835.5066082360338,844.2228358269359
Mato Grosso,gradual,Full record (2001-25),129,813.0886606541694,836.5391702976289,845.9394586500849
Mato Grosso,gradual,Full record (2001-25),130,814.8160376710579,838.7160173154278,847.5581180801285
Mato Grosso,gradual,Full record (2001-25),131,816.5303670443882,840.2074414998698,848.2585695288199
Mato Grosso,gradual,Full record (2001-25),132,818.2410330673604,841.7406837304402,849.7323665249203
Mato Grosso,gradual,Full record (2001-25),133,819.9308423550259,843.5787187450061,852.3122412591588
Mato Grosso,gradual,Full record (2001-25),134,821.6060106148382,844.8060651471961,853.2431308097681
Mato Grosso,gradual,Full record (2001-25),135,823.2534246689245,846.1173882709218,854.778004002923
Mato Grosso,gradual,Full record (2001-25),136,824.9284535835078,847.9241936732304,855.7889203302899
Mato Grosso,gradual,Full record (2001-25),137,826.5524612778084,849.6530053997633,857.7918574108184
Mato Grosso,gradual,Full record (2001-25),138,828.1819717457258,851.2323726672864,860.0661151007836
Mato Grosso,gradual,Full record (2001-25),139,829.7492038235908,852.2671897822781,861.0033734805565
Mato Grosso,gradual,Full record (2001-25),140,831.424744483374,853.7357826191685,863.0937857691226
Mato Grosso,gradual,Full record (2001-25),141,833.0078699529154,855.3029773098647,864.2339564229793
Mato Grosso,gradual,Full record (2001-25),142,834.6153614277258,856.6065744564146,865.2547526661809
Mato Grosso,gradual,Full record (2001-25),143,836.1383372123017,857.8479552789458,866.3760141303443
Mato Grosso,gradual,Full record (2001-25),144,837.6726678536829,859.228679130049,867.9687868105696
Mato Grosso,gradual,Full record (2001-25),145,839.1204582897144,860.6074706317506,869.1997804736937
Mato Grosso,gradual,Full record (2001-25),146,840.5840540139928,861.8639576622389,870.3520664041663
Mato Grosso,gradual,Full record (2001-25),147,842.0748775497261,863.1074199302665,871.0729055856206
Mato Grosso,gradual,Full record (2001-25),148,843.4289528981251,864.6199707291738,872.3525712746032
Mato Grosso,gradual,Full record (2001-25),149,845.0119440433147,866.1301211099656,873.8286232842854
Mato Grosso,gradual,Full record (2001-25),150,846.4972708907969,867.3488738575029,875.1395133056594
Mato Grosso,gradual,Full record (2001-25),151,847.926995845215,868.704323709278,876.5606985454469
Mato Grosso,gradual,Full record (2001-25),152,849.38765653559,869.8421053304211,877.7131858801079
Mato Grosso,gradual,Full record (2001-25),153,850.9182755759754,871.3559124870611,878.8344755628847
Mato Grosso,gradual,Full record (2001-25),154,852.3690095556631,872.7062573671406,879.7710953474577
Mato Grosso,gradual,Full record (2001-25),155,853.6781835985739,873.6387751771615,881.0062224427371
Mato Grosso,gradual,Full record (2001-25),156,855.0894272807321,874.8597983930822,882.0425080305916
Mato Grosso,gradual,Full record (2001-25),157,856.4593222451633,876.3656481884102,883.1761118847306
Mato Grosso,gradual,Full record (2001-25),158,857.8302141462208,877.5694021030127,884.4886177382633
Mato Grosso,gradual,Full record (2001-25),159,859.0753778675054,878.7941798771624,886.1018741031355
Mato Grosso,gradual,Full record (2001-25),160,860.4158788897182,879.8512904399951,886.6738064485434
Mato Grosso,gradual,Full record (2001-25),161,861.6400385057694,881.1574479668374,887.3247632459495
Mato Grosso,gradual,Full record (2001-25),162,862.929191421867,882.0879647537972,888.8816557273566
Mato Grosso,gradual,Full record (2001-25),163,864.250408687045,883.0459559869593,890.0377849589856
Mato Grosso,gradual,Full record (2001-25),164,865.4731534976883,883.9741983859649,890.9067860765208
Mato Grosso,gradual,Full record (2001-25),165,866.705194951526,885.5747491430441,891.6940948231465
Mato Grosso,gradual,Full record (2001-25),166,867.9679360727987,886.6904013685679,892.8385576212512
Mato Grosso,gradual,Full record (2001-25),167,869.2475080994927,887.8734666631252,894.2804125030613
Mato Grosso,gradual,Full record (2001-25),168,870.5124424852029,888.8388483297616,895.5299121295058
Mato Grosso,gradual,Full record (2001-25),169,871.7414108770428,889.9122378597444,896.7225417019106
Mato Grosso,gradual,Full record (2001-25),170,872.9185027045473,891.0392338751303,897.6214081717061
Mato Grosso,gradual,Full record (2001-25),171,874.1202826396827,892.1393018278262,898.7642978415703
Mato Grosso,gradual,Full record (2001-25),172,875.266677255479,893.6173768224083,899.6343507944061
Mato Grosso,gradual,Full record (2001-25),173,876.4339594199995,894.3187686432516,900.5996740884647
Mato Grosso,gradual,Full record (2001-25),174,877.6026923784575,895.199835221647,901.8480579787043
Mato Grosso,gradual,Full record (2001-25),175,878.7219581726507,896.3564298243898,902.6063208952568
Mato Grosso,gradual,Full record (2001-25),176,879.9351484308057,897.2167067154561,903.7703597830882
Mato Grosso,gradual,Full record (2001-25),177,880.9703180949294,898.0194488065324,904.3634604884871
Mato Grosso,gradual,Full record (2001-25),178,882.0472256436564,899.0567487768024,905.1196812247257
Mato Grosso,gradual,Full record (2001-25),179,883.1056995874324,899.8523757744764,906.9662652298938
Mato Grosso,gradual,Full record (2001-25),180,884.183837636739,900.9270658950142,907.3249168546371
Mato Grosso,gradual,Full record (2001-25),181,885.2910931941016,902.3002364194338,908.4145822464118
Mato Grosso,gradual,Full record (2001-25),182,886.3289318752559,902.8636476186715,909.7106697410068
Mato Grosso,gradual,Full record (2001-25),183,887.3941578488646,903.8707034536615,910.279430102435
Mato Grosso,gradual,Full record (2001-25),184,888.4565818123876,904.6960256037513,910.7805822950131
Mato Grosso,gradual,Full record (2001-25),185,889.5004057180403,905.5263359935088,912.0775407402238
Mato Grosso,gradual,Full record (2001-25),186,890.4677754368364,906.254804403263,912.4742484774175
Mato Grosso,gradual,Full record (2001-25),187,891.4848742051805,907.2523653344466,913.5631276258969
Mato Grosso,gradual,Full record (2001-25),188,892.4218351611792,908.451306805746,914.3163771451934
Mato Grosso,gradual,Full record (2001-25),189,893.4508710589048,909.3598562760018,915.220408715094
Mato Grosso,gradual,Full record (2001-25),190,894.4324923204753,910.0135269125803,915.4380515242156
Mato Grosso,gradual,Full record (2001-25),191,895.4133514578383,911.0587326683985,916.2237105540265
Mato Grosso,gradual,Full record (2001-25),192,896.3920362883533,911.8759655233933,917.0818485524413
Mato Grosso,gradual,Full record (2001-25),193,897.3978030071967,912.8703249455285,918.2131153487204
Mato Grosso,gradual,Full record (2001-25),194,898.3758946947778,913.553628125391,919.0383554067312
Mato Grosso,gradual,Full record (2001-25),195,899.3016482681226,914.3218504523401,920.0286598453089
Mato Grosso,gradual,Full record (2001-25),196,900.1838118569614,915.1106381887314,920.4625733345855
Mato Grosso,gradual,Full record (2001-25),197,901.1022515464562,915.9709083568218,921.6426299377506
Mato Grosso,gradual,Full record (2001-25),198,901.996350283364,916.7807479822445,922.2151772677938
Mato Grosso,gradual,Full record (2001-25),199,902.9363577798737,917.4328995728274,922.9192594711219
Mato Grosso,gradual,Full record (2001-25),200,903.8544877314358,918.2473709550295,923.1811695612784
Mato Grosso,gradual,2001-08,0,0,0,0
Mato Grosso,gradual,2001-08,1,31.355995443019083,55.31140068513696,64.6454059537257
Mato Grosso,gradual,2001-08,2,61.21963624858302,91.1570376293245,104.78720873477678
Mato Grosso,gradual,2001-08,3,89.77418301679386,123.2505652088259,139.81353725961682
Mato Grosso,gradual,2001-08,4,117.60914373327164,154.96493515877793,172.45789830130644
Mato Grosso,gradual,2001-08,5,143.9724634476894,183.50379636230875,198.94331492980578
Mato Grosso,gradual,2001-08,6,169.39784934407544,210.3320382585275,228.6197853642459
Mato Grosso,gradual,2001-08,7,193.2407846899321,235.60555955710365,252.82640380937855
Mato Grosso,gradual,2001-08,8,215.96740511245287,259.2226461524729,277.3964103783099
Mato Grosso,gradual,2001-08,9,238.19405481529088,282.6289386729048,298.48271812089945
Mato Grosso,gradual,2001-08,10,259.4030274941124,304.032868765451,321.804714361838
Mato Grosso,gradual,2001-08,11,279.55245049750516,324.1809256320478,343.7189705126031
Mato Grosso,gradual,2001-08,12,298.79068001133766,345.0859281695516,363.1034890460015
Mato Grosso,gradual,2001-08,13,317.2980140658291,362.9273364303009,382.3068010026611
Mato Grosso,gradual,2001-08,14,335.1536141652719,381.43862607234263,398.6131370551567
Mato Grosso,gradual,2001-08,15,352.10776053033635,398.55486108659414,414.2728337854695
Mato Grosso,gradual,2001-08,16,368.34522283352703,413.58542919687955,431.1928891567055
Mato Grosso,gradual,2001-08,17,384.2553373930074,427.99269680461197,445.58905203181746
Mato Grosso,gradual,2001-08,18,399.4080792096179,442.70117472115254,461.3734584534651
Mato Grosso,gradual,2001-08,19,413.97464622730814,457.1835877409131,475.4753133625477
Mato Grosso,gradual,2001-08,20,428.01567373089165,470.6612322654219,488.82312849191646
Mato Grosso,gradual,2001-08,21,441.61548481717483,484.41052800051835,502.9209663833273
Mato Grosso,gradual,2001-08,22,454.60752860826926,497.1426387503419,514.331763343507
Mato Grosso,gradual,2001-08,23,467.13774819741553,510.0901922012463,525.8893367103213
Mato Grosso,gradual,2001-08,24,479.31417832499886,521.2188885852524,537.9196819783942
Mato Grosso,gradual,2001-08,25,490.98415896727647,532.5999334917955,550.3723093165863
Mato Grosso,gradual,2001-08,26,502.2377314910912,543.7543105264496,560.35562642312
Mato Grosso,gradual,2001-08,27,513.117634134246,553.7533948634883,568.4212154571956
Mato Grosso,gradual,2001-08,28,523.678803053635,563.568719727678,578.2750786237373
Mato Grosso,gradual,2001-08,29,533.6744441906791,572.6070309163819,587.0449116995923
Mato Grosso,gradual,2001-08,30,543.4639696480984,582.3792173795928,595.8569728344049
Mato Grosso,gradual,2001-08,31,553.0803107494581,591.5128673711088,605.6600565484806
Mato Grosso,gradual,2001-08,32,562.3143292021599,600.2400047812432,614.4465639281041
Mato Grosso,gradual,2001-08,33,571.2921196225449,608.337143146348,621.530249243092
Mato Grosso,gradual,2001-08,34,579.9005172373955,616.0441777563462,630.9991277097497
Mato Grosso,gradual,2001-08,35,588.3773703828998,623.5649352339318,639.6538879332618
Mato Grosso,gradual,2001-08,36,596.5592113073789,632.0216897465381,646.7253412532157
Mato Grosso,gradual,2001-08,37,604.3135551906933,639.7964947465081,654.2760084605824
Mato Grosso,gradual,2001-08,38,611.9892076217559,646.9407582070157,660.5117244582882
Mato Grosso,gradual,2001-08,39,619.3456488662965,654.2671860290064,666.5260703381256
Mato Grosso,gradual,2001-08,40,626.6153123606568,660.8931052483565,673.2107339514283
Mato Grosso,gradual,2001-08,41,633.6958505900608,666.934009234169,679.812134775516
Mato Grosso,gradual,2001-08,42,640.5650994403209,673.8904163772714,685.8546224460601
Mato Grosso,gradual,2001-08,43,647.2026893703779,679.8178179048424,692.1049492840215
Mato Grosso,gradual,2001-08,44,653.5607308419206,685.6583139448296,698.3994767957548
Mato Grosso,gradual,2001-08,45,659.8402647324561,692.1101884075737,704.3844270431618
Mato Grosso,gradual,2001-08,46,666.0432712377478,697.6500599355888,709.6723610318113
Mato Grosso,gradual,2001-08,47,672.0674459642063,702.897851992432,715.0403115479589
Mato Grosso,gradual,2001-08,48,677.9538913300263,708.4605633878055,720.2049377674433
Mato Grosso,gradual,2001-08,49,683.6791650515934,714.1401044154519,726.6441430972699
Mato Grosso,gradual,2001-08,50,689.3233782679036,718.8186996053347,731.0738084135676
Mato Grosso,gradual,2001-08,51,694.7075363227455,723.9713290959751,736.3860357944494
Mato Grosso,gradual,2001-08,52,700.0623113401642,729.0276702743571,741.209665743555
Mato Grosso,gradual,2001-08,53,705.3021906252466,734.0592387481489,745.0328485569806
Mato Grosso,gradual,2001-08,54,710.3349359631778,738.7801105369393,750.1117491078163
Mato Grosso,gradual,2001-08,55,715.2498960155668,743.1910143065861,754.8682299497228
Mato Grosso,gradual,2001-08,56,720.0872210450926,747.3678127804505,759.6162916750096
Mato Grosso,gradual,2001-08,57,724.8530983786144,752.3366856383722,764.3086868904276
Mato Grosso,gradual,2001-08,58,729.3918933835392,756.1529826533462,768.3000542761349
Mato Grosso,gradual,2001-08,59,733.9185918256251,760.4712815106203,771.8008999086713
Mato Grosso,gradual,2001-08,60,738.2437765260648,764.6912894120248,775.6512507141144
Mato Grosso,gradual,2001-08,61,742.6275105601842,768.5619685716272,778.7028534937912
Mato Grosso,gradual,2001-08,62,746.8496653809083,772.8085418251403,783.0739866602854
Mato Grosso,gradual,2001-08,63,750.8922123455552,776.7518472897959,786.0544092795885
Mato Grosso,gradual,2001-08,64,754.9541369904322,780.4664197872905,790.2752791350688
Mato Grosso,gradual,2001-08,65,758.9464842569319,783.7281290661609,794.0537242711815
Mato Grosso,gradual,2001-08,66,762.8962203495548,787.4087859598429,797.1310750773673
Mato Grosso,gradual,2001-08,67,766.8157692869916,791.125361859099,801.3772929842771
Mato Grosso,gradual,2001-08,68,770.618647948631,794.7854936059953,804.5810490655263
Mato Grosso,gradual,2001-08,69,774.3371997993466,797.7056324407687,808.1400266592708
Mato Grosso,gradual,2001-08,70,777.9328138380956,800.9171319067868,811.1008748456682
Mato Grosso,gradual,2001-08,71,781.4638719204875,804.6736073455021,814.2366685946827
Mato Grosso,gradual,2001-08,72,784.8637075102478,807.9206931002825,816.6965018860117
Mato Grosso,gradual,2001-08,73,788.2047588281324,811.1674263414881,819.2380494082336
Mato Grosso,gradual,2001-08,74,791.5305894015632,814.2019279897776,822.1154406439132
Mato Grosso,gradual,2001-08,75,794.7566101765915,817.2369224149319,825.0704097205368
Mato Grosso,gradual,2001-08,76,798.0169198704486,819.7529600887274,829.0386914495133
Mato Grosso,gradual,2001-08,77,801.2231632092497,822.944840137211,831.4680890320518
Mato Grosso,gradual,2001-08,78,804.3821766817791,825.7426444569203,834.3028874338218
Mato Grosso,gradual,2001-08,79,807.502067545282,828.175738315721,837.5238010766744
Mato Grosso,gradual,2001-08,80,810.5069773278602,831.1983928913052,839.7939536793409
Mato Grosso,gradual,2001-08,81,813.5368410267437,834.267508239839,842.6045950308303
Mato Grosso,gradual,2001-08,82,816.4516051063654,837.0182646083992,845.563177770316
Mato Grosso,gradual,2001-08,83,819.3362827580353,839.6730178227034,847.5054816332992
Mato Grosso,gradual,2001-08,84,822.1483977845865,842.474857823701,850.3289237384644
Mato Grosso,gradual,2001-08,85,824.8962958124142,844.9186464256277,852.4520018730433
Mato Grosso,gradual,2001-08,86,827.6947495298313,847.4754466904268,855.189043638791
Mato Grosso,gradual,2001-08,87,830.4317683076561,850.2613986818759,856.9545124421204
Mato Grosso,gradual,2001-08,88,833.063120466347,851.9011277514212,859.8500502646914
Mato Grosso,gradual,2001-08,89,835.5913115766429,854.4223318004499,861.9418969025585
Mato Grosso,gradual,2001-08,90,838.1485708881983,856.6282156198579,864.0664369001556
Mato Grosso,gradual,2001-08,91,840.632784891745,858.8980885598606,866.6694043804896
Mato Grosso,gradual,2001-08,92,843.1204917797401,860.8899877048965,868.8710661388451
Mato Grosso,gradual,2001-08,93,845.4767678393489,863.1655804953623,871.0503897531216
Mato Grosso,gradual,2001-08,94,847.8556197052125,865.071840739271,872.460754676688
Mato Grosso,gradual,2001-08,95,850.2661232828423,867.3782749699161,874.5723728747793
Mato Grosso,gradual,2001-08,96,852.542527917075,869.7417104635264,876.3400991193552
Mato Grosso,gradual,2001-08,97,854.7655903604134,871.7506781775384,879.0987114882982
Mato Grosso,gradual,2001-08,98,856.9986402202609,873.9821874177942,880.9898841575698
Mato Grosso,gradual,2001-08,99,859.1642626313811,875.7538909511079,882.2402594459024
Mato Grosso,gradual,2001-08,100,861.3808098778741,877.8486984996098,884.626367660758
Mato Grosso,gradual,2001-08,101,863.5650617133336,879.8434798478502,885.9379749968821
Mato Grosso,gradual,2001-08,102,865.6247277932807,881.6972503447963,887.9175494090281
Mato Grosso,gradual,2001-08,103,867.6837875257366,883.207916673607,889.6120267833285
Mato Grosso,gradual,2001-08,104,869.6971863669341,885.2100418641946,891.7015119470024
Mato Grosso,gradual,2001-08,105,871.7347533083948,887.2462933712384,893.3058730428216
Mato Grosso,gradual,2001-08,106,873.7276516693421,888.8054466636623,895.0896700986759
Mato Grosso,gradual,2001-08,107,875.6039620633646,890.5431223073016,896.0199263914973
Mato Grosso,gradual,2001-08,108,877.4748521114583,892.2714372832031,897.2854411754464
Mato Grosso,gradual,2001-08,109,879.310382945755,893.9041215071803,899.1386394479317
Mato Grosso,gradual,2001-08,110,881.1652532318798,895.4366618301616,900.794972593486
Mato Grosso,gradual,2001-08,111,882.9833821469181,897.077538389003,902.8132725021242
Mato Grosso,gradual,2001-08,112,884.7474399943474,898.7140711784989,904.0276917981868
Mato Grosso,gradual,2001-08,113,886.5301328973047,900.529620499788,905.485064255498
Mato Grosso,gradual,2001-08,114,888.2717342022697,901.9328174312245,907.2693207771741
Mato Grosso,gradual,2001-08,115,890.0149640337586,903.647962462688,908.6033093862063
Mato Grosso,gradual,2001-08,116,891.6617998327511,905.2488641751803,910.432712015355
Mato Grosso,gradual,2001-08,117,893.3182806997078,906.9145964877621,911.9482205741397
Mato Grosso,gradual,2001-08,118,894.9954691382532,908.380859477963,913.1114573164703
Mato Grosso,gradual,2001-08,119,896.5661967603231,909.8521380602253,914.764926177402
Mato Grosso,gradual,2001-08,120,898.1495160011141,911.3197934353495,915.8679599821511
Mato Grosso,gradual,2001-08,121,899.678905058911,912.5835003243913,917.1767986727624
Mato Grosso,gradual,2001-08,122,901.1523197765191,913.8950408017168,918.554711709504
Mato Grosso,gradual,2001-08,123,902.7013442377314,915.0598381240092,919.8940325552879
Mato Grosso,gradual,2001-08,124,904.1903397344561,916.6283410529396,921.1023250087469
Mato Grosso,gradual,2001-08,125,905.6357631504758,917.9166329762415,922.4536655353513
Mato Grosso,gradual,2001-08,126,907.0848519852989,919.2028754870776,923.8093772535065
Mato Grosso,gradual,2001-08,127,908.4955120708732,920.2668069076005,924.8229757165625
Mato Grosso,gradual,2001-08,128,909.8939534827382,921.5232354762901,925.6822477033367
Mato Grosso,gradual,2001-08,129,911.2369117738576,922.629567782416,926.8530971195695
Mato Grosso,gradual,2001-08,130,912.5974133771509,923.9400944964877,927.8243270486573
Mato Grosso,gradual,2001-08,131,913.8594192990231,925.1371196635098,929.1161198248346
Mato Grosso,gradual,2001-08,132,915.0815963117459,926.1974040813476,929.9289146887802
Mato Grosso,gradual,2001-08,133,916.3457489017023,927.1739185890239,931.0437845455546
Mato Grosso,gradual,2001-08,134,917.6317160573572,928.3353461450951,932.1988558016542
Mato Grosso,gradual,2001-08,135,918.9002113010087,929.5196466810362,933.4386822952029
Mato Grosso,gradual,2001-08,136,920.1316797417552,930.4555295363414,934.6427570025825
Mato Grosso,gradual,2001-08,137,921.3379059087304,931.8000775649004,935.3901755186093
Mato Grosso,gradual,2001-08,138,922.5162240856146,932.7364867114118,936.3360746010826
Mato Grosso,gradual,2001-08,139,923.6561298474014,933.8802011313618,937.5269237356098
Mato Grosso,gradual,2001-08,140,924.809331868683,934.932105508754,938.5506595236388
Mato Grosso,gradual,2001-08,141,925.9326940671384,935.948562084038,939.4466932908919
Mato Grosso,gradual,2001-08,142,927.0553999398678,937.0959153734336,940.6817349091774
Mato Grosso,gradual,2001-08,143,928.1375834760772,938.0651638394963,941.4826928536514
Mato Grosso,gradual,2001-08,144,929.1972368878932,939.028557450739,942.2807093451629
Mato Grosso,gradual,2001-08,145,930.2644367790465,940.0978236184944,943.6897461298518
Mato Grosso,gradual,2001-08,146,931.3365879864529,940.8739368255476,944.621075910821
Mato Grosso,gradual,2001-08,147,932.3816749010757,941.7770065468233,945.166923911712
Mato Grosso,gradual,2001-08,148,933.3843147058174,942.7197975237472,946.2736446973082
Mato Grosso,gradual,2001-08,149,934.3998115161774,943.6379855159944,947.0935573771536
Mato Grosso,gradual,2001-08,150,935.3590598548008,944.3382001941516,948.1220001720657
Mato Grosso,gradual,2001-08,151,936.3211069355825,945.2469004650048,948.7283173905021
Mato Grosso,gradual,2001-08,152,937.2751710486414,945.9483730189637,949.5272311565598
Mato Grosso,gradual,2001-08,153,938.2186306397605,946.7932470053926,950.4085046175911
Mato Grosso,gradual,2001-08,154,939.1571018235325,947.6931568174256,951.0677953012937
Mato Grosso,gradual,2001-08,155,940.0687912131774,948.453910775294,951.7908292747717
Mato Grosso,gradual,2001-08,156,940.9882963663485,949.2846427358777,952.4793953475291
Mato Grosso,gradual,2001-08,157,941.8732737359281,950.0177259987921,953.1668917008906
Mato Grosso,gradual,2001-08,158,942.743437842119,950.8782397301694,953.7601495328465
Mato Grosso,gradual,2001-08,159,943.587908679254,951.664851522283,954.5067904132221
Mato Grosso,gradual,2001-08,160,944.4303495153505,952.4173489623715,955.3400448896218
Mato Grosso,gradual,2001-08,161,945.2224737511485,953.1041731372161,956.1015896226712
Mato Grosso,gradual,2001-08,162,946.0474173620596,953.7428994010615,956.6428785052078
Mato Grosso,gradual,2001-08,163,946.8413639642944,954.3362211259473,957.4726235769066
Mato Grosso,gradual,2001-08,164,947.6425582124972,955.1517558648585,957.9595644790347
Mato Grosso,gradual,2001-08,165,948.4087702514662,955.8343333335333,958.6097302671972
Mato Grosso,gradual,2001-08,166,949.2037251511513,956.6109159085693,959.4082106563933
Mato Grosso,gradual,2001-08,167,949.9781859541359,957.1192173572247,959.9321058791957
Mato Grosso,gradual,2001-08,168,950.7429785879192,957.9569892440501,960.5686769691913
Mato Grosso,gradual,2001-08,169,951.4878343910407,958.5893231826722,961.3237003301571
Mato Grosso,gradual,2001-08,170,952.2670260996177,959.1769723831281,961.6605727899174
Mato Grosso,gradual,2001-08,171,952.9783903068368,959.8393245179449,962.4287173753236
Mato Grosso,gradual,2001-08,172,953.71282979225,960.3758638756036,963.09793499702
Mato Grosso,gradual,2001-08,173,954.4199735700149,961.0583238777864,963.6894485932971
Mato Grosso,gradual,2001-08,174,955.1215192119764,961.7454554871426,964.1313869087246
Mato Grosso,gradual,2001-08,175,955.8171048427803,962.2640745119618,964.7215336151685
Mato Grosso,gradual,2001-08,176,956.4871898692885,962.7490605426734,965.1902997975594
Mato Grosso,gradual,2001-08,177,957.1165760670478,963.2922702965956,965.8903766972202
Mato Grosso,gradual,2001-08,178,957.7709820797314,963.9192129676676,966.4331506314495
Mato Grosso,gradual,2001-08,179,958.3849631650037,964.4080105329053,966.9387491969599
Mato Grosso,gradual,2001-08,180,958.9896594285233,964.9535965509696,967.3655965137389
Mato Grosso,gradual,2001-08,181,959.6027253259463,965.5075550918148,967.8758067908843
Mato Grosso,gradual,2001-08,182,960.2097499188754,966.0904935197669,968.5265883211562
Mato Grosso,gradual,2001-08,183,960.7980709316726,966.6546557981374,968.9728267962813
Mato Grosso,gradual,2001-08,184,961.3731249297629,967.1530095692365,969.2589034293915
Mato Grosso,gradual,2001-08,185,961.9587581445861,967.5440534236639,969.8461782420744
Mato Grosso,gradual,2001-08,186,962.5394355356532,968.105482185608,970.3853268374847
Mato Grosso,gradual,2001-08,187,963.1115746458336,968.6253310094323,970.7403371601914
Mato Grosso,gradual,2001-08,188,963.648179830057,969.0670596737108,971.0061348008336
Mato Grosso,gradual,2001-08,189,964.1649361452742,969.5768098172921,971.3483196253982
Mato Grosso,gradual,2001-08,190,964.6901404136606,969.9288127501003,971.7967332093945
Mato Grosso,gradual,2001-08,191,965.2195775696215,970.5240908895906,972.3264666677712
Mato Grosso,gradual,2001-08,192,965.7329400577953,970.9854087782836,972.8372045018172
Mato Grosso,gradual,2001-08,193,966.2538812663339,971.4163339474111,973.3158106222317
Mato Grosso,gradual,2001-08,194,966.7726573936633,971.794847100354,973.6687013363505
Mato Grosso,gradual,2001-08,195,967.2650690330452,972.2457839292158,974.0144812201686
Mato Grosso,gradual,2001-08,196,967.7796597639729,972.792702170404,974.3396198193001
Mato Grosso,gradual,2001-08,197,968.2454074093557,973.1249715240219,974.8567694156918
Mato Grosso,gradual,2001-08,198,968.7155656662416,973.5668735702899,975.3536728615142
Mato Grosso,gradual,2001-08,199,969.1607578635638,973.9373688155301,975.4573853066493
Mato Grosso,gradual,2001-08,200,969.6108413793218,974.2901912472443,975.9407862751383
Mato Grosso,gradual,2009-16,0,0,0,0
Mato Grosso,gradual,2009-16,1,23.492500346123244,44.93685963451899,51.84247320163779
Mato Grosso,gradual,2009-16,2,45.92965872844134,73.7694932225336,87.78955009071781
Mato Grosso,gradual,2009-16,3,67.39521121324867,98.93396762570747,115.29714545460526
Mato Grosso,gradual,2009-16,4,88.37936519431865,124.66509627011237,140.10951845270083
Mato Grosso,gradual,2009-16,5,108.29841172942488,146.09068174862878,161.4657084979628
Mato Grosso,gradual,2009-16,6,127.61851206802449,167.0441971347865,183.68193761557626
Mato Grosso,gradual,2009-16,7,145.7010122860481,186.28207549938176,203.93235975996643
Mato Grosso,gradual,2009-16,8,162.94343377450747,205.17459762116158,221.2016813155301
Mato Grosso,gradual,2009-16,9,179.88134795150532,222.24494651289936,238.23725327796166
Mato Grosso,gradual,2009-16,10,196.2153003639324,239.97738128204298,257.6095209093014
Mato Grosso,gradual,2009-16,11,211.78165151862407,257.20523116768976,273.97028408544827
Mato Grosso,gradual,2009-16,12,226.51072091544356,273.2020985550886,289.5869651579699
Mato Grosso,gradual,2009-16,13,240.7876460341226,287.3473230916497,304.43772256134565
Mato Grosso,gradual,2009-16,14,254.57651903202273,301.20126611647356,318.77054268587796
Mato Grosso,gradual,2009-16,15,267.6507309494533,314.19183701997423,331.1369736281442
Mato Grosso,gradual,2009-16,16,280.09500230932184,326.01667544314273,342.19573376011977
Mato Grosso,gradual,2009-16,17,292.44714328235926,337.77584356413576,354.5089779800835
Mato Grosso,gradual,2009-16,18,304.2103782131817,349.4475941474883,367.5833934636741
Mato Grosso,gradual,2009-16,19,315.46450804918567,361.08965289843906,379.2210012852946
Mato Grosso,gradual,2009-16,20,326.43791475234246,371.5633875055653,389.21131026235173
Mato Grosso,gradual,2009-16,21,337.07018291723523,381.76556765052175,399.0941621728262
Mato Grosso,gradual,2009-16,22,347.232608882011,391.4604909854518,410.80729290878656
Mato Grosso,gradual,2009-16,23,357.0077260479915,401.54377094546555,420.4056042805977
Mato Grosso,gradual,2009-16,24,366.61257094062654,411.0021589844144,428.7085428725218
Mato Grosso,gradual,2009-16,25,375.7724691865822,419.78950262861173,437.20821076379593
Mato Grosso,gradual,2009-16,26,384.59716926206,428.83689685037274,448.10186773607956
Mato Grosso,gradual,2009-16,27,393.10993837902026,436.00765313229664,455.40931685822625
Mato Grosso,gradual,2009-16,28,401.4223232689709,444.2705465002904,461.28628099438197
Mato Grosso,gradual,2009-16,29,409.24289104632055,451.7222793364955,469.2904722319987
Mato Grosso,gradual,2009-16,30,416.85126503042466,459.13356203855335,476.05279812167333
Mato Grosso,gradual,2009-16,31,424.42080014853684,466.3201331072328,482.4634250090609
Mato Grosso,gradual,2009-16,32,431.74390094390077,473.0087298543565,489.07562236003673
Mato Grosso,gradual,2009-16,33,438.78167821606456,478.5361852441799,495.03720716764
Mato Grosso,gradual,2009-16,34,445.55808168722393,485.307095372458,502.61919604942295
Mato Grosso,gradual,2009-16,35,452.23725707918584,491.5223242099916,510.4496323512173
Mato Grosso,gradual,2009-16,36,458.7623359668875,498.13256178880647,516.0457328844119
Mato Grosso,gradual,2009-16,37,464.88473132468846,503.88191926891125,519.9251574265982
Mato Grosso,gradual,2009-16,38,470.97286749905317,510.0382410284571,527.2015401284468
Mato Grosso,gradual,2009-16,39,476.7082227088496,515.0774108848901,531.6333016640286
Mato Grosso,gradual,2009-16,40,482.5043731771261,520.4692760637173,537.7259346389291
Mato Grosso,gradual,2009-16,41,488.1489381485278,526.3385421399216,542.0725398109502
Mato Grosso,gradual,2009-16,42,493.6388975763557,531.9674353722252,546.0555652913336
Mato Grosso,gradual,2009-16,43,498.97616205726536,536.477918804247,551.5566863723652
Mato Grosso,gradual,2009-16,44,503.9504259808333,541.6578582116462,556.8124827104245
Mato Grosso,gradual,2009-16,45,508.9389219176483,546.1051268271314,560.3070767736319
Mato Grosso,gradual,2009-16,46,513.9266010531078,550.7865537173084,564.9499154185033
Mato Grosso,gradual,2009-16,47,518.8339367216878,555.7343563894191,570.7235132412275
Mato Grosso,gradual,2009-16,48,523.5360369928039,560.2938472519761,574.1805599175082
Mato Grosso,gradual,2009-16,49,528.1720395651423,564.7154685883975,577.99190732968
Mato Grosso,gradual,2009-16,50,532.7787471446894,568.5771295129923,584.5854689742936
Mato Grosso,gradual,2009-16,51,537.0984363497432,572.6729867897113,587.3475245840353
Mato Grosso,gradual,2009-16,52,541.475707959855,576.9038808423034,592.7726055924038
Mato Grosso,gradual,2009-16,53,545.7649264577736,580.8226544279016,595.4542804947251
Mato Grosso,gradual,2009-16,54,549.8685333437382,584.6090228228635,599.3857965187464
Mato Grosso,gradual,2009-16,55,553.9156095907813,588.9890413541616,603.6585668554391
Mato Grosso,gradual,2009-16,56,557.9178340984506,592.2036888272278,607.4615290364989
Mato Grosso,gradual,2009-16,57,561.8546461912422,597.1010146487617,610.6964306356596
Mato Grosso,gradual,2009-16,58,565.5659452620771,600.0518527005811,614.1611240598448
Mato Grosso,gradual,2009-16,59,569.3377665070843,603.5926015889546,617.143915233939
Mato Grosso,gradual,2009-16,60,572.8933605365066,606.5136594257235,620.7092386600101
Mato Grosso,gradual,2009-16,61,576.5589704934637,610.1646716255982,622.7399145001093
Mato Grosso,gradual,2009-16,62,580.1271866234562,613.4090593984903,625.6073407224276
Mato Grosso,gradual,2009-16,63,583.4606148786938,616.5345243693016,630.2476412646882
Mato Grosso,gradual,2009-16,64,586.9559339921154,619.55315456067,633.7736952993572
Mato Grosso,gradual,2009-16,65,590.3687200177714,623.3955326450747,635.7078180319974
Mato Grosso,gradual,2009-16,66,593.7888357812697,626.1705827567758,638.865347009966
Mato Grosso,gradual,2009-16,67,597.2718344099695,629.6316128840452,641.2171268482242
Mato Grosso,gradual,2009-16,68,600.5698371218882,632.6108452622159,644.6933321515028
Mato Grosso,gradual,2009-16,69,603.8659158850807,635.258781013288,647.3209765593084
Mato Grosso,gradual,2009-16,70,607.0198600278876,637.7926501122138,649.8948318826854
Mato Grosso,gradual,2009-16,71,610.0965117904211,641.0052219210886,653.4025336189233
Mato Grosso,gradual,2009-16,72,612.9994716114315,643.8877159321038,654.9920217051769
Mato Grosso,gradual,2009-16,73,615.8719892716039,646.828261112746,658.1404996811386
Mato Grosso,gradual,2009-16,74,618.7991595890239,648.6492284265672,660.3324207448136
Mato Grosso,gradual,2009-16,75,621.6253496052736,652.3668821416727,663.5319312704186
Mato Grosso,gradual,2009-16,76,624.5399877898705,655.2810068475816,666.5376166043322
Mato Grosso,gradual,2009-16,77,627.4549803984685,657.9762395260478,669.5409773615902
Mato Grosso,gradual,2009-16,78,630.3550205619149,660.0505522654311,672.3641037346017
Mato Grosso,gradual,2009-16,79,633.2280485519923,662.9764871133267,674.8180147066232
Mato Grosso,gradual,2009-16,80,636.0215334367865,666.0422507194526,677.081459914364
Mato Grosso,gradual,2009-16,81,638.9414360872972,668.5611067698375,680.4494277033671
Mato Grosso,gradual,2009-16,82,641.6838816106565,671.2780078776102,682.8516338006954
Mato Grosso,gradual,2009-16,83,644.4037284781035,674.6500656057252,685.162637488638
Mato Grosso,gradual,2009-16,84,647.1152991469423,676.8126103929409,687.7898914838797
Mato Grosso,gradual,2009-16,85,649.7411657629425,679.1828122485381,690.0859979581237
Mato Grosso,gradual,2009-16,86,652.5027199310558,681.9290809489038,692.2267751831137
Mato Grosso,gradual,2009-16,87,655.2200624176,684.7817785692307,694.5672304922613
Mato Grosso,gradual,2009-16,88,657.7784356758699,687.0147757188548,698.0090772690503
Mato Grosso,gradual,2009-16,89,660.2167978680918,689.3490540590349,700.8906870501077
Mato Grosso,gradual,2009-16,90,662.7379461320746,691.4305000530146,702.9799714766513
Mato Grosso,gradual,2009-16,91,665.1856524154673,694.248532334173,703.9385954337932
Mato Grosso,gradual,2009-16,92,667.7326312111683,695.8820260436278,707.39433918717
Mato Grosso,gradual,2009-16,93,670.0830022162744,698.3588302779111,708.2391978392656
Mato Grosso,gradual,2009-16,94,672.5022778707549,700.3093058060597,711.2571972739631
Mato Grosso,gradual,2009-16,95,675.0172345258984,702.9841867518685,713.302767417406
Mato Grosso,gradual,2009-16,96,677.3640979229812,704.6656045705006,715.3675772788823
Mato Grosso,gradual,2009-16,97,679.6468317031321,707.1368537274582,717.5239562098221
Mato Grosso,gradual,2009-16,98,681.9972778705546,708.7411762325894,719.725553262515
Mato Grosso,gradual,2009-16,99,684.2138717298561,710.9798404634728,721.5603168578452
Mato Grosso,gradual,2009-16,100,686.6102962546635,713.7453747000276,724.6811077438246
Mato Grosso,gradual,2009-16,101,689.0130162021345,715.3829145000412,725.6390028807335
Mato Grosso,gradual,2009-16,102,691.1807997689118,717.4934567220184,727.411009439944
Mato Grosso,gradual,2009-16,103,693.3952195092061,719.3937082,729.8002065893928
Mato Grosso,gradual,2009-16,104,695.5757794981693,721.2063218784975,732.0946491927782
Mato Grosso,gradual,2009-16,105,697.8654861031325,723.8401491877388,733.9031346976582
Mato Grosso,gradual,2009-16,106,700.1121592121063,726.505172242534,735.7270703153459
Mato Grosso,gradual,2009-16,107,702.1654299320217,727.3990074016324,738.5272231291333
Mato Grosso,gradual,2009-16,108,704.2525989328167,729.8254237958241,740.1425430556058
Mato Grosso,gradual,2009-16,109,706.3290091439494,731.5051912881052,741.1493742474822
Mato Grosso,gradual,2009-16,110,708.4832356297267,733.6511831303302,743.8660659310182
Mato Grosso,gradual,2009-16,111,710.5507006309667,735.7256340664884,745.837507128879
Mato Grosso,gradual,2009-16,112,712.5801836728058,737.4791363878657,748.9850918092027
Mato Grosso,gradual,2009-16,113,714.6910475530461,739.6779589622373,749.6618789033072
Mato Grosso,gradual,2009-16,114,716.7753739705719,741.8245889835224,750.3434634589815
Mato Grosso,gradual,2009-16,115,718.9103891901249,743.5535324728439,752.9064127074403
Mato Grosso,gradual,2009-16,116,720.8257391686341,746.1053319007104,754.5227907131938
Mato Grosso,gradual,2009-16,117,722.8097122654581,748.2419936241981,757.0272360745178
Mato Grosso,gradual,2009-16,118,724.9064517251481,749.2474592719915,758.6017292246323
Mato Grosso,gradual,2009-16,119,726.8214214024334,751.3642525897276,761.7982582687446
Mato Grosso,gradual,2009-16,120,728.7782555708014,753.3036040081124,763.133110330576
Mato Grosso,gradual,2009-16,121,730.673420987519,754.771999654555,766.7192677389802
Mato Grosso,gradual,2009-16,122,732.4586282621264,756.6138134987793,767.1845782623649
Mato Grosso,gradual,2009-16,123,734.4594545509148,758.7201621762661,768.8856979285976
Mato Grosso,gradual,2009-16,124,736.3241889144142,760.5347027038246,771.5890099176702
Mato Grosso,gradual,2009-16,125,738.1786169109299,762.2351313094359,772.3661156381122
Mato Grosso,gradual,2009-16,126,740.0917905906599,764.1941338942449,773.690735642744
Mato Grosso,gradual,2009-16,127,741.9360312896615,765.6587686705834,775.8085126373117
Mato Grosso,gradual,2009-16,128,743.7776663476138,767.4826843822738,776.7130463352222
Mato Grosso,gradual,2009-16,129,745.5351528763755,769.0214221246837,779.3788501990333
Mato Grosso,gradual,2009-16,130,747.3906224753649,770.6608989386891,780.1508711113022
Mato Grosso,gradual,2009-16,131,749.0170576622354,772.0608187812838,780.9591711416481
Mato Grosso,gradual,2009-16,132,750.5751924884888,773.7259372907306,781.64909363813
Mato Grosso,gradual,2009-16,133,752.3077562927643,775.4499531059025,784.0057885228426
Mato Grosso,gradual,2009-16,134,754.1189227410513,776.8860843596412,785.692145971714
Mato Grosso,gradual,2009-16,135,755.8843126420977,778.8157524816024,786.8688929549234
Mato Grosso,gradual,2009-16,136,757.6233687190264,779.8695235286958,789.0883306987685
Mato Grosso,gradual,2009-16,137,759.330834761603,781.8030851504984,791.1945450281049
Mato Grosso,gradual,2009-16,138,760.9853792094649,782.9162938955352,792.6544949131002
Mato Grosso,gradual,2009-16,139,762.5879405055932,784.6703773182511,794.0993123161413
Mato Grosso,gradual,2009-16,140,764.2592108441623,786.3427212032948,795.3948543351215
Mato Grosso,gradual,2009-16,141,765.8609374234472,788.162742819007,797.3436599392081
Mato Grosso,gradual,2009-16,142,767.5182755005428,790.167012864531,797.7742136069552
Mato Grosso,gradual,2009-16,143,769.1141019383263,791.7172654713345,799.1778334017629
Mato Grosso,gradual,2009-16,144,770.6397922020324,792.726261354146,801.2914241320118
Mato Grosso,gradual,2009-16,145,772.2214307447547,794.2455439914826,803.3078299248991
Mato Grosso,gradual,2009-16,146,773.8435973078258,795.7776425862519,804.8735122145869
Mato Grosso,gradual,2009-16,147,775.4568931962352,797.4017861965855,805.2438382161497
Mato Grosso,gradual,2009-16,148,776.9937523692661,798.9795972789166,808.2545935447574
Mato Grosso,gradual,2009-16,149,778.5844861234931,800.8782505734283,808.8989173742366
Mato Grosso,gradual,2009-16,150,780.0273943228377,801.7497747521431,810.1532489964773
Mato Grosso,gradual,2009-16,151,781.5255861298464,803.1686842800643,811.3786903576797
Mato Grosso,gradual,2009-16,152,783.0562289487026,803.8708452562369,811.9908125265919
Mato Grosso,gradual,2009-16,153,784.5671831478569,805.4810548470626,814.0421942488829
Mato Grosso,gradual,2009-16,154,786.0703248380051,807.1637434988019,814.8237689038109
Mato Grosso,gradual,2009-16,155,787.5321220690819,808.5763022164773,816.9825746441588
Mato Grosso,gradual,2009-16,156,789.0968921046335,809.7785332473513,817.2991167708389
Mato Grosso,gradual,2009-16,157,790.5456006276679,811.1849459575889,819.0490690140454
Mato Grosso,gradual,2009-16,158,792.0161385775184,812.5106293581028,820.4366280444503
Mato Grosso,gradual,2009-16,159,793.4325711761119,814.319070670938,821.6583759407687
Mato Grosso,gradual,2009-16,160,794.8293339062891,815.2812849471145,822.9327445517737
Mato Grosso,gradual,2009-16,161,796.1089404738184,816.3108633578092,824.4435237173493
Mato Grosso,gradual,2009-16,162,797.5476421642751,817.6254189669017,826.2606283081118
Mato Grosso,gradual,2009-16,163,798.898626295123,819.1077924598933,827.2190256735093
Mato Grosso,gradual,2009-16,164,800.2839459928537,820.2109224604953,828.2462832249662
Mato Grosso,gradual,2009-16,165,801.5727155403036,821.1425142666434,829.5435079949709
Mato Grosso,gradual,2009-16,166,803.034358755005,823.180283223527,830.9231782069776
Mato Grosso,gradual,2009-16,167,804.4571192980385,824.0777169084324,831.4458979426768
Mato Grosso,gradual,2009-16,168,805.8882471965454,825.4369490551901,832.8024191419753
Mato Grosso,gradual,2009-16,169,807.2623746659663,826.8835537866013,833.8546315530294
Mato Grosso,gradual,2009-16,170,808.7913344768237,828.1684976848641,835.3532333560427
Mato Grosso,gradual,2009-16,171,810.0804941551879,829.6188855095666,836.6243257415472
Mato Grosso,gradual,2009-16,172,811.5317965923932,830.8349010800845,838.3256519520953
Mato Grosso,gradual,2009-16,173,812.9101482768058,831.9721426339063,838.9977986239444
Mato Grosso,gradual,2009-16,174,814.2835627716457,833.5290864838906,840.5082257442832
Mato Grosso,gradual,2009-16,175,815.6634838654135,834.8816482890028,841.7285589026519
Mato Grosso,gradual,2009-16,176,816.9802842743429,836.0238561322934,842.5259426360748
Mato Grosso,gradual,2009-16,177,818.147499856619,836.980140232505,843.8456546388297
Mato Grosso,gradual,2009-16,178,819.4661955728742,838.3420294353224,844.8106722723878
Mato Grosso,gradual,2009-16,179,820.6423671610459,839.1004774367839,846.341978230375
Mato Grosso,gradual,2009-16,180,821.8112260186284,840.162180628938,847.2414399384904
Mato Grosso,gradual,2009-16,181,823.0295738880244,841.1748754190444,848.1744777476604
Mato Grosso,gradual,2009-16,182,824.2437503974924,842.0044787845258,849.6555685182295
Mato Grosso,gradual,2009-16,183,825.4422840781864,843.3755416881912,850.4804513477587
Mato Grosso,gradual,2009-16,184,826.584450609084,844.1363458121981,851.4568624040548
Mato Grosso,gradual,2009-16,185,827.8120807579635,845.4144703296168,852.6567395798085
Mato Grosso,gradual,2009-16,186,829.0417693082069,846.6429052252473,853.9221786371852
Mato Grosso,gradual,2009-16,187,830.2619183300964,847.7927416812387,854.7720419548773
Mato Grosso,gradual,2009-16,188,831.35956850893206,848.8952166206891,855.3591618826368
Mato Grosso,gradual,2009-16,189,832.3981176181468,849.6647247508645,856.8838432212498
Mato Grosso,gradual,2009-16,190,833.4984222966323,850.5610571239881,857.5384592063853
Mato Grosso,gradual,2009-16,191,834.657054600222,851.8609945025454,859.0374849085318
Mato Grosso,gradual,2009-16,192,835.76712026495,853.1635737339379,860.5191487155514
Mato Grosso,gradual,2009-16,193,836.905481642566,854.1030170165257,860.8498844783348
Mato Grosso,gradual,2009-16,194,838.0766433762383,855.3392704718966,861.8612808234626
Mato Grosso,gradual,2009-16,195,839.1858008299245,856.3044470929492,862.5711559934039
Mato Grosso,gradual,2009-16,196,840.4117531868545,857.1678576753463,864.4984097608674
Mato Grosso,gradual,2009-16,197,841.4378987548174,858.3205781517566,865.2592037006815
Mato Grosso,gradual,2009-16,198,842.531375788879,859.5095552724433,866.3809923793596
Mato Grosso,gradual,2009-16,199,843.5124708842919,860.2729409009055,867.379439544322
Mato Grosso,gradual,2009-16,200,844.5519032617873,861.3974048066345,867.9550038473908
Mato Grosso,gradual,2017-25,0,0,0,0
Mato Grosso,gradual,2017-25,1,22.890467076223032,43.18551100667855,51.48427322080917
Mato Grosso,gradual,2017-25,2,44.9400568197324,72.98892880345255,86.61308810134713
Mato Grosso,gradual,2017-25,3,66.42821242207202,98.69300159997299,113.42981514019156
Mato Grosso,gradual,2017-25,4,86.64841189694737,122.25008241471345,139.40239912085354
Mato Grosso,gradual,2017-25,5,106.21056238839763,144.61732664497927,161.11602867892208
Mato Grosso,gradual,2017-25,6,124.6650344479751,164.77787066435977,180.09913017638965
Mato Grosso,gradual,2017-25,7,142.48519351390428,183.3249678813122,202.14846614003588
Mato Grosso,gradual,2017-25,8,159.66196769308903,203.1380032615641,219.35305117632495
Mato Grosso,gradual,2017-25,9,175.87801332020132,219.43044592323827,237.0462465012905
Mato Grosso,gradual,2017-25,10,191.53707938981597,236.0570709450761,256.03839084459656
Mato Grosso,gradual,2017-25,11,206.7245801930897,252.19516277348418,271.6911471316076
Mato Grosso,gradual,2017-25,12,221.0477931769542,266.665953530317,285.19107161367606
Mato Grosso,gradual,2017-25,13,235.16278898965422,281.4413540218401,298.95549815281214
Mato Grosso,gradual,2017-25,14,248.48744338040729,293.98974365975005,313.54546896407
Mato Grosso,gradual,2017-25,15,261.3976136443863,306.9736328631354,326.6011299963208
Mato Grosso,gradual,2017-25,16,273.75555138906094,319.9031856458242,337.55501492334275
Mato Grosso,gradual,2017-25,17,285.6749155046851,331.339203057355,350.5063389600809
Mato Grosso,gradual,2017-25,18,297.09085602881663,341.434226662403,362.4922802224653
Mato Grosso,gradual,2017-25,19,308.13242440041745,353.5260773005606,372.63032493643726
Mato Grosso,gradual,2017-25,20,318.82886837340885,363.70284505924036,380.62893242657015
Mato Grosso,gradual,2017-25,21,329.0344985521679,373.9166505147405,391.8396042153444
Mato Grosso,gradual,2017-25,22,338.86588630771365,383.4891510504883,400.89186597976095
Mato Grosso,gradual,2017-25,23,348.20405240435315,391.7014895988862,409.99958028566294
Mato Grosso,gradual,2017-25,24,357.4918516571848,400.79715567254624,419.12780530689037
Mato Grosso,gradual,2017-25,25,366.2606253696273,409.51360130617496,427.82871132518756
Mato Grosso,gradual,2017-25,26,374.82621635649923,418.0846640052665,435.983520988045
Mato Grosso,gradual,2017-25,27,383.22967950731856,426.01099640682094,443.7110586933733
Mato Grosso,gradual,2017-25,28,391.3176287343629,433.4882290000998,454.12566125958926
Mato Grosso,gradual,2017-25,29,399.0821981211784,441.754837065417,459.0943233295195
Mato Grosso,gradual,2017-25,30,406.4360190818621,448.01642607991204,465.9563608847256
Mato Grosso,gradual,2017-25,31,413.6900099101233,456.3149692805312,474.11593719624636
Mato Grosso,gradual,2017-25,32,420.71506534161125,463.22663373573283,481.9983479741725
Mato Grosso,gradual,2017-25,33,427.57863421089826,469.14617033897974,485.88834674837045
Mato Grosso,gradual,2017-25,34,434.18496760461954,475.1607573159318,492.87475598096313
Mato Grosso,gradual,2017-25,35,440.5467087169516,481.22244034839997,497.2266157415093
Mato Grosso,gradual,2017-25,36,446.794205163074,487.1198565895761,502.71333415270857
Mato Grosso,gradual,2017-25,37,452.9085645673834,492.73545751515576,507.0348426396867
Mato Grosso,gradual,2017-25,38,458.80841404071305,497.76917874739377,515.0744917755388
Mato Grosso,gradual,2017-25,39,464.42855083962274,503.0450942439409,518.8374318630521
Mato Grosso,gradual,2017-25,40,470.0731609735805,508.15784004514666,524.05267595024
Mato Grosso,gradual,2017-25,41,475.5545119192251,513.9695120014081,529.7765383428288
Mato Grosso,gradual,2017-25,42,480.9244998892365,518.8480690650018,534.6792114087688
Mato Grosso,gradual,2017-25,43,486.03966088707585,523.4122116211043,539.5048485609473
Mato Grosso,gradual,2017-25,44,491.00110793086174,528.1203522420949,542.7444517564385
Mato Grosso,gradual,2017-25,45,495.8940622285207,533.3582073799768,547.026951363344
Mato Grosso,gradual,2017-25,46,500.4872156335656,537.2710206922015,551.2820158467897
Mato Grosso,gradual,2017-25,47,505.1307662066813,541.8698626807893,555.0716394714212
Mato Grosso,gradual,2017-25,48,509.34017145424025,545.6424349700104,558.8875245723187
Mato Grosso,gradual,2017-25,49,513.7863121973886,550.3339653735893,563.43678827279075
Mato Grosso,gradual,2017-25,50,518.1118410548931,554.2711309655552,570.0004781058053
Mato Grosso,gradual,2017-25,51,522.4337578581775,558.1580159038525,572.9185961586538
Mato Grosso,gradual,2017-25,52,526.6262026542448,561.9117536415486,575.9095828852306
Mato Grosso,gradual,2017-25,53,530.61490414742,565.3532075002789,580.2831371950613
Mato Grosso,gradual,2017-25,54,534.5609734335322,570.6367358775494,583.6439405728444
Mato Grosso,gradual,2017-25,55,538.3463276710531,574.3438796701114,587.775485349196
Mato Grosso,gradual,2017-25,56,542.1417042906659,577.1358820740282,590.367285235523
Mato Grosso,gradual,2017-25,57,545.8379424434269,580.8714499986731,594.407722367015
Mato Grosso,gradual,2017-25,58,549.5623272407911,584.2545854386088,597.9494480547525
Mato Grosso,gradual,2017-25,59,553.1695195338683,587.8582384138961,601.773573655893
Mato Grosso,gradual,2017-25,60,556.8710539794911,591.2904886320227,605.5800668112007
Mato Grosso,gradual,2017-25,61,560.391863191437,594.2677388633291,608.3573461545683
Mato Grosso,gradual,2017-25,62,563.9772902849969,597.8999005606609,611.1044556198558
Mato Grosso,gradual,2017-25,63,567.2725914408715,600.9587985243761,613.9290527949352
Mato Grosso,gradual,2017-25,64,570.6326782376515,604.0992376090097,617.1541341383436
Mato Grosso,gradual,2017-25,65,573.8436575981989,607.1098102176167,619.522594803648
Mato Grosso,gradual,2017-25,66,577.1472176319907,610.1737916917693,622.9208670712998
Mato Grosso,gradual,2017-25,67,580.5092825830734,614.1917594945004,625.3822745922747
Mato Grosso,gradual,2017-25,68,583.56585088728,616.945792718731,629.1952871089389
Mato Grosso,gradual,2017-25,69,586.8642331535235,619.8668518221813,632.4866192362914
Mato Grosso,gradual,2017-25,70,589.9988940021002,622.9352921496468,634.5599718504294
Mato Grosso,gradual,2017-25,71,592.9442062065992,624.803638942617,638.3784403703347
Mato Grosso,gradual,2017-25,72,595.963939310413,628.1714379305598,641.7850346939643
Mato Grosso,gradual,2017-25,73,598.8301064617416,630.7075768437993,643.5601024393343
Mato Grosso,gradual,2017-25,74,601.6258521496849,633.2542890371767,646.3818053499699
Mato Grosso,gradual,2017-25,75,604.5259051235477,636.258051152068,649.3216595438329
Mato Grosso,gradual,2017-25,76,607.4798888791809,638.5672844152725,651.2678317108556
Mato Grosso,gradual,2017-25,77,610.4316967464433,641.8031202030318,654.4777602240125
Mato Grosso,gradual,2017-25,78,613.1873737415276,644.7332296741588,656.4087068256007
Mato Grosso,gradual,2017-25,79,615.9117864821097,647.6423907050673,660.0425303815675
Mato Grosso,gradual,2017-25,80,618.7292059870135,649.7889835622924,661.0211729378373
Mato Grosso,gradual,2017-25,81,621.5120768499751,652.2149806862676,664.1386878436069
Mato Grosso,gradual,2017-25,82,624.211441580096,655.6429091925511,667.4204162621346
Mato Grosso,gradual,2017-25,83,626.797139920194,657.2478633644963,668.597429921794
Mato Grosso,gradual,2017-25,84,629.3658963452312,660.5160450731155,670.4595957135467
Mato Grosso,gradual,2017-25,85,631.7313777676505,662.2041117817384,675.5249298082197
Mato Grosso,gradual,2017-25,86,634.3652084751474,665.011618165163,677.367648071298
Mato Grosso,gradual,2017-25,87,636.8846579159092,667.7044375379983,679.9057528201292
Mato Grosso,gradual,2017-25,88,639.3289561695955,670.0062338691062,682.4679656984841
Mato Grosso,gradual,2017-25,89,641.7892696117648,672.8675146171668,685.759136800623
Mato Grosso,gradual,2017-25,90,644.4398429057575,675.3501416191816,687.1999077497093
Mato Grosso,gradual,2017-25,91,646.802383990896,677.2398835260268,690.0229121731616
Mato Grosso,gradual,2017-25,92,649.1559270458561,679.0333611132814,690.9074929816916
Mato Grosso,gradual,2017-25,93,651.4759899583877,681.2073079724229,692.9665247910586
Mato Grosso,gradual,2017-25,94,653.9425012237947,683.7023313631666,694.7048005435095
Mato Grosso,gradual,2017-25,95,656.2763191870489,685.5025359754757,697.2540772563121
Mato Grosso,gradual,2017-25,96,658.7133593522145,688.0915638639043,698.9262916722258
Mato Grosso,gradual,2017-25,97,661.0063778448088,689.9911783057937,700.7541400668499
Mato Grosso,gradual,2017-25,98,663.1214164095535,692.087225269232,703.9737754230351
Mato Grosso,gradual,2017-25,99,665.4600174130607,694.4900413134072,705.7845467501577
Mato Grosso,gradual,2017-25,100,667.5501132393962,696.2683675797637,708.3371716317749
Mato Grosso,gradual,2017-25,101,669.6815655244759,697.9889534498266,709.6222333936587
Mato Grosso,gradual,2017-25,102,671.9324207141651,700.3239275624081,712.9379235917834
Mato Grosso,gradual,2017-25,103,674.159823977873,702.6075662135701,714.6457589434714
Mato Grosso,gradual,2017-25,104,676.345832355124,705.1846762782197,716.803625180278
Mato Grosso,gradual,2017-25,105,678.4033270906097,707.1622708564895,718.2595227813614
Mato Grosso,gradual,2017-25,106,680.5381049271364,709.6216955398645,719.5786658997368
Mato Grosso,gradual,2017-25,107,682.5778429972113,710.7631072765038,720.9573804214409
Mato Grosso,gradual,2017-25,108,684.691854412902,712.4869417790361,723.3523357239844
Mato Grosso,gradual,2017-25,109,686.6942621221871,714.6792131562104,726.1273471396386
Mato Grosso,gradual,2017-25,110,688.6964099914109,716.7989448907691,726.7886001413369
Mato Grosso,gradual,2017-25,111,690.6616648267174,718.2874449470883,728.549484234779
Mato Grosso,gradual,2017-25,112,692.6982922481475,719.7392693162309,730.6474675601205
Mato Grosso,gradual,2017-25,113,694.7561705066704,722.2486877974545,733.0905241596289
Mato Grosso,gradual,2017-25,114,696.6564313821049,724.5369471620344,734.8497760000578
Mato Grosso,gradual,2017-25,115,698.6173805908938,726.1113645726394,736.1485397086818
Mato Grosso,gradual,2017-25,116,700.579049227118,727.7851259527357,738.8135086340071
Mato Grosso,gradual,2017-25,117,702.5782576360936,729.7130441775005,739.9581610426944
Mato Grosso,gradual,2017-25,118,704.4168994112691,730.990705223622,742.824704651296
Mato Grosso,gradual,2017-25,119,706.3680405933333,733.2786947499733,743.7436192420765
Mato Grosso,gradual,2017-25,120,708.3452759939319,735.1994480481782,745.3334682110393
Mato Grosso,gradual,2017-25,121,710.2420638997365,737.1249361424548,748.0148929888625
Mato Grosso,gradual,2017-25,122,712.149817336874,738.8753907691049,749.8962885980181
Mato Grosso,gradual,2017-25,123,713.9473271814,740.0723129626244,750.1505341900286
Mato Grosso,gradual,2017-25,124,715.7332214906409,741.6367904305743,752.2312182256576
Mato Grosso,gradual,2017-25,125,717.429487637538,743.3456165300686,753.20034359926
Mato Grosso,gradual,2017-25,126,719.260043121909,745.139156210084,755.9470750594145
Mato Grosso,gradual,2017-25,127,721.0761758857392,746.8212396547734,757.0713664650236
Mato Grosso,gradual,2017-25,128,722.8883129270729,748.7487107434677,758.6671250106394
Mato Grosso,gradual,2017-25,129,724.7579258089432,750.1948602291608,759.8246477340338
Mato Grosso,gradual,2017-25,130,726.54777233945,751.9654905811303,763.1081309410753
Mato Grosso,gradual,2017-25,131,728.4931575166155,753.982179795453,763.7711602852746
Mato Grosso,gradual,2017-25,132,730.1967393157038,755.4564829347097,764.4462842208625
Mato Grosso,gradual,2017-25,133,731.9783517142819,757.1640271705976,767.4358228332245
Mato Grosso,gradual,2017-25,134,733.8402749105742,759.0840576392968,769.3029630402148
Mato Grosso,gradual,2017-25,135,735.4507450752475,761.1263695999984,769.9680679199556
Mato Grosso,gradual,2017-25,136,737.1657439894775,762.1289602440731,772.6097141627004
Mato Grosso,gradual,2017-25,137,738.821541841478,764.0333922533927,773.8021232494611
Mato Grosso,gradual,2017-25,138,740.4958405711927,765.3761684434826,775.8375225364956
Mato Grosso,gradual,2017-25,139,742.1107235057344,767.0167350548115,776.8665855930428
Mato Grosso,gradual,2017-25,140,743.7201023783811,768.333243418529,778.2888772601531
Mato Grosso,gradual,2017-25,141,745.3344102408957,769.4980342163816,779.2859945260917
Mato Grosso,gradual,2017-25,142,747.0080229773978,771.28229652311,781.0531567301143
Mato Grosso,gradual,2017-25,143,748.628277499515,772.7207353212041,781.8621847338744
Mato Grosso,gradual,2017-25,144,750.2242362944193,774.3542673205689,783.4053554954238
Mato Grosso,gradual,2017-25,145,751.8666774741552,775.495391465991,784.8569678355822
Mato Grosso,gradual,2017-25,146,753.4126888790939,777.0604345697453,786.2007903301793
Mato Grosso,gradual,2017-25,147,755.0462433425243,778.79091753112,788.496904292534
Mato Grosso,gradual,2017-25,148,756.6019681929929,780.155946163481,790.2435819604132
Mato Grosso,gradual,2017-25,149,758.2397612320989,781.8917513305947,791.3920662926411
Mato Grosso,gradual,2017-25,150,759.6882934845905,783.2747528641576,793.6831081298689
Mato Grosso,gradual,2017-25,151,761.1355252559466,784.3309506983745,794.2195998522543
Mato Grosso,gradual,2017-25,152,762.6336435452196,785.4282994778534,795.2715071199042
Mato Grosso,gradual,2017-25,153,764.1788537073493,787.1604118527127,796.8272948486978
Mato Grosso,gradual,2017-25,154,765.7701000800623,788.5636719262645,797.8669298890278
Mato Grosso,gradual,2017-25,155,767.3207817877475,790.0384215146003,798.9399076763119
Mato Grosso,gradual,2017-25,156,768.8309389251061,791.4233431764495,800.5527279868852
Mato Grosso,gradual,2017-25,157,770.3008863915333,793.0132622902202,801.6872459665727
Mato Grosso,gradual,2017-25,158,771.7438636214586,794.29707156258,804.0645783363287
Mato Grosso,gradual,2017-25,159,773.0862703747927,796.1491193372074,805.4765345931262
Mato Grosso,gradual,2017-25,160,774.5685478727685,797.6187715763779,806.6737130417118
Mato Grosso,gradual,2017-25,161,776.0356611142715,798.3267579267086,807.664341171076
Mato Grosso,gradual,2017-25,162,777.4750760968246,799.8794296077841,808.0967032215179
Mato Grosso,gradual,2017-25,163,778.8977793558524,800.882459608049,809.5285669392548
Mato Grosso,gradual,2017-25,164,780.2451208861206,802.0243707261297,811.0796517045393
Mato Grosso,gradual,2017-25,165,781.5904531689375,803.2714239884626,811.3399020884566
Mato Grosso,gradual,2017-25,166,782.9294685999446,804.3262906390673,812.3088455601331
Mato Grosso,gradual,2017-25,167,784.2966595638733,805.9022224648498,813.3945391233784
Mato Grosso,gradual,2017-25,168,785.6839775704507,806.6491046543713,814.9740283976613
Mato Grosso,gradual,2017-25,169,787.0178439024517,808.3355513832264,817.0662186650294
Mato Grosso,gradual,2017-25,170,788.337464552482,809.3554697366417,818.4689327628097
Mato Grosso,gradual,2017-25,171,789.620036732397,811.0753682393812,819.1941652185817
Mato Grosso,gradual,2017-25,172,790.9145645742026,811.8246060492964,820.7189254770531
Mato Grosso,gradual,2017-25,173,792.2592507626844,813.8051239708084,821.635092046485
Mato Grosso,gradual,2017-25,174,793.5425754549973,814.8386829424245,822.8861697163715
Mato Grosso,gradual,2017-25,175,794.8480894076456,815.7656170543446,824.7695758784612
Mato Grosso,gradual,2017-25,176,796.210107874992,817.0324913789071,825.8750126867012
Mato Grosso,gradual,2017-25,177,797.4903498251809,818.5812236967687,826.9394887396542
Mato Grosso,gradual,2017-25,178,798.8484464075151,819.88331171619825,828.7851461030591
Mato Grosso,gradual,2017-25,179,800.0254171554304,821.1618308395122,829.0326006889248
Mato Grosso,gradual,2017-25,180,801.3313669890782,822.3864832339805,830.1067895038697
Mato Grosso,gradual,2017-25,181,802.5818807349938,823.2607445940101,831.3447110667685
Mato Grosso,gradual,2017-25,182,803.8148637758251,824.4103294179275,832.3500846098542
Mato Grosso,gradual,2017-25,183,805.0156875689155,825.342394030516,832.351230948669
Mato Grosso,gradual,2017-25,184,806.3139670139782,826.4856571584168,834.2731809868103
Mato Grosso,gradual,2017-25,185,807.5114635602733,827.4935471636476,834.4392303582636
Mato Grosso,gradual,2017-25,186,808.658256629224,828.5129027392545,835.8201920227515
Mato Grosso,gradual,2017-25,187,809.8603840811286,829.6875498878204,836.8372642625446
Mato Grosso,gradual,2017-25,188,810.9775041804018,830.8343159084085,838.1845024774672
Mato Grosso,gradual,2017-25,189,812.2290163652609,832.131404756251,839.5073740567916
Mato Grosso,gradual,2017-25,190,813.424078047639,833.2443150444482,840.7144287661081
Mato Grosso,gradual,2017-25,191,814.5790890480905,834.2692541897014,841.3940325998021
Mato Grosso,gradual,2017-25,192,815.8044669909956,835.5789677705352,842.4384950073137
Mato Grosso,gradual,2017-25,193,816.9487013093726,836.5898282072039,843.6975303232106
Mato Grosso,gradual,2017-25,194,818.1578895085978,837.6190297170748,844.2745720419566
Mato Grosso,gradual,2017-25,195,819.2027058202921,838.3822861106179,846.4744488038812
Mato Grosso,gradual,2017-25,196,820.4103851138949,839.7214445799684,846.7166417118309
Mato Grosso,gradual,2017-25,197,821.4756413145616,840.7167078548143,848.2376272820101
Mato Grosso,gradual,2017-25,198,822.5685031497809,841.3759785996536,848.7177014482097
Mato Grosso,gradual,2017-25,199,823.7634534202413,842.8792030563571,850.0930562238209
Mato Grosso,gradual,2017-25,200,824.8523783995939,843.8455095275381,851.0482222576517
Mato Grosso,absorbing,Full record (2001-25),0,0,0,0
Mato Grosso,absorbing,Full record (2001-25),1,26.613599931344595,46.10602292687383,46.10602292687383
Mato Grosso,absorbing,Full record (2001-25),2,51.25968766253203,68.60880274631769,1000
Mato Grosso,absorbing,Full record (2001-25),3,74.39204974611013,91.25076108713006,1000
Mato Grosso,absorbing,Full record (2001-25),4,96.42646179435997,115.75186987087848,1000
Mato Grosso,absorbing,Full record (2001-25),5,115.96055646753193,137.9641102986527,1000
Mato Grosso,absorbing,Full record (2001-25),6,135.53014057066818,161.31637721968914,1000
Mato Grosso,absorbing,Full record (2001-25),7,155.5456112845116,193.21521213823635,1000
Mato Grosso,absorbing,Full record (2001-25),8,173.39659207636547,1000,1000
Mato Grosso,absorbing,Full record (2001-25),9,193.67088111686834,1000,1000
Mato Grosso,absorbing,Full record (2001-25),10,211.46237742800977,1000,1000
Mato Grosso,absorbing,Full record (2001-25),11,227.1878799055609,1000,1000
Mato Grosso,absorbing,Full record (2001-25),12,243.60167577228304,1000,1000
Mato Grosso,absorbing,Full record (2001-25),13,258.72617157015225,1000,1000
Mato Grosso,absorbing,Full record (2001-25),14,273.96078851201025,1000,1000
Mato Grosso,absorbing,Full record (2001-25),15,289.4790310939636,1000,1000
Mato Grosso,absorbing,Full record (2001-25),16,302.7736119219014,1000,1000
Mato Grosso,absorbing,Full record (2001-25),17,315.52165172472024,1000,1000
Mato Grosso,absorbing,Full record (2001-25),18,328.8130714014287,1000,1000
Mato Grosso,absorbing,Full record (2001-25),19,340.9807179517149,1000,1000
Mato Grosso,absorbing,Full record (2001-25),20,352.83953211125817,1000,1000
Mato Grosso,absorbing,Full record (2001-25),21,365.121545998466,1000,1000
Mato Grosso,absorbing,Full record (2001-25),22,377.0100479272536,1000,1000
Mato Grosso,absorbing,Full record (2001-25),23,387.614307421963,1000,1000
Mato Grosso,absorbing,Full record (2001-25),24,398.1521069813839,1000,1000
Mato Grosso,absorbing,Full record (2001-25),25,408.54413227663827,1000,1000
Mato Grosso,absorbing,Full record (2001-25),26,418.3741298618003,1000,1000
Mato Grosso,absorbing,Full record (2001-25),27,427.45621809559566,1000,1000
Mato Grosso,absorbing,Full record (2001-25),28,436.62461457425934,1000,1000
Mato Grosso,absorbing,Full record (2001-25),29,447.4553194603207,1000,1000
Mato Grosso,absorbing,Full record (2001-25),30,456.03059887117826,1000,1000
Mato Grosso,absorbing,Full record (2001-25),31,462.86960700401926,1000,1000
Mato Grosso,absorbing,Full record (2001-25),32,472.1382335313003,1000,1000
Mato Grosso,absorbing,Full record (2001-25),33,480.20167709660586,1000,1000
Mato Grosso,absorbing,Full record (2001-25),34,487.37790741050003,1000,1000
Mato Grosso,absorbing,Full record (2001-25),35,493.2127670827852,1000,1000
Mato Grosso,absorbing,Full record (2001-25),36,501.16452891058805,1000,1000
Mato Grosso,absorbing,Full record (2001-25),37,507.36788518519006,1000,1000
Mato Grosso,absorbing,Full record (2001-25),38,513.4301558755216,1000,1000
Mato Grosso,absorbing,Full record (2001-25),39,519.2852108901296,1000,1000
Mato Grosso,absorbing,Full record (2001-25),40,525.506305059431,1000,1000
Mato Grosso,absorbing,Full record (2001-25),41,531.4758110649341,1000,1000
Mato Grosso,absorbing,Full record (2001-25),42,538.2082964226968,1000,1000
Mato Grosso,absorbing,Full record (2001-25),43,544.7148526631788,1000,1000
Mato Grosso,absorbing,Full record (2001-25),44,549.9446657910963,1000,1000
Mato Grosso,absorbing,Full record (2001-25),45,555.8586440854697,1000,1000
Mato Grosso,absorbing,Full record (2001-25),46,561.7899949572276,1000,1000
Mato Grosso,absorbing,Full record (2001-25),47,566.8520608205113,1000,1000
Mato Grosso,absorbing,Full record (2001-25),48,571.2740150647295,1000,1000
Mato Grosso,absorbing,Full record (2001-25),49,576.1809975745683,1000,1000
Mato Grosso,absorbing,Full record (2001-25),50,581.9868426279427,1000,1000
Mato Grosso,absorbing,Full record (2001-25),51,586.4353281255748,1000,1000
Mato Grosso,absorbing,Full record (2001-25),52,590.5688248325382,1000,1000
Mato Grosso,absorbing,Full record (2001-25),53,595.6632751253775,1000,1000
Mato Grosso,absorbing,Full record (2001-25),54,599.640638371771,1000,1000
Mato Grosso,absorbing,Full record (2001-25),55,605.5182015190553,1000,1000
Mato Grosso,absorbing,Full record (2001-25),56,610.1894902048716,1000,1000
Mato Grosso,absorbing,Full record (2001-25),57,614.6742947444988,1000,1000
Mato Grosso,absorbing,Full record (2001-25),58,619.1576374479378,1000,1000
Mato Grosso,absorbing,Full record (2001-25),59,623.2642566872527,1000,1000
Mato Grosso,absorbing,Full record (2001-25),60,627.5501672707619,1000,1000
Mato Grosso,absorbing,Full record (2001-25),61,632.0647668955817,1000,1000
Mato Grosso,absorbing,Full record (2001-25),62,635.5120126831106,1000,1000
Mato Grosso,absorbing,Full record (2001-25),63,639.8726424927495,1000,1000
Mato Grosso,absorbing,Full record (2001-25),64,643.5453715807911,1000,1000
Mato Grosso,absorbing,Full record (2001-25),65,646.6770441272997,1000,1000
Mato Grosso,absorbing,Full record (2001-25),66,650.7584315990805,1000,1000
Mato Grosso,absorbing,Full record (2001-25),67,655.4790380321643,1000,1000
Mato Grosso,absorbing,Full record (2001-25),68,659.1465591247565,1000,1000
Mato Grosso,absorbing,Full record (2001-25),69,663.1633602415548,1000,1000
Mato Grosso,absorbing,Full record (2001-25),70,666.7708072401539,1000,1000
Mato Grosso,absorbing,Full record (2001-25),71,670.3972966006147,1000,1000
Mato Grosso,absorbing,Full record (2001-25),72,674.5618774904237,1000,1000
Mato Grosso,absorbing,Full record (2001-25),73,677.8123868138213,1000,1000
Mato Grosso,absorbing,Full record (2001-25),74,681.431865473944,1000,1000
Mato Grosso,absorbing,Full record (2001-25),75,684.2824633912702,1000,1000
Mato Grosso,absorbing,Full record (2001-25),76,687.0466925742397,1000,1000
Mato Grosso,absorbing,Full record (2001-25),77,690.3770712180934,1000,1000
Mato Grosso,absorbing,Full record (2001-25),78,694.6045622220945,1000,1000
Mato Grosso,absorbing,Full record (2001-25),79,697.3109448078663,1000,1000
Mato Grosso,absorbing,Full record (2001-25),80,700.8971514155902,1000,1000
Mato Grosso,absorbing,Full record (2001-25),81,703.1411501385526,1000,1000
Mato Grosso,absorbing,Full record (2001-25),82,706.2504820299489,1000,1000
Mato Grosso,absorbing,Full record (2001-25),83,709.4118912768015,1000,1000
Mato Grosso,absorbing,Full record (2001-25),84,711.5078429223659,1000,1000
Mato Grosso,absorbing,Full record (2001-25),85,714.5957897442961,1000,1000
Mato Grosso,absorbing,Full record (2001-25),86,717.6064624266164,1000,1000
Mato Grosso,absorbing,Full record (2001-25),87,720.5497625298143,1000,1000
Mato Grosso,absorbing,Full record (2001-25),88,722.6372931606065,1000,1000
Mato Grosso,absorbing,Full record (2001-25),89,725.3372424350393,1000,1000
Mato Grosso,absorbing,Full record (2001-25),90,727.8554119411455,1000,1000
Mato Grosso,absorbing,Full record (2001-25),91,730.6349101394089,1000,1000
Mato Grosso,absorbing,Full record (2001-25),92,733.578129169352,1000,1000
Mato Grosso,absorbing,Full record (2001-25),93,736.9174685639318,1000,1000
Mato Grosso,absorbing,Full record (2001-25),94,738.5077416888723,1000,1000
Mato Grosso,absorbing,Full record (2001-25),95,740.1024941343583,1000,1000
Mato Grosso,absorbing,Full record (2001-25),96,742.7980099893754,1000,1000
Mato Grosso,absorbing,Full record (2001-25),97,745.3347190826373,1000,1000
Mato Grosso,absorbing,Full record (2001-25),98,747.3455098341759,1000,1000
Mato Grosso,absorbing,Full record (2001-25),99,749.1425783070291,1000,1000
Mato Grosso,absorbing,Full record (2001-25),100,751.2794531837365,1000,1000
Mato Grosso,absorbing,Full record (2001-25),101,753.6951661310603,1000,1000
Mato Grosso,absorbing,Full record (2001-25),102,755.9644724696691,1000,1000
Mato Grosso,absorbing,Full record (2001-25),103,758.3706161723461,1000,1000
Mato Grosso,absorbing,Full record (2001-25),104,760.0359195914157,1000,1000
Mato Grosso,absorbing,Full record (2001-25),105,762.0895341903959,1000,1000
Mato Grosso,absorbing,Full record (2001-25),106,764.4523305729494,1000,1000
Mato Grosso,absorbing,Full record (2001-25),107,766.3034846313222,1000,1000
Mato Grosso,absorbing,Full record (2001-25),108,768.1062728198947,1000,1000
Mato Grosso,absorbing,Full record (2001-25),109,770.2206372530865,1000,1000
Mato Grosso,absorbing,Full record (2001-25),110,772.9489734673689,1000,1000
Mato Grosso,absorbing,Full record (2001-25),111,774.8236649649144,1000,1000
Mato Grosso,absorbing,Full record (2001-25),112,777.09688421902,1000,1000
Mato Grosso,absorbing,Full record (2001-25),113,779.5022491187791,1000,1000
Mato Grosso,absorbing,Full record (2001-25),114,781.326971066547,1000,1000
Mato Grosso,absorbing,Full record (2001-25),115,783.1442896824851,1000,1000
Mato Grosso,absorbing,Full record (2001-25),116,784.8182512434381,1000,1000
Mato Grosso,absorbing,Full record (2001-25),117,786.7691387084556,1000,1000
Mato Grosso,absorbing,Full record (2001-25),118,788.7817722737519,1000,1000
Mato Grosso,absorbing,Full record (2001-25),119,790.8775168508473,1000,1000
Mato Grosso,absorbing,Full record (2001-25),120,792.0828035756584,1000,1000
Mato Grosso,absorbing,Full record (2001-25),121,794.3783150112325,1000,1000
Mato Grosso,absorbing,Full record (2001-25),122,796.2996994387793,1000,1000
Mato Grosso,absorbing,Full record (2001-25),123,798.119770774705,1000,1000
Mato Grosso,absorbing,Full record (2001-25),124,800.2073296983123,1000,1000
Mato Grosso,absorbing,Full record (2001-25),125,802.3111362255192,1000,1000
Mato Grosso,absorbing,Full record (2001-25),126,804.4478953295333,1000,1000
Mato Grosso,absorbing,Full record (2001-25),127,806.3554948630058,1000,1000
Mato Grosso,absorbing,Full record (2001-25),128,808.0920092854409,1000,1000
Mato Grosso,absorbing,Full record (2001-25),129,810.4803593947363,1000,1000
Mato Grosso,absorbing,Full record (2001-25),130,812.5121845021774,1000,1000
Mato Grosso,absorbing,Full record (2001-25),131,813.3977161299317,1000,1000
Mato Grosso,absorbing,Full record (2001-25),132,815.1795930478761,1000,1000
Mato Grosso,absorbing,Full record (2001-25),133,817.1863613080677,1000,1000
Mato Grosso,absorbing,Full record (2001-25),134,818.6550562974527,1000,1000
Mato Grosso,absorbing,Full record (2001-25),135,820.3550985829631,1000,1000
Mato Grosso,absorbing,Full record (2001-25),136,822.1177353480356,1000,1000
Mato Grosso,absorbing,Full record (2001-25),137,823.7852980034693,1000,1000
Mato Grosso,absorbing,Full record (2001-25),138,825.40209544174445,1000,1000
Mato Grosso,absorbing,Full record (2001-25),139,826.8723610544292,1000,1000
Mato Grosso,absorbing,Full record (2001-25),140,828.3354436602473,1000,1000
Mato Grosso,absorbing,Full record (2001-25),141,830.3016334426895,1000,1000
Mato Grosso,absorbing,Full record (2001-25),142,831.8652751367989,1000,1000
Mato Grosso,absorbing,Full record (2001-25),143,833.5997334308888,1000,1000
Mato Grosso,absorbing,Full record (2001-25),144,835.3426076672698,1000,1000
Mato Grosso,absorbing,Full record (2001-25),145,836.5885661004153,1000,1000
Mato Grosso,absorbing,Full record (2001-25),146,837.9218895509725,1000,1000
Mato Grosso,absorbing,Full record (2001-25),147,839.408107626641,1000,1000
Mato Grosso,absorbing,Full record (2001-25),148,840.9612255381444,1000,1000
Mato Grosso,absorbing,Full record (2001-25),149,842.4998306134265,1000,1000
Mato Grosso,absorbing,Full record (2001-25),150,844.3122491202212,1000,1000
Mato Grosso,absorbing,Full record (2001-25),151,846.1085458899925,1000,1000
Mato Grosso,absorbing,Full record (2001-25),152,848.2777333407162,1000,1000
Mato Grosso,absorbing,Full record (2001-25),153,849.7474526560575,1000,1000
Mato Grosso,absorbing,Full record (2001-25),154,851.2907334074669,1000,1000
Mato Grosso,absorbing,Full record (2001-25),155,852.2282210293257,1000,1000
Mato Grosso,absorbing,Full record (2001-25),156,853.4442956226056,1000,1000
Mato Grosso,absorbing,Full record (2001-25),157,855.15452130155,1000,1000
Mato Grosso,absorbing,Full record (2001-25),158,856.8307397280099,1000,1000
Mato Grosso,absorbing,Full record (2001-25),159,857.8054682519322,1000,1000
Mato Grosso,absorbing,Full record (2001-25),160,859.0920153594772,1000,1000
Mato Grosso,absorbing,Full record (2001-25),161,861.0809356735463,1000,1000
Mato Grosso,absorbing,Full record (2001-25),162,862.3628004733155,1000,1000
Mato Grosso,absorbing,Full record (2001-25),163,863.9033861412299,1000,1000
Mato Grosso,absorbing,Full record (2001-25),164,864.4046528477038,1000,1000
Mato Grosso,absorbing,Full record (2001-25),165,865.9870009197994,1000,1000
Mato Grosso,absorbing,Full record (2001-25),166,867.2084734537925,1000,1000
Mato Grosso,absorbing,Full record (2001-25),167,868.4324466042912,1000,1000
Mato Grosso,absorbing,Full record (2001-25),168,869.3036489746646,1000,1000
Mato Grosso,absorbing,Full record (2001-25),169,871.3232029375267,1000,1000
Mato Grosso,absorbing,Full record (2001-25),170,872.7723475449942,1000,1000
Mato Grosso,absorbing,Full record (2001-25),171,874.0175273956768,1000,1000
Mato Grosso,absorbing,Full record (2001-25),172,875.4741125196317,1000,1000
Mato Grosso,absorbing,Full record (2001-25),173,876.5991201440551,1000,1000
Mato Grosso,absorbing,Full record (2001-25),174,877.2623679562878,1000,1000
Mato Grosso,absorbing,Full record (2001-25),175,879.2758769151309,1000,1000
Mato Grosso,absorbing,Full record (2001-25),176,880.3916265959754,1000,1000
Mato Grosso,absorbing,Full record (2001-25),177,881.5386252715367,1000,1000
Mato Grosso,absorbing,Full record (2001-25),178,882.880283375212,1000,1000
Mato Grosso,absorbing,Full record (2001-25),179,884.145908165862,1000,1000
Mato Grosso,absorbing,Full record (2001-25),180,885.0673888668873,1000,1000
Mato Grosso,absorbing,Full record (2001-25),181,886.2699125974292,1000,1000
Mato Grosso,absorbing,Full record (2001-25),182,887.2365183639704,1000,1000
Mato Grosso,absorbing,Full record (2001-25),183,888.4990763328071,1000,1000
Mato Grosso,absorbing,Full record (2001-25),184,889.5169192890784,1000,1000
Mato Grosso,absorbing,Full record (2001-25),185,890.3873331017318,1000,1000
Mato Grosso,absorbing,Full record (2001-25),186,891.5299108755526,1000,1000
Mato Grosso,absorbing,Full record (2001-25),187,892.844695253878,1000,1000
Mato Grosso,absorbing,Full record (2001-25),188,893.417456958361,1000,1000
Mato Grosso,absorbing,Full record (2001-25),189,894.6170698187178,1000,1000
Mato Grosso,absorbing,Full record (2001-25),190,895.8275308247654,1000,1000
Mato Grosso,absorbing,Full record (2001-25),191,897.0565125916485,1000,1000
Mato Grosso,absorbing,Full record (2001-25),192,898.5428812626851,1000,1000
Mato Grosso,absorbing,Full record (2001-25),193,899.3833917283915,1000,1000
Mato Grosso,absorbing,Full record (2001-25),194,899.8018729789094,1000,1000
Mato Grosso,absorbing,Full record (2001-25),195,900.4993086733255,1000,1000
Mato Grosso,absorbing,Full record (2001-25),196,900.8188823125162,1000,1000
Mato Grosso,absorbing,Full record (2001-25),197,901.6551972542675,1000,1000
Mato Grosso,absorbing,Full record (2001-25),198,902.3288517451682,1000,1000
Mato Grosso,absorbing,Full record (2001-25),199,903.016576575074,1000,1000
Mato Grosso,absorbing,Full record (2001-25),200,903.551353533532,1000,1000
Papua,fire only,Full record (2001-25),0,0,0,0
Papua,fire only,Full record (2001-25),1,0.5770315616504612,4.8496550881668155,4.8496550881668155
Papua,fire only,Full record (2001-25),2,1.1216628174571948,5.007995625742834,5.6287640493730695
Papua,fire only,Full record (2001-25),3,1.672946292403278,5.58549557635591,7.026143261950123
Papua,fire only,Full record (2001-25),4,2.1909101282682637,6.195859860077347,9.484511944928343
Papua,fire only,Full record (2001-25),5,2.677518270959447,6.894757169779627,10.45425592694387
Papua,fire only,Full record (2001-25),6,3.1771594655041198,7.6879080533477095,11.095685851113837
Papua,fire only,Full record (2001-25),7,3.655050284950892,8.348030735928335,11.606206181860577
Papua,fire only,Full record (2001-25),8,4.156839454619161,9.48787332385956,12.302008855978995
Papua,fire only,Full record (2001-25),9,4.618806425599733,10.637864038930985,13.024563172681285
Papua,fire only,Full record (2001-25),10,5.113057103590432,11.304252416425744,14.068344440950522
Papua,fire only,Full record (2001-25),11,5.596612950256208,11.86352588672064,14.815343246835534
Papua,fire only,Full record (2001-25),12,6.042639580048118,12.339697298543928,16.11855766198835
Papua,fire only,Full record (2001-25),13,6.533734391924713,12.900843520605738,16.536119485369202
Papua,fire only,Full record (2001-25),14,7.013990201249722,13.497784159924551,17.22048856702179
Papua,fire only,Full record (2001-25),15,7.481107732779087,14.167237879735362,18.163498259776595
Papua,fire only,Full record (2001-25),16,7.908492452955014,14.663614788643725,18.96961901121072
Papua,fire only,Full record (2001-25),17,8.387733770815695,15.314319843905123,19.584845184713032
Papua,fire only,Full record (2001-25),18,8.851056393617082,16.214206870045388,19.96141035989661
Papua,fire only,Full record (2001-25),19,9.302443345389038,16.645634035782003,20.70897327039216
Papua,fire only,Full record (2001-25),20,9.755757807304724,17.335809266774884,21.13865528231142
Papua,fire only,Full record (2001-25),21,10.177190404556512,18.044320073062735,21.678286710552158
Papua,fire only,Full record (2001-25),22,10.616577954157409,18.477984705943836,22.107049993681585
Papua,fire only,Full record (2001-25),23,11.037941734928458,18.793815673186437,22.95491321299534
Papua,fire only,Full record (2001-25),24,11.466200816041345,19.374515062771636,23.29229675788822
Papua,fire only,Full record (2001-25),25,11.906579364162727,19.8872668886049,23.822052920492645
Papua,fire only,Full record (2001-25),26,12.338050569199261,20.617161019370833,24.49488784322859
Papua,fire only,Full record (2001-25),27,12.749773594624418,21.210463678877097,24.813995781122568
Papua,fire only,Full record (2001-25),28,13.145173346490282,21.600391189324498,25.398343102093158
Papua,fire only,Full record (2001-25),29,13.547944333073,22.006871171077606,25.813368356932482
Papua,fire only,Full record (2001-25),30,13.954023541930496,22.628704791138375,26.8408742653319
Papua,fire only,Full record (2001-25),31,14.347896936676563,23.151128545616427,27.353841654678696
Papua,fire only,Full record (2001-25),32,14.756500043159813,23.68499868979368,27.872157995949372
Papua,fire only,Full record (2001-25),33,15.16096346890644,24.00767640083408,28.137019078084663
Papua,fire only,Full record (2001-25),34,15.546480602443376,24.546165732319093,28.746492851976875
Papua,fire only,Full record (2001-25),35,15.926615902641679,25.080478810796095,29.03526523637186
Papua,fire only,Full record (2001-25),36,16.336232470616007,25.522416147829148,30.027347729189277
Papua,fire only,Full record (2001-25),37,16.70046186054036,26.072767633334678,30.586008336749625
Papua,fire only,Full record (2001-25),38,17.080967736870715,26.48867073848823,30.903483345939136
Papua,fire only,Full record (2001-25),39,17.483169187221577,27.07365718484379,31.8767841458696
Papua,fire only,Full record (2001-25),40,17.86190034289413,27.77014807094765,32.37013918049837
Papua,fire only,Full record (2001-25),41,18.191457419004845,28.118877888659483,33.012518933368746
Papua,fire only,Full record (2001-25),42,18.534477884387293,28.421705695368335,33.46525846218847
Papua,fire only,Full record (2001-25),43,18.895556420510577,28.77945317485291,33.73908288686418
Papua,fire only,Full record (2001-25),44,19.27466473298845,29.26896455931208,34.23702942768343
Papua,fire only,Full record (2001-25),45,19.637352948651863,29.628274532071618,34.524981743211775
Papua,fire only,Full record (2001-25),46,19.98911478799829,30.00097395230698,35.18533097304211
Papua,fire only,Full record (2001-25),47,20.339500628899675,30.511016686573377,35.6650339241358
Papua,fire only,Full record (2001-25),48,20.701483592612,30.93787737436881,35.78838449136154
Papua,fire only,Full record (2001-25),49,21.011127754409674,31.34877186670103,35.840518171685616
Papua,fire only,Full record (2001-25),50,21.341722937831552,31.809976788066233,36.7504820917609
Papua,fire only,Full record (2001-25),51,21.698335471262098,32.30058192805968,37.685767041467294
Papua,fire only,Full record (2001-25),52,22.07677829668492,32.770459794871655,38.10257238373303
Papua,fire only,Full record (2001-25),53,22.380584674574774,33.22109509252282,38.80164484240116
Papua,fire only,Full record (2001-25),54,22.749535850803245,33.80997154226089,38.89851788882818
Papua,fire only,Full record (2001-25),55,23.08841784648764,34.094787764884536,38.94597211360105
Papua,fire only,Full record (2001-25),56,23.41670958669942,34.415447973427526,39.760193249764306
Papua,fire only,Full record (2001-25),57,23.75945136701105,34.875315495289115,39.897288090058865
Papua,fire only,Full record (2001-25),58,24.06974699618018,35.17774113309322,40.39130056648919
Papua,fire only,Full record (2001-25),59,24.42253649400796,35.79943725858467,41.15729362930191
Papua,fire only,Full record (2001-25),60,24.74891809885262,36.08719265735903,41.436918105867505
Papua,fire only,Full record (2001-25),61,25.075384631807896,36.40751639147527,41.65295835790451
Papua,fire only,Full record (2001-25),62,25.395620348492276,36.80972931108756,42.002714458072994
Papua,fire only,Full record (2001-25),63,25.718066272216777,37.11646733181829,42.504927619329735
Papua,fire only,Full record (2001-25),64,26.00356577619092,37.58990585284183,42.92494891626486
Papua,fire only,Full record (2001-25),65,26.35312727512842,37.93904157654669,43.4305531151852
Papua,fire only,Full record (2001-25),66,26.654736536959362,38.334764595122735,44.231703100643095
Papua,fire only,Full record (2001-25),67,26.974584269089398,38.53744234064421,44.43480459415068
Papua,fire only,Full record (2001-25),68,27.28465672163317,38.99347486806501,44.86650358556068
Papua,fire only,Full record (2001-25),69,27.570441234126033,39.45448440956374,44.987114304221706
Papua,fire only,Full record (2001-25),70,27.84531691511675,39.61290792267655,45.87054562707852
Papua,fire only,Full record (2001-25),71,28.118664479656818,40.026341267871985,45.89929147348327
Papua,fire only,Full record (2001-25),72,28.400453042547245,40.37928983415946,46.28686236147231
Papua,fire only,Full record (2001-25),73,28.655714352944265,40.67291712898668,46.77064223614634
Papua,fire only,Full record (2001-25),74,28.934276105705443,41.062176521946185,46.95793902194883
Papua,fire only,Full record (2001-25),75,29.18934595040112,41.257335771064604,47.335993499628806
Papua,fire only,Full record (2001-25),76,29.488871601898186,41.99274077208879,47.46699921492812
Papua,fire only,Full record (2001-25),77,29.76155402193274,42.23408261197712,47.826725214136
Papua,fire only,Full record (2001-25),78,30.025299055047228,42.660578639049675,47.88580603659823
Papua,fire only,Full record (2001-25),79,30.326400103905456,42.864222628470145,48.79785989443083
Papua,fire only,Full record (2001-25),80,30.604945676165805,43.1037156551071,49.29520784042241
Papua,fire only,Full record (2001-25),81,30.83248769089581,43.39126779112473,49.50468627075737
Papua,fire only,Full record (2001-25),82,31.082323119815367,43.49132531349807,50.08515805239589
Papua,fire only,Full record (2001-25),83,31.375089395588752,43.82683428729844,50.070640366443705
Papua,fire only,Full record (2001-25),84,31.65958555932423,44.27511460437288,50.470383330366246
Papua,fire only,Full record (2001-25),85,31.91699338799277,44.44705807616248,51.15697576481781
Papua,fire only,Full record (2001-25),86,32.181085714403,44.72247127856695,51.31889368900651
Papua,fire only,Full record (2001-25),87,32.448264849683014,45.2750545555261,51.632127097636925
Papua,fire only,Full record (2001-25),88,32.70886935705423,45.62403501356077,52.25913264185405
Papua,fire only,Full record (2001-25),89,32.989200082778964,45.91446492306459,52.453378795919264
Papua,fire only,Full record (2001-25),90,33.27820793856808,46.43922306173347,52.51374609241921
Papua,fire only,Full record (2001-25),91,33.54999831249278,46.561290276633464,52.815258455639984
Papua,fire only,Full record (2001-25),92,33.77217186535483,46.809926053031596,53.03253146097998
Papua,fire only,Full record (2001-25),93,34.01122188166858,47.10445393837708,52.87064181580332
Papua,fire only,Full record (2001-25),94,34.23137584146648,47.4042550468279,53.05924364659483
Papua,fire only,Full record (2001-25),95,34.4683725315201,47.794250358406714,53.29600248664654
Papua,fire only,Full record (2001-25),96,34.72747482112153,47.98747591554032,54.07046057232623
Papua,fire only,Full record (2001-25),97,35.001294043979684,48.333236943630475,54.06267998481048
Papua,fire only,Full record (2001-25),98,35.233302108908525,48.49815024364469,54.59322185188222
Papua,fire only,Full record (2001-25),99,35.48276584496156,49.08023047966259,54.97773373356268
Papua,fire only,Full record (2001-25),100,35.753241381112325,49.35770018369018,55.43014884292628
Papua,fire only,Full record (2001-25),101,36.01053538947737,49.64530807564066,55.308695193975495
Papua,fire only,Full record (2001-25),102,36.259061920579256,49.64723285016796,55.86492652114094
Papua,fire only,Full record (2001-25),103,36.519059716270704,49.956614118167785,56.43953217275726
Papua,fire only,Full record (2001-25),104,36.7457123126401,50.17303499087491,56.64484398746399
Papua,fire only,Full record (2001-25),105,36.96133320253296,50.58448576588065,57.1298122994794
Papua,fire only,Full record (2001-25),106,37.21242175751003,50.82695238404213,57.17817440693144
Papua,fire only,Full record (2001-25),107,37.47349530075916,51.24374631038528,57.85653377502299
Papua,fire only,Full record (2001-25),108,37.754112608454534,51.58347304029703,58.04082795363939
Papua,fire only,Full record (2001-25),109,37.98579815748357,51.85621129515931,58.074809571664616
Papua,fire only,Full record (2001-25),110,38.21567396451825,52.32810874266228,58.804494962351384
Papua,fire only,Full record (2001-25),111,38.471278861334845,52.40316809874231,60.06019083786442
Papua,fire only,Full record (2001-25),112,38.66705272410697,52.52074399132192,59.74672555531988
Papua,fire only,Full record (2001-25),113,38.93158763693356,53.019531056698426,60.807485825996466
Papua,fire only,Full record (2001-25),114,39.17524066016588,53.07839738680703,60.56591569966452
Papua,fire only,Full record (2001-25),115,39.41447197029951,53.405784005638594,60.749051017208274
Papua,fire only,Full record (2001-25),116,39.63423201428088,53.63366519965588,60.883204182029246
Papua,fire only,Full record (2001-25),117,39.863508538499744,54.04945848615521,61.30622041137251
Papua,fire only,Full record (2001-25),118,40.069018977502246,54.44649528709051,61.50561070205256
Papua,fire only,Full record (2001-25),119,40.31187843659479,54.66506517540871,62.26642230485465
Papua,fire only,Full record (2001-25),120,40.559772598292334,55.09698280824814,62.22737216950499
Papua,fire only,Full record (2001-25),121,40.77709649560177,55.270837186917035,62.27802777714081
Papua,fire only,Full record (2001-25),122,41.026672672074305,55.33725014686871,62.85423416332693
Papua,fire only,Full record (2001-25),123,41.25521842928611,55.78205283517741,62.54763005816004
Papua,fire only,Full record (2001-25),124,41.48157947925393,55.98903115040225,62.63431381367014
Papua,fire only,Full record (2001-25),125,41.68583760768587,56.19339869998555,63.03235915065009
Papua,fire only,Full record (2001-25),126,41.947215619975275,56.47518043640671,63.02597052639898
Papua,fire only,Full record (2001-25),127,42.167631856944226,56.6763384680752,63.323550133112555
Papua,fire only,Full record (2001-25),128,42.42082783083633,57.050506352258665,63.612957612801154
Papua,fire only,Full record (2001-25),129,42.622045222730065,57.25644089779244,64.04212346903859
Papua,fire only,Full record (2001-25),130,42.83826924699866,57.56698632331142,64.75460425635798
Papua,fire only,Full record (2001-25),131,43.0630615052827,57.73423516474437,65.9787890514301
Papua,fire only,Full record (2001-25),132,43.28306850010252,57.88336365227921,66.33356800528298
Papua,fire only,Full record (2001-25),133,43.51660835998213,58.58656774062222,66.48375719880471
Papua,fire only,Full record (2001-25),134,43.741596256887924,58.638333182630554,66.53833100176678
Papua,fire only,Full record (2001-25),135,44.003116190498346,59.057665943370175,66.87559646262268
Papua,fire only,Full record (2001-25),136,44.2204045617412,59.47023896336412,67.3581334096462
Papua,fire only,Full record (2001-25),137,44.410615873578976,59.501430460317955,68.10174203812409
Papua,fire only,Full record (2001-25),138,44.64021251554731,59.6489077557988,68.26115732502954
Papua,fire only,Full record (2001-25),139,44.8740748674217,60.17674956025524,68.26146826042384
Papua,fire only,Full record (2001-25),140,45.09272756925624,60.60719788318796,68.43676371384267
Papua,fire only,Full record (2001-25),141,45.30342063060981,60.83391220376877,68.41810513503914
Papua,fire only,Full record (2001-25),142,45.515920791832386,61.19244392242037,68.95387198173208
Papua,fire only,Full record (2001-25),143,45.73517539270575,61.54400299355706,69.13082725205871
Papua,fire only,Full record (2001-25),144,45.95408398284003,61.567098307678,69.92753262229336
Papua,fire only,Full record (2001-25),145,46.18484563353194,61.79512852247274,69.88116842868972
Papua,fire only,Full record (2001-25),146,46.344301807934215,62.119335027389795,69.60957932040513
Papua,fire only,Full record (2001-25),147,46.54270036339841,62.52915676334726,69.37479790908922
Papua,fire only,Full record (2001-25),148,46.759857551017,62.7898274865209,69.79248266177854
Papua,fire only,Full record (2001-25),149,46.96161931854337,62.87983354524037,70.11466760302964
Papua,fire only,Full record (2001-25),150,47.13140475926459,63.12432885683729,70.43409755686099
Papua,fire only,Full record (2001-25),151,47.34291295900094,63.378589031248154,70.82389322248335
Papua,fire only,Full record (2001-25),152,47.547961962887214,63.46869831322677,71.14041649381731
Papua,fire only,Full record (2001-25),153,47.75650917651175,63.494875799354865,71.4380304386152
Papua,fire only,Full record (2001-25),154,47.93708475698388,63.923167839940895,71.7446652513129
Papua,fire only,Full record (2001-25),155,48.09354726555185,64.36592603423918,72.09467251712238
Papua,fire only,Full record (2001-25),156,48.3094067865543,64.41138134393438,72.11905208713208
Papua,fire only,Full record (2001-25),157,48.47311056170968,64.61982078347357,72.43482287403998
Papua,fire only,Full record (2001-25),158,48.66042431090733,64.8515617800184,72.92346837223971
Papua,fire only,Full record (2001-25),159,48.84872200802036,65.32420844054674,73.7044576196409
Papua,fire only,Full record (2001-25),160,49.048922568523295,65.47108098243662,74.11365435188374
Papua,fire only,Full record (2001-25),161,49.24145430767366,65.52752483719985,74.00567567497123
Papua,fire only,Full record (2001-25),162,49.44587228557094,65.43786074326002,73.81825112189776
Papua,fire only,Full record (2001-25),163,49.607009472381115,65.68474694994065,73.75103954396197
Papua,fire only,Full record (2001-25),164,49.833249855408106,65.88138052703903,73.88591564429923
Papua,fire only,Full record (2001-25),165,49.98110527163342,66.28979602703792,73.636701247421
Papua,fire only,Full record (2001-25),166,50.18361256586477,66.39141333330974,73.29481168025946
Papua,fire only,Full record (2001-25),167,50.343261003063155,66.57379567540245,73.49398953569295
Papua,fire only,Full record (2001-25),168,50.530583825667634,66.5854923789333,74.34223227417935
Papua,fire only,Full record (2001-25),169,50.73462023453851,66.97298182076322,74.45050719176011
Papua,fire only,Full record (2001-25),170,50.919887774210586,67.3056078087738,75.26684500232244
Papua,fire only,Full record (2001-25),171,51.0767928875675,67.67920965752353,75.22814606026785
Papua,fire only,Full record (2001-25),172,51.24930565030339,67.54782956081029,75.50779490174075
Papua,fire only,Full record (2001-25),173,51.414611281906026,68.04173609318767,76.69765458126471
Papua,fire only,Full record (2001-25),174,51.607848047026955,68.15485954454232,76.90580729704895
Papua,fire only,Full record (2001-25),175,51.80658410996443,68.45456010657597,77.27018485073332
Papua,fire only,Full record (2001-25),176,51.979870947119025,68.78522637181413,77.23799910903375
Papua,fire only,Full record (2001-25),177,52.188257680930334,69.11665087504227,77.45196208946054
Papua,fire only,Full record (2001-25),178,52.35985414766094,68.9901847723695,77.61820581217084
Papua,fire only,Full record (2001-25),179,52.54880633490031,69.38095113206798,77.66129194193331
Papua,fire only,Full record (2001-25),180,52.71146738211463,69.54347881617652,77.53321649713989
Papua,fire only,Full record (2001-25),181,52.867747298304046,69.74992412128792,77.60540106335405
Papua,fire only,Full record (2001-25),182,53.08288884620461,69.81741912378855,78.31730645647342
Papua,fire only,Full record (2001-25),183,53.26131673459608,69.85406780873497,78.19417783050906
Papua,fire only,Full record (2001-25),184,53.464083867202504,70.2797092848207,78.28221937691589
Papua,fire only,Full record (2001-25),185,53.68520845662914,70.61755865437058,79.3871382795518
Papua,fire only,Full record (2001-25),186,53.89115548775112,71.14927219681206,79.37674703859172
Papua,fire only,Full record (2001-25),187,54.07985933181824,71.40672781095617,79.7613123897564
Papua,fire only,Full record (2001-25),188,54.266721986222414,71.57681428221312,80.30224999153553
Papua,fire only,Full record (2001-25),189,54.514216531877345,71.94959730057742,80.29828017981646
Papua,fire only,Full record (2001-25),190,54.69997868514152,72.26602364341613,80.95406534289131
Papua,fire only,Full record (2001-25),191,54.84522489091996,72.50837700404074,81.1030123788501
Papua,fire only,Full record (2001-25),192,55.06022885137018,72.69705489157022,80.9614262124629
Papua,fire only,Full record (2001-25),193,55.25982253027921,72.70229606932222,80.66411675733337
Papua,fire only,Full record (2001-25),194,55.413172614217636,72.75098999701333,81.05623154146956
Papua,fire only,Full record (2001-25),195,55.589920837386984,73.1177047287592,81.46824072066852
Papua,fire only,Full record (2001-25),196,55.79584489529289,73.29823337398275,81.48167538956595
Papua,fire only,Full record (2001-25),197,55.94339998267503,73.23009763865649,81.15585987982928
Papua,fire only,Full record (2001-25),198,56.12928422056854,73.90122696391472,81.41931346062744
Papua,fire only,Full record (2001-25),199,56.28194688191023,74.10308195419482,81.99805256391411
Papua,fire only,Full record (2001-25),200,56.49756892178507,74.37397650411897,81.64990998198392
Papua,gradual,Full record (2001-25),0,0,0,0
Papua,gradual,Full record (2001-25),1,1.4180095306200153,5.178396135910868,5.991351380846499
Papua,gradual,Full record (2001-25),2,2.8212428248271078,6.827216003388975,8.113541989514623
Papua,gradual,Full record (2001-25),3,4.13552170378139,8.304240357543346,9.921988580083212
Papua,gradual,Full record (2001-25),4,5.496368807656883,9.934085249502823,12.762102153080194
Papua,gradual,Full record (2001-25),5,6.836531131692501,11.54376790399011,14.907296028683604
Papua,gradual,Full record (2001-25),6,8.20859066728069,13.253663027284334,16.445523756186734
Papua,gradual,Full record (2001-25),7,9.536026297047936,15.147822043531434,18.071872577528616
Papua,gradual,Full record (2001-25),8,10.877296477040217,16.856754220765822,19.86031264395968
Papua,gradual,Full record (2001-25),9,12.17507794724925,18.34432914563793,21.65321378768224
Papua,gradual,Full record (2001-25),10,13.493118931278605,19.898207246833348,23.531204912425746
Papua,gradual,Full record (2001-25),11,14.822449219770279,21.580172357624704,25.186043109486903
Papua,gradual,Full record (2001-25),12,16.14107970686065,23.061470413007655,26.923618692324943
Papua,gradual,Full record (2001-25),13,17.451224615513546,24.56323374656217,28.212501717280478
Papua,gradual,Full record (2001-25),14,18.779276437651966,26.085156066124238,29.97930056706894
Papua,gradual,Full record (2001-25),15,20.038968050153237,27.469819218211992,31.03123944340945
Papua,gradual,Full record (2001-25),16,21.330443332363533,28.87166451325406,32.41584630671427
Papua,gradual,Full record (2001-25),17,22.603384849002886,30.282585140305354,34.01730457800407
Papua,gradual,Full record (2001-25),18,23.885279606872842,31.674493522189554,35.70929893641765
Papua,gradual,Full record (2001-25),19,25.146418982360657,33.08486396395921,37.71527717862814
Papua,gradual,Full record (2001-25),20,26.409186016640557,34.504362668254565,39.133060823134905
Papua,gradual,Full record (2001-25),21,27.690422435778714,36.016847021217266,40.293580260995384
Papua,gradual,Full record (2001-25),22,28.908197315117356,37.39208894843296,41.49457807809587
Papua,gradual,Full record (2001-25),23,30.15445754151973,38.77806821543299,42.85705685388432
Papua,gradual,Full record (2001-25),24,31.40182125925069,40.13094702593342,44.467145545154175
Papua,gradual,Full record (2001-25),25,32.64618109908362,41.481987536458846,46.250240619322405
Papua,gradual,Full record (2001-25),26,33.87817234712283,43.05385160468657,47.35171798138603
Papua,gradual,Full record (2001-25),27,35.09142401600925,44.33934708300465,48.94187581627741
Papua,gradual,Full record (2001-25),28,36.33201685599892,45.696236704884726,50.51491762307353
Papua,gradual,Full record (2001-25),29,37.555187973917256,47.12821044761879,51.73207514146372
Papua,gradual,Full record (2001-25),30,38.7734287890737,48.43659334070818,52.786072274665116
Papua,gradual,Full record (2001-25),31,39.99824259070715,49.7943057052476,54.19327447050235
Papua,gradual,Full record (2001-25),32,41.220681205005256,50.98695139655471,55.468502536859724
Papua,gradual,Full record (2001-25),33,42.420872540182614,52.43225452561869,56.9518150646042
Papua,gradual,Full record (2001-25),34,43.603013045702006,53.56748148861545,58.45084883306017
Papua,gradual,Full record (2001-25),35,44.82068110552848,55.05324651748096,60.34217782364579
Papua,gradual,Full record (2001-25),36,46.017684173739994,56.354708020644075,61.57347585198304
Papua,gradual,Full record (2001-25),37,47.18531718645387,57.54127831279082,62.53818244116687
Papua,gradual,Full record (2001-25),38,48.33476558171941,58.660203546084794,63.67250873847338
Papua,gradual,Full record (2001-25),39,49.48627327954597,59.88790096759065,65.0703588295417
Papua,gradual,Full record (2001-25),40,50.61984860572342,61.22238461539464,65.96579803679678
Papua,gradual,Full record (2001-25),41,51.795953555839134,62.3329357549333,67.73677160286982
Papua,gradual,Full record (2001-25),42,52.95282962938266,63.68038545181079,68.83228389389986
Papua,gradual,Full record (2001-25),43,54.099788517255675,64.89234923928474,69.9905292035734
Papua,gradual,Full record (2001-25),44,55.22251202785886,66.07606645681054,71.43813851613857
Papua,gradual,Full record (2001-25),45,56.3947657920145,67.29996554123416,72.50036491362586
Papua,gradual,Full record (2001-25),46,57.53015840942394,68.49916248434073,73.85576235371636
Papua,gradual,Full record (2001-25),47,58.65997289831931,69.80907777629315,75.25955776902079
Papua,gradual,Full record (2001-25),48,59.807985917413916,70.99693170825343,76.51542041150293
Papua,gradual,Full record (2001-25),49,60.9208208864021,72.22470875149705,77.49651813106163
Papua,gradual,Full record (2001-25),50,62.0277708534766,73.16419381972494,78.61836471015967
Papua,gradual,Full record (2001-25),51,63.13079787831511,74.17091819148897,79.7589815113619
Papua,gradual,Full record (2001-25),52,64.2571377465105,75.56053495854313,81.13816059195376
Papua,gradual,Full record (2001-25),53,65.34830757025935,76.70984152528654,82.15162846380278
Papua,gradual,Full record (2001-25),54,66.46414670062155,77.91874778701022,83.56331114559732
Papua,gradual,Full record (2001-25),55,67.59992867316338,79.2614008823202,84.69882545186702
Papua,gradual,Full record (2001-25),56,68.67706498249267,80.32520244140815,85.64596367655967
Papua,gradual,Full record (2001-25),57,69.78168345631569,81.55627790926243,87.27684999245996
Papua,gradual,Full record (2001-25),58,70.89119139943605,82.73459420107027,88.78452364158383
Papua,gradual,Full record (2001-25),59,71.98693975828034,83.88991789162742,89.77290375909107
Papua,gradual,Full record (2001-25),60,73.04098100355475,84.77496249922831,90.82929890626075
Papua,gradual,Full record (2001-25),61,74.13515448620365,85.9040186338963,92.59006765657365
Papua,gradual,Full record (2001-25),62,75.22528588202974,86.77589285987861,93.45954595497741
Papua,gradual,Full record (2001-25),63,76.28805859393053,87.93572046571548,94.52107601534895
Papua,gradual,Full record (2001-25),64,77.37910063525548,89.34657179334681,95.36641318016558
Papua,gradual,Full record (2001-25),65,78.45141371668146,90.40591611646701,96.23950310588523
Papua,gradual,Full record (2001-25),66,79.50516530267372,91.70423566824962,97.16454553438986
Papua,gradual,Full record (2001-25),67,80.59387044640997,92.80742162402794,98.31324910210789
Papua,gradual,Full record (2001-25),68,81.65692703174533,93.87666776809317,99.45346135263169
Papua,gradual,Full record (2001-25),69,82.71395525811299,94.97060399147118,100.63714269625501
Papua,gradual,Full record (2001-25),70,83.7679681773961,95.94769385190929,101.66553839505026
Papua,gradual,Full record (2001-25),71,84.8184672291143,97.00258553794713,102.97704510732375
Papua,gradual,Full record (2001-25),72,85.91957830505157,98.19793038707594,104.28326602899637
Papua,gradual,Full record (2001-25),73,86.98291334234285,99.46078988651756,105.23124397268676
Papua,gradual,Full record (2001-25),74,88.0383819982914,100.4761283868647,106.22265146822822
Papua,gradual,Full record (2001-25),75,89.09934272854034,101.74828153376501,107.55069930723039
Papua,gradual,Full record (2001-25),76,90.1475777641126,102.86692873676948,108.95246514450542
Papua,gradual,Full record (2001-25),77,91.20098448170708,103.99900423216151,109.67276235001981
Papua,gradual,Full record (2001-25),78,92.20536011102911,105.13172861850973,110.34645044742719
Papua,gradual,Full record (2001-25),79,93.26715934270136,106.17149873198557,111.66828305220903
Papua,gradual,Full record (2001-25),80,94.27545552199588,107.11186036067288,113.0007928632046
Papua,gradual,Full record (2001-25),81,95.32271736768469,108.4372069609223,114.44589481376902
Papua,gradual,Full record (2001-25),82,96.34172481650067,109.23654884016278,115.68317320404057
Papua,gradual,Full record (2001-25),83,97.34398692554592,110.29180246540824,116.92900211285644
Papua,gradual,Full record (2001-25),84,98.33095061936444,111.36492197987744,117.6491376733024
Papua,gradual,Full record (2001-25),85,99.343522563571,112.37893700400419,118.3745915102348
Papua,gradual,Full record (2001-25),86,100.34468281239883,113.52285371627916,119.27113467971728
Papua,gradual,Full record (2001-25),87,101.36206614952347,114.58257498840145,120.62635851856423
Papua,gradual,Full record (2001-25),88,102.4107858654714,115.64580136214434,121.63111819677555
Papua,gradual,Full record (2001-25),89,103.40660426245361,116.47370313845255,122.93035401204934
Papua,gradual,Full record (2001-25),90,104.40322285923916,117.7497888436451,124.34885958875675
Papua,gradual,Full record (2001-25),91,105.38282178578541,118.70283774891331,125.35645646959684
Papua,gradual,Full record (2001-25),92,106.36990652939724,119.78950980525012,126.5499943669188
Papua,gradual,Full record (2001-25),93,107.36984598012548,121.1334286480028,127.84682448998328
Papua,gradual,Full record (2001-25),94,108.36802195942487,121.9285058048474,129.29296100766712
Papua,gradual,Full record (2001-25),95,109.36301927553976,123.06750691041047,130.01076184106813
Papua,gradual,Full record (2001-25),96,110.34804498675923,124.1122658396358,131.1417153453362
Papua,gradual,Full record (2001-25),97,111.34395349556652,125.05495542699843,131.77888750330465
Papua,gradual,Full record (2001-25),98,112.33178777731071,126.20287517334089,132.82057825205578
Papua,gradual,Full record (2001-25),99,113.30433944721167,127.14449849203638,134.12872449174057
Papua,gradual,Full record (2001-25),100,114.28039690316662,128.0201017580178,135.24363638631527
Papua,gradual,Full record (2001-25),101,115.30491867418648,129.2258960676048,137.210647548603
Papua,gradual,Full record (2001-25),102,116.25376548921706,130.3950821270052,138.12261171118138
Papua,gradual,Full record (2001-25),103,117.22953095378178,131.42000014859295,139.08144093850484
Papua,gradual,Full record (2001-25),104,118.18289730643458,132.37168377036016,139.8517001639987
Papua,gradual,Full record (2001-25),105,119.15271151970478,133.59465908388844,140.5538123294369
Papua,gradual,Full record (2001-25),106,120.12617947768886,134.6815736189069,141.1786120098801
Papua,gradual,Full record (2001-25),107,121.08994460216555,135.56599877227654,142.54383237087566
Papua,gradual,Full record (2001-25),108,122.04784660188388,136.42961251277313,143.4625884291601
Papua,gradual,Full record (2001-25),109,123.0381283918321,137.40630721889613,144.77314365783954
Papua,gradual,Full record (2001-25),110,124.03090814388877,138.33620140654182,146.040682914812
Papua,gradual,Full record (2001-25),111,125.00532235835021,139.36720488578658,146.91349107435863
Papua,gradual,Full record (2001-25),112,125.9828920424152,140.36861651664893,148.31866580591551
Papua,gradual,Full record (2001-25),113,126.91248060415583,141.48628674202388,148.73240931618957
Papua,gradual,Full record (2001-25),114,127.86489449907614,142.5950919544651,149.62235743138348
Papua,gradual,Full record (2001-25),115,128.79176141702374,143.32490865764737,150.82958757169624
Papua,gradual,Full record (2001-25),116,129.76491355473195,144.2853896866166,151.79351422228908
Papua,gradual,Full record (2001-25),117,130.68524963007079,145.33830439917543,153.30327535435842
Papua,gradual,Full record (2001-25),118,131.6216916013545,146.52238775145207,154.88353637413724
Papua,gradual,Full record (2001-25),119,132.5279153359195,147.49786625250698,155.71859062213127
Papua,gradual,Full record (2001-25),120,133.46989352548295,148.61457584232087,156.49086349368315
Papua,gradual,Full record (2001-25),121,134.43251504108963,149.51415475642855,157.53976139403252
Papua,gradual,Full record (2001-25),122,135.39092924875882,150.62697113225101,158.50331577065657
Papua,gradual,Full record (2001-25),123,136.32498636778632,151.49039440607118,159.5105055183682
Papua,gradual,Full record (2001-25),124,137.25873015840565,152.5429063697679,160.6098834459112
Papua,gradual,Full record (2001-25),125,138.17274010356616,153.40244758990625,161.45750160025784
Papua,gradual,Full record (2001-25),126,139.10952729190586,154.52280175694264,162.42920553655355
Papua,gradual,Full record (2001-25),127,140.03664078624138,155.4454010485825,163.28403322640267
Papua,gradual,Full record (2001-25),128,140.97422527299042,156.2346630130163,164.32523528094728
Papua,gradual,Full record (2001-25),129,141.88412475927973,157.2154777761646,164.7988058271198
Papua,gradual,Full record (2001-25),130,142.82114747010505,158.2924710686673,166.1102748196585
Papua,gradual,Full record (2001-25),131,143.7451177071115,159.35989522093038,166.6804775586357
Papua,gradual,Full record (2001-25),132,144.65620914673536,160.40546473671697,167.44071641358283
Papua,gradual,Full record (2001-25),133,145.5859831135913,161.27652259816975,168.18058193501437
Papua,gradual,Full record (2001-25),134,146.50712316883974,162.25042170622993,168.66788439375946
Papua,gradual,Full record (2001-25),135,147.45269158585197,163.1092216266469,169.51082130881733
Papua,gradual,Full record (2001-25),136,148.35886886012807,163.93123483691195,170.50840793723924
Papua,gradual,Full record (2001-25),137,149.2685287853019,164.91239461428003,171.40891273429548
Papua,gradual,Full record (2001-25),138,150.15601789325086,165.5852344401132,172.51480239887798
Papua,gradual,Full record (2001-25),139,151.06020576673885,166.47674214941176,173.6370217602397
Papua,gradual,Full record (2001-25),140,152.01311692948735,167.40252122096317,175.03141090761844
Papua,gradual,Full record (2001-25),141,152.91966318194764,168.4510611789097,175.87961563392426
Papua,gradual,Full record (2001-25),142,153.80457335420206,169.1984624894524,176.57909024676258
Papua,gradual,Full record (2001-25),143,154.7307602226329,170.14961769461695,177.4545493833107
Papua,gradual,Full record (2001-25),144,155.6236623769492,170.9517495856982,178.52356059528435
Papua,gradual,Full record (2001-25),145,156.5456613458671,171.80568298356212,179.92211618209984
Papua,gradual,Full record (2001-25),146,157.4685602693738,172.93699467868285,180.09262688238653
Papua,gradual,Full record (2001-25),147,158.38367010282778,174.04298022981746,181.2510892137343
Papua,gradual,Full record (2001-25),148,159.28454651683657,175.03075326909763,182.07919103303294
Papua,gradual,Full record (2001-25),149,160.17488643516032,175.92819421977967,183.15492558906058
Papua,gradual,Full record (2001-25),150,161.04647139197468,176.8443634956301,184.30963247885046
Papua,gradual,Full record (2001-25),151,161.9150812761117,177.64877327060387,185.309084777981
Papua,gradual,Full record (2001-25),152,162.80437749573233,178.4731069261162,185.91796820165757
Papua,gradual,Full record (2001-25),153,163.69087958304925,179.46960189234784,187.04352288467925
Papua,gradual,Full record (2001-25),154,164.57868125971896,180.46792268528688,187.68601567491913
Papua,gradual,Full record (2001-25),155,165.42874503124517,181.42057030338725,188.51340735403704
Papua,gradual,Full record (2001-25),156,166.27425453762922,182.07918310458646,189.53340747173024
Papua,gradual,Full record (2001-25),157,167.16974282176358,182.79947254759418,191.14336304907368
Papua,gradual,Full record (2001-25),158,168.09191740248409,183.72088538686228,192.00487799683128
Papua,gradual,Full record (2001-25),159,168.99483117999688,184.81735285660332,192.74239379496893
Papua,gradual,Full record (2001-25),160,169.9026703588689,186.02441234590216,193.77594801479907
Papua,gradual,Full record (2001-25),161,170.79379672026303,187.0037552769403,194.05639003733876
Papua,gradual,Full record (2001-25),162,171.6878440163437,187.83188844356576,195.151214489963
Papua,gradual,Full record (2001-25),163,172.57676636119703,188.65857908629079,196.09599087485444
Papua,gradual,Full record (2001-25),164,173.4436760829864,189.51183114121156,196.87895296447255
Papua,gradual,Full record (2001-25),165,174.31726415291934,190.34416753679204,197.76263012241057
Papua,gradual,Full record (2001-25),166,175.16718990611713,191.16067407173082,199.14058671721898
Papua,gradual,Full record (2001-25),167,176.0196184548567,191.88788625318836,199.93503278928586
Papua,gradual,Full record (2001-25),168,176.90150920360614,192.8715274458395,200.90544927120257
Papua,gradual,Full record (2001-25),169,177.77652340309302,193.94907208868375,202.27362008370537
Papua,gradual,Full record (2001-25),170,178.62028144919867,194.88514159609005,203.13733343181727
Papua,gradual,Full record (2001-25),171,179.49529667993573,196.00444744275825,203.94829859289428
Papua,gradual,Full record (2001-25),172,180.35412457721768,197.03469893914587,204.26225057763756
Papua,gradual,Full record (2001-25),173,181.18782746159104,198.07257743830186,204.85410717399415
Papua,gradual,Full record (2001-25),174,182.01799346364217,198.96040429394967,205.71317914649623
Papua,gradual,Full record (2001-25),175,182.8407766352064,199.8319639058362,206.59080231165498
Papua,gradual,Full record (2001-25),176,183.65266512738495,200.61770075373357,207.17641580362874
Papua,gradual,Full record (2001-25),177,184.4938728588426,201.32051944446872,208.12055004246773
Papua,gradual,Full record (2001-25),178,185.3358360849448,202.0641873517647,209.27923399873936
Papua,gradual,Full record (2001-25),179,186.19261226901406,202.95034149158164,210.58747880289607
Papua,gradual,Full record (2001-25),180,187.0340492394224,203.83092373902895,211.23057245078974
Papua,gradual,Full record (2001-25),181,187.84380722682266,204.63422032580362,212.40239597385437
Papua,gradual,Full record (2001-25),182,188.6601087948801,205.1956300729645,213.06433596751705
Papua,gradual,Full record (2001-25),183,189.5331280565453,206.00965101468128,214.49377770718743
Papua,gradual,Full record (2001-25),184,190.34774007029517,206.97999031052356,215.05722932821902
Papua,gradual,Full record (2001-25),185,191.182480692581,207.9885503735181,216.07328047318083
Papua,gradual,Full record (2001-25),186,192.0244797257286,208.74869486270407,216.83751519216858
Papua,gradual,Full record (2001-25),187,192.8491285715046,209.47290639708643,217.91936809565334
Papua,gradual,Full record (2001-25),188,193.71016207565052,210.0963772925761,218.37547667973575
Papua,gradual,Full record (2001-25),189,194.55088345223524,210.9015774857277,218.94024856790213
Papua,gradual,Full record (2001-25),190,195.37968763689398,211.74399960210124,219.3452990653719
Papua,gradual,Full record (2001-25),191,196.21664551203827,212.6139770171328,219.82456526123212
Papua,gradual,Full record (2001-25),192,197.04893468141105,213.2650316762377,220.42913371423617
Papua,gradual,Full record (2001-25),193,197.8850473585077,214.30133314168864,222.09431709880099
Papua,gradual,Full record (2001-25),194,198.6890689946813,215.0093911044682,223.17206030193208
Papua,gradual,Full record (2001-25),195,199.54515927856946,216.12505541415035,223.68017083857208
Papua,gradual,Full record (2001-25),196,200.35345422933523,217.25748840456254,224.77730297384602
Papua,gradual,Full record (2001-25),197,201.2032131061237,218.02034237518987,225.9149968974863
Papua,gradual,Full record (2001-25),198,202.02108353941844,218.85702419193933,226.8565907019879
Papua,gradual,Full record (2001-25),199,202.83090656789147,219.50850004410955,227.43236767593822
Papua,gradual,Full record (2001-25),200,203.616301101518,220.40165330071076,228.28933645889276
Papua,gradual,2001-08,0,0,0,0
Papua,gradual,2001-08,1,1.0098081304893043,5.115340765161958,5.408330943032946
Papua,gradual,2001-08,2,1.9878757096470512,5.9262870140988975,6.547017897844514
Papua,gradual,2001-08,3,2.921968481038831,6.8659392719235,8.314558072470527
Papua,gradual,2001-08,4,3.8640796035293383,7.8700442801929675,11.31691512330648
Papua,gradual,2001-08,5,4.802565462307783,9.099036931000551,12.538184819940591
Papua,gradual,2001-08,6,5.7102249590779115,10.339670196774499,13.652652256227661
Papua,gradual,2001-08,7,6.641387848095531,11.633017236459528,14.810757294831475
Papua,gradual,2001-08,8,7.571196655501548,13.207123408682937,16.063667499644122
Papua,gradual,2001-08,9,8.485812283146846,14.363939842999773,17.48417181864589
Papua,gradual,2001-08,10,9.375715479786674,15.410387530370578,18.93893838662765
Papua,gradual,2001-08,11,10.283177962020915,16.364420518454,19.90477816795893
Papua,gradual,2001-08,12,11.173748342408581,17.432741859225008,21.162341075294407
Papua,gradual,2001-08,13,12.05868035951341,18.529953187539657,22.08361059046378
Papua,gradual,2001-08,14,12.937590391290097,19.598664617209252,23.288899526649217
Papua,gradual,2001-08,15,13.820496629294507,20.54682618965723,24.32643277585156
Papua,gradual,2001-08,16,14.722794472563002,21.665065812939808,25.209080037674777
Papua,gradual,2001-08,17,15.58587393594721,22.675026701750514,26.531541928597196
Papua,gradual,2001-08,18,16.457034196028225,23.653535748717843,27.707160218330216
Papua,gradual,2001-08,19,17.31571594521596,24.733011811448527,28.685447190909724
Papua,gradual,2001-08,20,18.19446820370992,25.92624490237477,29.919041303695245
Papua,gradual,2001-08,21,19.047395503929426,26.880047405199008,31.206326515323283
Papua,gradual,2001-08,22,19.88559726946748,27.798403621536863,31.924824556970677
Papua,gradual,2001-08,23,20.735493715136965,28.78609225389282,32.52573004985805
Papua,gradual,2001-08,24,21.585889802171323,29.78346631973791,33.90519923416272
Papua,gradual,2001-08,25,22.392977211562147,30.661858633755635,34.92672021788385
Papua,gradual,2001-08,26,23.229061405046338,31.552600548947403,35.8601110014769
Papua,gradual,2001-08,27,24.068741074984352,32.60150662899702,36.592412691050455
Papua,gradual,2001-08,28,24.884352555009,33.57448100292008,37.53725600029945
Papua,gradual,2001-08,29,25.701518536631323,34.44514729714465,38.565007704807414
Papua,gradual,2001-08,30,26.509747178268167,35.20321445943981,39.642947872133014
Papua,gradual,2001-08,31,27.341432761017742,36.1071631430388,40.67001435605911
Papua,gradual,2001-08,32,28.14775184613621,37.146479697738286,41.50742937164753
Papua,gradual,2001-08,33,28.975421946326417,37.914779607266624,42.552644915265915
Papua,gradual,2001-08,34,29.786270767926737,38.87038007700062,43.44388987660726
Papua,gradual,2001-08,35,30.57348286911584,39.7157291894454,44.20050853548793
Papua,gradual,2001-08,36,31.374969125057834,40.52811000596323,45.116405750959835
Papua,gradual,2001-08,37,32.18896688970028,41.64225796264507,46.12866379670826
Papua,gradual,2001-08,38,32.96922599891724,42.50428117538719,46.933888359993354
Papua,gradual,2001-08,39,33.7942535584945,43.447839818925786,47.87402135599436
Papua,gradual,2001-08,40,34.590546731285585,44.115427466147594,49.053183859625804
Papua,gradual,2001-08,41,35.3598356447429,45.073108795087606,49.75855061486033
Papua,gradual,2001-08,42,36.13069350830868,45.774081293078176,50.65847447333865
Papua,gradual,2001-08,43,36.89869016984366,46.53406107573339,51.429287262783824
Papua,gradual,2001-08,44,37.6527608012508,47.47023704253111,51.95111046294666
Papua,gradual,2001-08,45,38.39350523624125,48.181562396749825,52.75944399190554
Papua,gradual,2001-08,46,39.14801304957088,48.950259613567134,53.537262111152096
Papua,gradual,2001-08,47,39.919297696777335,49.82958459148849,54.3050131237035
Papua,gradual,2001-08,48,40.64793715505621,50.62885511310103,55.31971822146863
Papua,gradual,2001-08,49,41.37992473373176,51.41475314170422,56.15950757429194
Papua,gradual,2001-08,50,42.147776750370916,52.12567304276727,57.1068197441601
Papua,gradual,2001-08,51,42.89573340438636,52.935083445067804,58.032434861182324
Papua,gradual,2001-08,52,43.64369961884863,53.70933236412935,58.737455728881535
Papua,gradual,2001-08,53,44.38626588984679,54.60904078627193,59.889118418047055
Papua,gradual,2001-08,54,45.15618120126005,55.4840559496624,60.61073776493586
Papua,gradual,2001-08,55,45.85861294047898,56.19519375672615,61.56370488006734
Papua,gradual,2001-08,56,46.56633174255902,57.135591241096115,62.424195369391065
Papua,gradual,2001-08,57,47.28938575848909,57.77224915802448,63.00413521836272
Papua,gradual,2001-08,58,48.03578169076591,58.69645535713818,63.702628397416696
Papua,gradual,2001-08,59,48.75550934907545,59.503883066384454,64.97638251380548
Papua,gradual,2001-08,60,49.48136447973952,60.34342765411751,65.72994908464747
Papua,gradual,2001-08,61,50.23776705212379,61.17975861809099,66.4844156843453
Papua,gradual,2001-08,62,50.945774347587815,61.93813711931594,67.35893846843055
Papua,gradual,2001-08,63,51.66560377953332,62.602838390011755,68.36499987757175
Papua,gradual,2001-08,64,52.39377153026709,63.344514372343546,69.71967395581449
Papua,gradual,2001-08,65,53.10256699054804,64.0383639037674,70.27920924915055
Papua,gradual,2001-08,66,53.83254248702979,64.98245870192298,70.77888419574693
Papua,gradual,2001-08,67,54.5332454286577,65.9192682201087,71.50561895906854
Papua,gradual,2001-08,68,55.23889506045973,66.83934488790693,72.18813730431039
Papua,gradual,2001-08,69,55.928655090542385,67.47496532974337,72.95722767054403
Papua,gradual,2001-08,70,56.61098398686471,68.03403155204528,74.0264337857581
Papua,gradual,2001-08,71,57.3215227236949,68.88074430926268,74.71034312561183
Papua,gradual,2001-08,72,58.016504079458755,69.68555093632405,75.38503004040619
Papua,gradual,2001-08,73,58.71631771216926,70.41234496650631,76.29990528508985
Papua,gradual,2001-08,74,59.420805687627386,70.97710645566602,77.31011456365702
Papua,gradual,2001-08,75,60.120586700927205,71.72056111698267,78.10715423220412
Papua,gradual,2001-08,76,60.81301961010871,72.85211412994107,78.85382178356261
Papua,gradual,2001-08,77,61.48832952896485,73.44647208717167,79.48875723500504
Papua,gradual,2001-08,78,62.17082323736204,74.47024139665186,80.14548336012102
Papua,gradual,2001-08,79,62.84159748362063,75.04396452088217,81.27311047458797
Papua,gradual,2001-08,80,63.543529155640265,75.72889778073696,82.18206753400793
Papua,gradual,2001-08,81,64.21852436593069,76.20294764140361,82.59601513631455
Papua,gradual,2001-08,82,64.89161010936141,77.07031719342027,83.57853581035815
Papua,gradual,2001-08,83,65.58201199663296,77.63942192043206,84.22801461039907
Papua,gradual,2001-08,84,66.25615270370986,78.10539994830577,85.50365814482278
Papua,gradual,2001-08,85,66.91690388050843,79.03815176472074,85.88764413857324
Papua,gradual,2001-08,86,67.60562543977477,79.98864200930713,86.64983879808001
Papua,gradual,2001-08,87,68.24699694548968,80.67375196041273,87.02072939351704
Papua,gradual,2001-08,88,68.92064274522568,81.42911730703928,87.98416799761607
Papua,gradual,2001-08,89,69.55461753267608,81.87303867051496,88.36941662663432
Papua,gradual,2001-08,90,70.21464404007372,82.9110054746854,88.91155975891584
Papua,gradual,2001-08,91,70.86940037272147,83.57532681590953,89.68277837314801
Papua,gradual,2001-08,92,71.49925660140403,84.35519201770336,90.40670119046297
Papua,gradual,2001-08,93,72.15510856185945,84.85713116320913,91.534512558655
Papua,gradual,2001-08,94,72.79448961352766,85.41002763744586,91.56971566936967
Papua,gradual,2001-08,95,73.4431499657867,86.05455574725583,92.29727726248083
Papua,gradual,2001-08,96,74.085518619815,86.59723188022569,93.02903545617983
Papua,gradual,2001-08,97,74.69568023296057,87.34781978186663,93.51601371764123
Papua,gradual,2001-08,98,75.3367653946446,87.92862087794958,94.04280127659116
Papua,gradual,2001-08,99,75.97676485214473,88.54807819515815,95.1123973059946
Papua,gradual,2001-08,100,76.61227873973887,89.13800869785292,95.80620201763165
Papua,gradual,2001-08,101,77.24024789313559,89.98820631311519,96.32381664677122
Papua,gradual,2001-08,102,77.86600717873388,90.80450737115557,97.17073159255119
Papua,gradual,2001-08,103,78.47364233697897,91.4471821692693,97.83678837666896
Papua,gradual,2001-08,104,79.10521840371044,92.11062207972512,98.9259534676128
Papua,gradual,2001-08,105,79.71668071138956,92.72058513611971,99.00470715366237
Papua,gradual,2001-08,106,80.31766751294604,93.1979603709004,99.39004620487104
Papua,gradual,2001-08,107,80.93324995194112,93.84305127207476,100.49879542732106
Papua,gradual,2001-08,108,81.57017845911865,94.68260344017187,101.26636303252126
Papua,gradual,2001-08,109,82.17826308057596,95.01827016617878,101.90316707680509
Papua,gradual,2001-08,110,82.83095026105212,95.88695813078833,102.50534702918469
Papua,gradual,2001-08,111,83.46594933308042,96.61243401782964,103.07850303083202
Papua,gradual,2001-08,112,84.13194428728943,97.37075548965754,103.40148832450907
Papua,gradual,2001-08,113,84.74835016491772,97.8397925447431,104.18336490395986
Papua,gradual,2001-08,114,85.37588946539786,98.5427712554828,105.09142372538561
Papua,gradual,2001-08,115,85.99530240530949,99.2053054254686,105.71373271936001
Papua,gradual,2001-08,116,86.60948742843779,99.8375585398061,106.15482775746162
Papua,gradual,2001-08,117,87.20475115219047,100.58553819368657,106.4153745522843
Papua,gradual,2001-08,118,87.82191437208179,101.27627991739612,107.22527591960629
Papua,gradual,2001-08,119,88.46040990183884,102.09170184695152,108.06060353076707
Papua,gradual,2001-08,120,89.06098757032868,102.63036760902119,108.88140936724064
Papua,gradual,2001-08,121,89.69759720342104,103.26609027134873,109.19410175139514
Papua,gradual,2001-08,122,90.29333260246368,103.8371475618001,110.38358156652833
Papua,gradual,2001-08,123,90.90137655427326,104.63303938199657,110.7966299832684
Papua,gradual,2001-08,124,91.518535735703,105.54123044731324,111.04910217680016
Papua,gradual,2001-08,125,92.14464977409588,106.19489421670943,112.19009755845916
Papua,gradual,2001-08,126,92.7034903204082,106.76198908821563,112.77915910919563
Papua,gradual,2001-08,127,93.31830610707354,107.33501812231923,113.59889408346794
Papua,gradual,2001-08,128,93.88783651032448,107.89206717750005,113.69778097714511
Papua,gradual,2001-08,129,94.51476623474957,108.72507642058702,114.72287129104481
Papua,gradual,2001-08,130,95.07665921031376,109.10538952997834,115.31422070625925
Papua,gradual,2001-08,131,95.69090711032541,109.82575262145195,115.97318515702536
Papua,gradual,2001-08,132,96.26547540371433,110.54677153496944,117.27710949906168
Papua,gradual,2001-08,133,96.85806124456094,111.08890688025708,117.79513411637953
Papua,gradual,2001-08,134,97.4437796676722,111.66535041982794,117.96567537921375
Papua,gradual,2001-08,135,98.05421136077368,112.39728767962752,118.84063101137274
Papua,gradual,2001-08,136,98.64975396191697,113.09620962971825,119.06566972633462
Papua,gradual,2001-08,137,99.2542339669749,113.78494870336287,120.07109538382913
Papua,gradual,2001-08,138,99.83863936333968,114.14387260967784,120.8788939574408
Papua,gradual,2001-08,139,100.425668881375,114.69124219287082,121.87213124865234
Papua,gradual,2001-08,140,101.01478961473654,115.34484064206701,122.72344217298307
Papua,gradual,2001-08,141,101.59349650446057,115.95341206439477,123.12616867154335
Papua,gradual,2001-08,142,102.186412794271,116.3160985948426,124.13552070007
Papua,gradual,2001-08,143,102.77812101265887,117.29760157538938,124.68426730259942
Papua,gradual,2001-08,144,103.36319492840296,117.98974452989262,125.36370317323563
Papua,gradual,2001-08,145,103.93838510489202,118.41249637110599,125.69475668133781
Papua,gradual,2001-08,146,104.50324445433137,119.37396395928442,126.0221096377952
Papua,gradual,2001-08,147,105.07618821381499,119.82963009472293,126.9553675665358
Papua,gradual,2001-08,148,105.65167121654713,120.35702140641834,127.41013069587734
Papua,gradual,2001-08,149,106.24216373806097,120.79243107662047,128.2787845156652
Papua,gradual,2001-08,150,106.85373732435023,121.63636641702072,128.82446041776137
Papua,gradual,2001-08,151,107.42499640522759,122.30558779067759,129.36074969130317
Papua,gradual,2001-08,152,108.0205921460724,122.91051672548585,130.4055352416788
Papua,gradual,2001-08,153,108.58148979772518,123.61215713487861,130.48961193484482
Papua,gradual,2001-08,154,109.12919975642748,124.41865976312536,131.01205904809296
Papua,gradual,2001-08,155,109.67778692393162,124.87956818783272,131.4977113289733
Papua,gradual,2001-08,156,110.27963090009497,125.53820758297363,133.11072766749555
Papua,gradual,2001-08,157,110.85908022030999,126.02494006840037,133.0976041239855
Papua,gradual,2001-08,158,111.42877480712305,126.4985602559244,133.8936208165634
Papua,gradual,2001-08,159,112.00996512614049,127.14636109220423,134.3678168612376
Papua,gradual,2001-08,160,112.60050782740505,127.90400431400082,135.09163423547054
Papua,gradual,2001-08,161,113.17695465767287,128.41949097602782,136.10970799164025
Papua,gradual,2001-08,162,113.7736440811912,129.12946735445144,136.82419532546444
Papua,gradual,2001-08,163,114.33116416038665,129.4551613418616,137.79540095430747
Papua,gradual,2001-08,164,114.89720194511104,129.93531459245372,137.9223496583486
Papua,gradual,2001-08,165,115.49509390184326,130.64055790883415,138.32079076997337
Papua,gradual,2001-08,166,116.06169558021907,131.35369656680317,138.92807253852305
Papua,gradual,2001-08,167,116.58770303493895,132.11133980529635,139.62563827222755
Papua,gradual,2001-08,168,117.12947670877253,132.78572875249748,140.5486823302156
Papua,gradual,2001-08,169,117.67780662176486,133.4188108894899,141.3047675194675
Papua,gradual,2001-08,170,118.21831795369289,133.75905684430018,142.03014182982906
Papua,gradual,2001-08,171,118.76684242979238,134.2261636487694,142.20522526983467
Papua,gradual,2001-08,172,119.30516740966432,134.8437709335545,143.01503669829737
Papua,gradual,2001-08,173,119.8811031737705,135.38437330393214,143.4708745191399
Papua,gradual,2001-08,174,120.41870560700964,136.08470774244446,143.95584253597397
Papua,gradual,2001-08,175,120.98338342281164,136.67256701065403,144.19241205870665
Papua,gradual,2001-08,176,121.58167886652693,137.37663385084494,145.2192886302674
Papua,gradual,2001-08,177,122.16363269148164,138.05463216727645,145.92884781278156
Papua,gradual,2001-08,178,122.72242087771319,138.50749423728675,145.6819861264575
Papua,gradual,2001-08,179,123.25330948048159,138.9147150661191,146.65739657570415
Papua,gradual,2001-08,180,123.80285499397283,139.8480053520754,147.1671842891187
Papua,gradual,2001-08,181,124.36213024033168,140.28228870027903,147.6280301360867
Papua,gradual,2001-08,182,124.89421210216524,140.8169060622718,148.09317642120425
Papua,gradual,2001-08,183,125.42128630165594,141.21247254663328,148.69622360857906
Papua,gradual,2001-08,184,125.9725212757582,141.94039990542808,148.82299730553828
Papua,gradual,2001-08,185,126.5205738791797,142.51903956803037,149.7196075987764
Papua,gradual,2001-08,186,127.07575394215029,142.98398435028483,150.66652578938888
Papua,gradual,2001-08,187,127.61340505438106,143.60182713050133,150.97492329029276
Papua,gradual,2001-08,188,128.17887968349137,144.37008342451045,151.5972837646553
Papua,gradual,2001-08,189,128.72731465581583,144.86748947300123,152.8656635515404
Papua,gradual,2001-08,190,129.2696882772677,145.31665113494245,153.49963003415593
Papua,gradual,2001-08,191,129.7999177199806,146.35150191220777,153.7414722259107
Papua,gradual,2001-08,192,130.35174857903493,146.9590958490834,153.87081794745777
Papua,gradual,2001-08,193,130.8659310530003,147.3698920252146,154.71643857699777
Papua,gradual,2001-08,194,131.40960873428534,147.8016837855528,155.5507619845993
Papua,gradual,2001-08,195,131.89745826631733,148.2038456050194,156.61103540807116
Papua,gradual,2001-08,196,132.39325124474203,148.4208320227891,157.06078015635453
Papua,gradual,2001-08,197,132.9025501520599,148.81188152354338,157.84204207890193
Papua,gradual,2001-08,198,133.42756076971207,149.4780781819892,158.55445783856902
Papua,gradual,2001-08,199,134.01715434517075,150.0172690101153,158.95188449209928
Papua,gradual,2001-08,200,134.56535196456036,150.53645824214888,159.39866772655915
Papua,gradual,2009-16,0,0,0,0
Papua,gradual,2009-16,1,1.7899390580348766,5.408883594910985,6.536544189277627
Papua,gradual,2009-16,2,3.549446120667139,7.589687617025459,8.73342015981806
Papua,gradual,2009-16,3,5.255057766052839,9.5352005993321,11.135314190846506
Papua,gradual,2009-16,4,6.957319635118514,11.429902740630396,14.221219046981483
Papua,gradual,2009-16,5,8.658757984924344,13.477637789646021,16.731361288017514
Papua,gradual,2009-16,6,10.313193282135979,15.587755504581702,18.740135485744357
Papua,gradual,2009-16,7,12.011013195825795,17.523268102007034,20.926872530358953
Papua,gradual,2009-16,8,13.695674014587567,19.593287802694782,22.70332849523327
Papua,gradual,2009-16,9,15.351826754417889,21.48345897682172,24.95781451917733
Papua,gradual,2009-16,10,17.003006741452015,23.349053308828484,27.172419534301103
Papua,gradual,2009-16,11,18.675999705784,25.394269148150702,28.876381625635876
Papua,gradual,2009-16,12,20.315230591594464,27.1244742948323,30.778417292040896
Papua,gradual,2009-16,13,21.957659521670973,28.99840828826957,32.76743889813672
Papua,gradual,2009-16,14,23.582775284989406,30.811406142773976,34.981993151374006
Papua,gradual,2009-16,15,25.2147291730004,32.623877982464634,36.75633572930085
Papua,gradual,2009-16,16,26.856755742559052,34.29196269860086,38.54378330650076
Papua,gradual,2009-16,17,28.460139346025642,36.10145611387007,40.17884343880385
Papua,gradual,2009-16,18,30.080049982651957,38.06197113011671,41.977754714528466
Papua,gradual,2009-16,19,31.6737948245516,39.616703709696125,43.71531904422943
Papua,gradual,2009-16,20,33.290184199318944,41.53244937210367,45.481457972282755
Papua,gradual,2009-16,21,34.873675303523555,43.371744239267706,47.48915047418512
Papua,gradual,2009-16,22,36.44907637073213,45.0026640275875,48.88418225097787
Papua,gradual,2009-16,23,38.02738704859896,46.77490482915094,50.72066417964849
Papua,gradual,2009-16,24,39.6113833833242,48.429890200826044,52.921322739129884
Papua,gradual,2009-16,25,41.14718489438571,50.10455767941835,54.80349033056542
Papua,gradual,2009-16,26,42.70988627070588,51.75756087800067,56.47023594275439
Papua,gradual,2009-16,27,44.267057574096675,53.43476423317691,57.786591726511766
Papua,gradual,2009-16,28,45.80266134346306,55.22190608228966,59.41933000369482
Papua,gradual,2009-16,29,47.351329953548316,56.82673132583332,61.17503793905274
Papua,gradual,2009-16,30,48.867288153193776,58.46987823702839,62.842507375372726
Papua,gradual,2009-16,31,50.41779299959758,60.20955362507884,64.40011741326865
Papua,gradual,2009-16,32,51.94155837225473,61.84568811299007,66.21841588943056
Papua,gradual,2009-16,33,53.47442810290788,63.48985692249133,67.96231497658759
Papua,gradual,2009-16,34,54.99968754568778,65.1113890497324,69.6910066998755
Papua,gradual,2009-16,35,56.47534070134975,66.50505514367553,71.42926931182068
Papua,gradual,2009-16,36,57.991424734267284,68.16782788575392,73.13927781154466
Papua,gradual,2009-16,37,59.51574198376151,69.74748898643465,74.81659335032326
Papua,gradual,2009-16,38,61.00209396525227,71.40506225700524,76.1631689548631
Papua,gradual,2009-16,39,62.51682525501023,73.05513495263587,77.69819752590787
Papua,gradual,2009-16,40,64.01646304341183,74.39370869802774,79.69613694658673
Papua,gradual,2009-16,41,65.48337562372322,76.01309062049532,81.04008231290948
Papua,gradual,2009-16,42,66.95075551033503,77.613515730198,82.55316131050495
Papua,gradual,2009-16,43,68.42656343045482,79.1541498307019,84.1786617680872
Papua,gradual,2009-16,44,69.8705872285104,80.71371873882477,85.7637495586109
Papua,gradual,2009-16,45,71.30929887042039,82.25345702944789,86.823251324192
Papua,gradual,2009-16,46,72.75602778801189,83.73610645626702,88.32497796653522
Papua,gradual,2009-16,47,74.22854496864744,85.25464881419417,89.90492747895479
Papua,gradual,2009-16,48,75.63585361466723,86.70027738344344,91.31028317824455
Papua,gradual,2009-16,49,77.05561540898594,87.89422583774349,92.76853162430793
Papua,gradual,2009-16,50,78.50433767351441,89.47139074997469,94.12168043800638
Papua,gradual,2009-16,51,79.93384424902153,90.85884708641467,95.81038993979799
Papua,gradual,2009-16,52,81.3603187835063,92.57233607350918,97.36611054044035
Papua,gradual,2009-16,53,82.78803833040456,93.99983438705998,99.115545847034
Papua,gradual,2009-16,54,84.2376886547824,95.5968755186025,100.24820359683494
Papua,gradual,2009-16,55,85.62232225642157,97.08601750901742,102.06696628031725
Papua,gradual,2009-16,56,87.01112507456884,98.62634880027466,103.92626086581492
Papua,gradual,2009-16,57,88.41278173521977,99.99693077846703,105.2494344624799
Papua,gradual,2009-16,58,89.83975579250482,101.3828611658273,106.69377229581458
Papua,gradual,2009-16,59,91.22423334371295,102.759715207135,108.27494947481237
Papua,gradual,2009-16,60,92.62130111684478,104.23285481203182,109.61016724924194
Papua,gradual,2009-16,61,94.03707741259173,105.75052325404283,110.64133478739845
Papua,gradual,2009-16,62,95.41463126371103,107.095097364379,112.40281942151535
Papua,gradual,2009-16,63,96.80426396271577,108.59233442028248,113.90952230998502
Papua,gradual,2009-16,64,98.20004604685818,110.13135845219558,115.60976497791692
Papua,gradual,2009-16,65,99.57630487249193,111.70068274069358,116.78580716853502
Papua,gradual,2009-16,66,100.96523884700647,113.16290309493922,118.45725497595781
Papua,gradual,2009-16,67,102.33809735885059,114.76097021249552,119.9882524213209
Papua,gradual,2009-16,68,103.69345611123236,116.08821237123078,121.16001212256917
Papua,gradual,2009-16,69,105.04620263498849,117.45457193511902,122.52675729202383
Papua,gradual,2009-16,70,106.38502657817662,118.6589551023399,124.20628485253566
Papua,gradual,2009-16,71,107.75595178895287,119.96777444177116,125.08621273487356
Papua,gradual,2009-16,72,109.10266430041816,121.6316513701038,126.72994582102207
Papua,gradual,2009-16,73,110.45641331857631,123.02245328164072,128.8889685646254
Papua,gradual,2009-16,74,111.81491547987429,124.35500786418169,130.42745928416784
Papua,gradual,2009-16,75,113.16249871081152,125.66439097804388,132.13204014550223
Papua,gradual,2009-16,76,114.48974033370453,126.9351960174565,133.88435715596665
Papua,gradual,2009-16,77,115.80982424016688,128.33102431877347,135.08279652669586
Papua,gradual,2009-16,78,117.13298961018705,129.83975433379965,136.17224530564044
Papua,gradual,2009-16,79,118.44377491713358,131.0571682808552,137.45014161086837
Papua,gradual,2009-16,80,119.79334036371807,132.59707721516958,138.89361082889698
Papua,gradual,2009-16,81,121.11363630218894,133.87767222259583,140.02099214441606
Papua,gradual,2009-16,82,122.42226767761208,135.20303918194548,141.87715150807165
Papua,gradual,2009-16,83,123.743575732648,136.58506235239443,143.10360142095212
Papua,gradual,2009-16,84,125.05586083580201,137.93321555585635,144.39274753873394
Papua,gradual,2009-16,85,126.35153284334378,139.28399122512812,146.0023995859759
Papua,gradual,2009-16,86,127.66908512643992,140.76681865114676,147.1943417287805
Papua,gradual,2009-16,87,128.93875751464228,142.29752359942378,148.69741161098563
Papua,gradual,2009-16,88,130.24345322237926,143.48386542166813,149.99820937009082
Papua,gradual,2009-16,89,131.510379159363,144.80361389634618,151.36239137585076
Papua,gradual,2009-16,90,132.80031732438295,146.1023732083597,152.93193680226966
Papua,gradual,2009-16,91,134.08152866675042,147.12613118691706,154.40786053261425
Papua,gradual,2009-16,92,135.34935207127782,148.5601797507325,155.41340379980923
Papua,gradual,2009-16,93,136.6338279439468,150.08703651073674,156.49655299209618
Papua,gradual,2009-16,94,137.89036855564316,151.69107327592138,157.87906516377072
Papua,gradual,2009-16,95,139.1584696349197,152.7514296741505,158.7638430784525
Papua,gradual,2009-16,96,140.42486606953133,153.9149409000381,160.28556950061616
Papua,gradual,2009-16,97,141.65672759262674,155.1452663984011,161.63800450272774
Papua,gradual,2009-16,98,142.92282552264513,156.55076401237744,163.18323339631166
Papua,gradual,2009-16,99,144.17401349795844,157.75112655617522,164.3598799133233
Papua,gradual,2009-16,100,145.41543986566555,159.07028419831784,165.3878888587656
Papua,gradual,2009-16,101,146.65554343709925,160.49089621762863,166.8083261569632
Papua,gradual,2009-16,102,147.88954467414607,161.729476497384,168.49879298064818
Papua,gradual,2009-16,103,149.11002057144165,163.0829446186435,169.78410549134966
Papua,gradual,2009-16,104,150.3521661238518,164.22548481335093,170.64775676618683
Papua,gradual,2009-16,105,151.57123538628036,165.33637223611234,171.96136704276705
Papua,gradual,2009-16,106,152.78195581549775,166.5451666285837,173.0096445245601
Papua,gradual,2009-16,107,153.9983671266028,167.9083797427756,174.39767879624833
Papua,gradual,2009-16,108,155.24630458590175,169.31834554710747,175.84662997191714
Papua,gradual,2009-16,109,156.46095728475524,170.5676331733323,176.79332821676596
Papua,gradual,2009-16,110,157.7246919480188,171.9551825460619,177.83461906647696
Papua,gradual,2009-16,111,158.95170948487947,173.12165166346415,179.65063799707173
Papua,gradual,2009-16,112,160.2203408864421,174.48325948279972,180.27686666524778
Papua,gradual,2009-16,113,161.43259211377824,175.68120070539257,181.9394724661999
Papua,gradual,2009-16,114,162.65767549414477,177.1572337233296,183.39134448481195
Papua,gradual,2009-16,115,163.8798688239068,178.37981584356788,184.542268568922
Papua,gradual,2009-16,116,165.07930954510192,179.3553440917967,186.2329349781831
Papua,gradual,2009-16,117,166.26550745903404,180.4047927735054,187.1190957216993
Papua,gradual,2009-16,118,167.47079555864656,181.84870793451262,187.82976104379645
Papua,gradual,2009-16,119,168.69875160128294,182.98772656018997,189.32670743376153
Papua,gradual,2009-16,120,169.87315781127376,184.38144630332408,190.35586976761437
Papua,gradual,2009-16,121,171.0957194907152,185.59591673869036,191.7267882101513
Papua,gradual,2009-16,122,172.27400923251167,186.95131722985315,192.7090088392001
Papua,gradual,2009-16,123,173.45673683026246,188.13638812805144,193.84460532935228
Papua,gradual,2009-16,124,174.63967573614872,189.33796748126258,194.83199010411155
Papua,gradual,2009-16,125,175.84949395531433,190.55817061746617,196.36600361239866
Papua,gradual,2009-16,126,176.99314565711776,191.75038177556775,197.5989056507956
Papua,gradual,2009-16,127,178.1870064945841,192.96166418494647,198.92164418653692
Papua,gradual,2009-16,128,179.3311294963491,193.98681082947394,199.8102611437236
Papua,gradual,2009-16,129,180.5364129231089,195.3698916878064,201.1391406793818
Papua,gradual,2009-16,130,181.68772761184954,196.59795524924263,202.25560213936924
Papua,gradual,2009-16,131,182.88236520840346,197.97599433946274,204.20653016112388
Papua,gradual,2009-16,132,184.03062776863118,199.04902224517508,205.81464187477428
Papua,gradual,2009-16,133,185.20321420688245,200.07767824107913,206.8711224102874
Papua,gradual,2009-16,134,186.36246936954706,201.25279581479018,208.08613893956618
Papua,gradual,2009-16,135,187.5301517115601,202.71831494042948,209.02413976760548
Papua,gradual,2009-16,136,188.69296455084708,203.75686249243364,210.39720192454266
Papua,gradual,2009-16,137,189.86809826856484,204.7969377581146,211.6392933442178
Papua,gradual,2009-16,138,191.0158304134935,205.9970026344959,213.1385953318009
Papua,gradual,2009-16,139,192.16730280935167,207.63711035895446,214.4953111018798
Papua,gradual,2009-16,140,193.31744909744347,208.5751748694727,216.1456735815655
Papua,gradual,2009-16,141,194.45708663800477,209.59212355636583,217.28219764362782
Papua,gradual,2009-16,142,195.61165436674776,210.50944814032985,218.07003188017202
Papua,gradual,2009-16,143,196.7703511057096,211.63269687614837,219.39479095441044
Papua,gradual,2009-16,144,197.90841122726178,213.09288027014682,220.76540717783908
Papua,gradual,2009-16,145,199.03896718704289,214.1915605088641,221.37253079345373
Papua,gradual,2009-16,146,200.15487979108312,215.27854457461277,222.21666057887825
Papua,gradual,2009-16,147,201.29162300473433,216.47859600490403,223.1747004232177
Papua,gradual,2009-16,148,202.42472583058444,217.66785879918248,224.64532349944042
Papua,gradual,2009-16,149,203.56864902814607,218.75921044753048,225.7238778441631
Papua,gradual,2009-16,150,204.72898031385355,219.92442547639592,227.2094453928541
Papua,gradual,2009-16,151,205.85342342055947,221.37822030238226,228.61646651389123
Papua,gradual,2009-16,152,207.0047365062135,222.52483318213052,229.9105524882529
Papua,gradual,2009-16,153,208.1113907189846,223.66886990491545,231.17745422200932
Papua,gradual,2009-16,154,209.20736186994773,224.8633360033911,232.1224957984931
Papua,gradual,2009-16,155,210.30032824954438,225.8866442060543,233.40404009320883
Papua,gradual,2009-16,156,211.45240793794557,227.12468257824818,234.86479741746876
Papua,gradual,2009-16,157,212.57722241550522,228.13837707375365,235.9880325956946
Papua,gradual,2009-16,158,213.68878625589562,229.5107890723264,236.38842312665253
Papua,gradual,2009-16,159,214.8215017866276,230.42040593187994,237.2244675632373
Papua,gradual,2009-16,160,215.95606833430654,231.72670169167966,238.28674156750552
Papua,gradual,2009-16,161,217.0717521219138,232.6954107847961,239.68463265935122
Papua,gradual,2009-16,162,218.20948993579293,233.94671625752108,241.56896218534138
Papua,gradual,2009-16,163,219.30978386952333,234.8319724865212,242.04849023069616
Papua,gradual,2009-16,164,220.4130355632549,236.02420538722217,243.2244521751571
Papua,gradual,2009-16,165,221.54033952590237,237.0144454332776,244.96786778856867
Papua,gradual,2009-16,166,222.641251352123,238.24041028922403,245.88190836382702
Papua,gradual,2009-16,167,223.7053850932254,239.30949967361187,246.75780842205188
Papua,gradual,2009-16,168,224.79080043252998,240.45545119950222,247.79336799524438
Papua,gradual,2009-16,169,225.87504056376116,241.47925902110887,249.0997741072107
Papua,gradual,2009-16,170,226.9440066194791,242.6404106312852,250.87452099257035
Papua,gradual,2009-16,171,228.02184956429954,243.5969772084452,251.40951412003398
Papua,gradual,2009-16,172,229.09399075103428,244.7533022763238,252.12087463100445
Papua,gradual,2009-16,173,230.19883864676822,246.092552735776,253.25886962735893
Papua,gradual,2009-16,174,231.27014972841405,247.09787200274064,254.547588845689
Papua,gradual,2009-16,175,232.35729229112053,248.21133417180985,255.96978383135416
Papua,gradual,2009-16,176,233.47932123204956,249.1170882404292,256.7578927769588
Papua,gradual,2009-16,177,234.57893114515747,250.3025567701903,258.0295491538437
Papua,gradual,2009-16,178,235.65916784769107,251.59506447212704,258.8096395077133
Papua,gradual,2009-16,179,236.7161271034302,252.68462217591542,259.68983117572407
Papua,gradual,2009-16,180,237.78690384389824,253.98778805519223,260.33734849638995
Papua,gradual,2009-16,181,238.86495006935456,254.9537798354824,261.1964546770232
Papua,gradual,2009-16,182,239.91143485104678,256.0143195064208,262.5987887234479
Papua,gradual,2009-16,183,240.96288649588632,256.9570659216913,263.7965417964009
Papua,gradual,2009-16,184,242.02613021446436,258.09333585813675,265.0204845290981
Papua,gradual,2009-16,185,243.0841264219298,259.33748504170137,266.35286021224124
Papua,gradual,2009-16,186,244.14873147653577,260.1528653148955,266.99380496093175
Papua,gradual,2009-16,187,245.19951772073688,261.49748258331437,267.96942825170896
Papua,gradual,2009-16,188,246.27312772744895,262.59382068244935,269.7016337000674
Papua,gradual,2009-16,189,247.32720745265632,263.58106718273973,270.78932462991736
Papua,gradual,2009-16,190,248.38111466320754,264.56915652259704,272.2507524169341
Papua,gradual,2009-16,191,249.42361735870577,265.7726449120416,272.87333951346375
Papua,gradual,2009-16,192,250.4768387170534,266.9427322225709,273.63046145216293
Papua,gradual,2009-16,193,251.48997381430672,267.9696116994982,274.58263893418655
Papua,gradual,2009-16,194,252.53284062596714,269.19382715823053,276.2812047521757
Papua,gradual,2009-16,195,253.53310295903913,270.19107677205,277.3769307511036
Papua,gradual,2009-16,196,254.53530492889243,270.9685749466544,278.2102437352691
Papua,gradual,2009-16,197,255.5495038954646,272.15601528327255,279.2004330493221
Papua,gradual,2009-16,198,256.578928370644,273.04938190068157,280.07662316638135
Papua,gradual,2009-16,199,257.6623103119335,274.2510326969776,281.0247487699671
Papua,gradual,2009-16,200,258.7165292823037,275.1838363101178,282.44674117742716
Papua,gradual,2017-25,0,0,0,0
Papua,gradual,2017-25,1,1.472637534960132,5.470269772726244,5.832542874721902
Papua,gradual,2017-25,2,2.930024056052839,6.903686399747876,7.708909625926519
Papua,gradual,2017-25,3,4.345759106455142,8.348806940575976,9.803455488550462
Papua,gradual,2017-25,4,5.742312674996366,9.857262720326188,13.259657473046223
Papua,gradual,2017-25,5,7.1557812523278335,11.417838126517921,14.728631760499626
Papua,gradual,2017-25,6,8.524907854650161,13.138622822720551,16.292463962709014
Papua,gradual,2017-25,7,9.929335668852366,14.815692481768817,18.08978253097219
Papua,gradual,2017-25,8,11.338174042411262,16.897142247092624,19.722133302506386
Papua,gradual,2017-25,9,12.725562293275889,18.557686833862274,21.647820656971806
Papua,gradual,2017-25,10,14.078132320308583,20.228134212742763,23.386468224830175
Papua,gradual,2017-25,11,15.431828988653875,21.659490115705328,25.533605578213336
Papua,gradual,2017-25,12,16.821385442341278,23.311032126788746,27.049793561994775
Papua,gradual,2017-25,13,18.16658414037772,24.915191378325133,28.434013576062018
Papua,gradual,2017-25,14,19.51734092677298,26.397692043462726,29.965326300405973
Papua,gradual,2017-25,15,20.865658374618718,27.926754069694006,31.346978143925146
Papua,gradual,2017-25,16,22.195221028168586,29.420424076502098,33.567858975813884
Papua,gradual,2017-25,17,23.520394931152424,30.734901555789328,34.84581154959822
Papua,gradual,2017-25,18,24.883383197114,32.319168095344544,36.49194008939459
Papua,gradual,2017-25,19,26.164173966985526,33.85077322123071,37.78552566369682
Papua,gradual,2017-25,20,27.481563083895377,35.34089134328621,39.14316400452871
Papua,gradual,2017-25,21,28.80272193311953,36.78913574521895,40.88934273328293
Papua,gradual,2017-25,22,30.111709403559153,38.14225994097581,42.55426291490159
Papua,gradual,2017-25,23,31.397357471217344,39.477178725904636,43.52292800467855
Papua,gradual,2017-25,24,32.73590537106454,41.01482815705941,44.81676053915902
Papua,gradual,2017-25,25,34.041620784190464,42.43047700845256,46.83471506146984
Papua,gradual,2017-25,26,35.30478557049805,43.77442347497938,48.00968153298154
Papua,gradual,2017-25,27,36.601072809920794,45.27724705303031,49.48562426170004
Papua,gradual,2017-25,28,37.88002613893477,46.84874404055233,51.35269828102731
Papua,gradual,2017-25,29,39.140203824258286,48.20817742707626,52.69021912096287
Papua,gradual,2017-25,30,40.44757661960499,49.48136112341597,53.60049859305546
Papua,gradual,2017-25,31,41.695971198594556,50.965089768980164,55.329540752286974
Papua,gradual,2017-25,32,42.94084133934709,52.233313293714346,56.8056101686901
Papua,gradual,2017-25,33,44.16596693182633,53.43381715771334,58.130129456348506
Papua,gradual,2017-25,34,45.37808131284773,54.657724421676114,59.41677194495761
Papua,gradual,2017-25,35,46.61204312798717,56.16514373822098,60.73651297767833
Papua,gradual,2017-25,36,47.86047372159558,57.50872675878936,61.95603489022577
Papua,gradual,2017-25,37,49.049710876037324,58.70665815218007,63.02118491821962
Papua,gradual,2017-25,38,50.28167973661799,60.01606843661506,64.43355273643267
Papua,gradual,2017-25,39,51.50702847803384,61.31517978208844,65.87719681947182
Papua,gradual,2017-25,40,52.715595567734375,62.66366466462604,66.89029538263183
Papua,gradual,2017-25,41,53.95661780649509,63.980155209118536,68.17073500912475
Papua,gradual,2017-25,42,55.1265920077887,65.2152361101182,69.7332416418743
Papua,gradual,2017-25,43,56.308906462852164,66.27646336775439,70.85969643856723
Papua,gradual,2017-25,44,57.49574542883228,67.34796590596234,72.48534190393524
Papua,gradual,2017-25,45,58.666377273363786,68.54770768697055,73.81769343283086
Papua,gradual,2017-25,46,59.86212634901317,69.81710977831412,74.93461124250666
Papua,gradual,2017-25,47,61.05729287207628,71.16316222073061,76.06314018438138
Papua,gradual,2017-25,48,62.22826360441775,72.3930919097493,77.29629432342993
Papua,gradual,2017-25,49,63.45239638919159,73.95216179379284,78.4810835520645
Papua,gradual,2017-25,50,64.61105481387767,75.00029826653257,79.59172365999456
Papua,gradual,2017-25,51,65.75396165421364,76.35977310625692,80.95436655419815
Papua,gradual,2017-25,52,66.93879674051455,77.37765825430917,82.80759150936933
Papua,gradual,2017-25,53,68.12000996520507,78.55253437528324,83.90064890727118
Papua,gradual,2017-25,54,69.26817996571461,79.88905555331152,84.8447025851272
Papua,gradual,2017-25,55,70.41541486164007,80.96517636318872,86.25331612012023
Papua,gradual,2017-25,56,71.5501425464742,82.13616059222909,87.55313200600584
Papua,gradual,2017-25,57,72.70925300999546,83.49289947564115,88.50920024161385
Papua,gradual,2017-25,58,73.87323502505731,84.70764598664357,89.950657407025
Papua,gradual,2017-25,59,75.00504797893475,85.81881665063734,90.97666852088807
Papua,gradual,2017-25,60,76.13890992597534,87.22893952638977,92.63183434860052
Papua,gradual,2017-25,61,77.29194231859523,88.40786241135137,93.91616188094515
Papua,gradual,2017-25,62,78.43114110152632,89.52797384108074,95.23803823878714
Papua,gradual,2017-25,63,79.57097388175266,90.79260212725258,96.34659755703534
Papua,gradual,2017-25,64,80.69753015084916,91.63426693149101,97.53565641332064
Papua,gradual,2017-25,65,81.82229223418683,93.07483120219703,98.82580370416508
Papua,gradual,2017-25,66,82.91543182797164,94.00337542152816,99.71808620855865
Papua,gradual,2017-25,67,84.04180196812332,95.30482987450753,100.83890216840457
Papua,gradual,2017-25,68,85.13933129479274,96.51858776924679,101.97688271379997
Papua,gradual,2017-25,69,86.2601953977236,97.63019993577234,103.34698015109788
Papua,gradual,2017-25,70,87.33362128245307,98.69162382540664,104.56082566478943
Papua,gradual,2017-25,71,88.43279562047087,100.02815014794322,105.93543307737855
Papua,gradual,2017-25,72,89.53506598386757,101.17811284635337,106.86024882838817
Papua,gradual,2017-25,73,90.61914942701063,102.31098929424766,107.5336649710883
Papua,gradual,2017-25,74,91.67631891130071,103.31590036664696,108.96846316830569
Papua,gradual,2017-25,75,92.75231330373839,104.57941823156395,110.29204122394681
Papua,gradual,2017-25,76,93.81681897710459,105.57389519191315,111.1460868425712
Papua,gradual,2017-25,77,94.89600848921296,106.68720325848776,112.11003861016768
Papua,gradual,2017-25,78,95.96336071031885,107.80200811526672,113.15473438826507
Papua,gradual,2017-25,79,97.04707388547645,108.91568195966339,114.42342664851815
Papua,gradual,2017-25,80,98.11156609399973,109.80081261645897,116.16266020312506
Papua,gradual,2017-25,81,99.15876443572668,110.89246117524601,116.91818581068895
Papua,gradual,2017-25,82,100.20005825517795,112.0066106835256,117.90070016825796
Papua,gradual,2017-25,83,101.2578928601693,113.13450922765043,118.95456673571901
Papua,gradual,2017-25,84,102.29863648107984,114.00268446567786,119.77194082065235
Papua,gradual,2017-25,85,103.34481609100165,115.11529992311293,121.1621758372628
Papua,gradual,2017-25,86,104.41793087280371,116.2476292575713,121.84439523554452
Papua,gradual,2017-25,87,105.49156868628438,117.23702774163861,122.93992675436866
Papua,gradual,2017-25,88,106.52887724931368,118.2502179899287,124.21888441684224
Papua,gradual,2017-25,89,107.59075943981115,119.38071290656329,125.22124036763013
Papua,gradual,2017-25,90,108.61569142482362,120.59560586019774,126.37652362262101
Papua,gradual,2017-25,91,109.66513438745164,121.6598637852412,127.97509990103875
Papua,gradual,2017-25,92,110.70994910241573,122.84039847651552,128.8004251748276
Papua,gradual,2017-25,93,111.76485867762203,123.69371939856683,129.8279733956096
Papua,gradual,2017-25,94,112.82358791599763,124.83044691422674,131.1389343920123
Papua,gradual,2017-25,95,113.86591340222161,125.92405108318196,132.36329919271984
Papua,gradual,2017-25,96,114.86010151579886,126.97672051735184,133.72634427818872
Papua,gradual,2017-25,97,115.91065974858368,128.11603366701678,134.51002076067715
Papua,gradual,2017-25,98,116.93220096866376,129.02932467036894,134.95718859579065
Papua,gradual,2017-25,99,117.92574352988795,130.1930537269212,135.9568051782825
Papua,gradual,2017-25,100,118.95088916228701,131.22764309396786,137.31821115626803
Papua,gradual,2017-25,101,119.9552764095849,132.39616711591407,139.07554925927607
Papua,gradual,2017-25,102,120.9769407083187,133.74509882998638,140.13884638884358
Papua,gradual,2017-25,103,121.98734845416959,134.55977976173168,141.1559649179338
Papua,gradual,2017-25,104,123.0058812052078,135.51775025281358,141.9382018860134
Papua,gradual,2017-25,105,124.01584493132461,136.59882697814714,143.10559882367687
Papua,gradual,2017-25,106,125.01541586298731,137.46652676432902,143.7998273223023
Papua,gradual,2017-25,107,126.02357870159398,138.57307054951977,145.15391670739083
Papua,gradual,2017-25,108,127.03788854475349,139.62629457830718,145.78183994421144
Papua,gradual,2017-25,109,128.04118246620476,140.6319996548667,146.98313778466047
Papua,gradual,2017-25,110,129.09509816923193,141.61864124286933,147.90584240102038
Papua,gradual,2017-25,111,130.10922171947,142.65393573262605,149.08459542287224
Papua,gradual,2017-25,112,131.09024072996962,144.01991615340182,150.49661049995612
Papua,gradual,2017-25,113,132.1306898960657,144.83555598208318,151.4777913789358
Papua,gradual,2017-25,114,133.1537879815428,146.18465148624304,152.50740335900093
Papua,gradual,2017-25,115,134.146594217488,146.98061633260622,153.79121308674445
Papua,gradual,2017-25,116,135.14767244113426,148.05164758673413,154.60969555835013
Papua,gradual,2017-25,117,136.10312801513388,149.18793334956362,155.50169056498348
Papua,gradual,2017-25,118,137.07254978702437,150.14134827517856,156.49436861114822
Papua,gradual,2017-25,119,138.02136139164077,151.14148729438315,157.58968462767575
Papua,gradual,2017-25,120,139.04108075333832,152.29728210524686,158.74597416992688
Papua,gradual,2017-25,121,140.0349648179826,153.19485593845357,160.03285772769388
Papua,gradual,2017-25,122,140.99580223804548,154.26145629903715,161.00564312273758
Papua,gradual,2017-25,123,142.00347809271426,155.39974938625642,162.2336173956612
Papua,gradual,2017-25,124,142.968165972718,156.4788347169006,163.31622658396583
Papua,gradual,2017-25,125,143.96633990486134,157.58663280640772,164.37286117524792
Papua,gradual,2017-25,126,144.90833021906386,158.61108254888438,164.85329108158427
Papua,gradual,2017-25,127,145.87361440806114,159.69617802558471,165.92671989476506
Papua,gradual,2017-25,128,146.81748412818254,160.67209369511426,166.92651277211354
Papua,gradual,2017-25,129,147.7983495328459,161.6335146374362,167.83207202020702
Papua,gradual,2017-25,130,148.7472067455635,162.53540624071795,168.86474050874068
Papua,gradual,2017-25,131,149.67775669072975,163.28941320930437,170.02168524727279
Papua,gradual,2017-25,132,150.63535402060876,164.45372133916177,170.99357252966539
Papua,gradual,2017-25,133,151.60971872398738,165.36790335720414,171.55233938143758
Papua,gradual,2017-25,134,152.60385756262178,166.36037115967247,172.31146131943657
Papua,gradual,2017-25,135,153.57543979497606,167.64025102771328,173.7208162803059
Papua,gradual,2017-25,136,154.5000839561288,168.50947941266722,174.30995897613366
Papua,gradual,2017-25,137,155.45384047499465,169.2746460504062,175.32788988771026
Papua,gradual,2017-25,138,156.41703286170974,170.24333267366615,175.86939785418417
Papua,gradual,2017-25,139,157.35068002971937,171.36367117026455,176.69856871080793
Papua,gradual,2017-25,140,158.30690894361513,172.4425490206925,178.04069807544604
Papua,gradual,2017-25,141,159.28394285116013,173.55972394565762,179.55530151943873
Papua,gradual,2017-25,142,160.18992731662811,174.39233904283867,180.52506342880298
Papua,gradual,2017-25,143,161.1559448900109,175.29698518607557,181.18373650786486
Papua,gradual,2017-25,144,162.08646551215284,176.0421164651253,182.22547233552064
Papua,gradual,2017-25,145,163.01354618997613,177.07637217215262,182.7597465521908
Papua,gradual,2017-25,146,163.96353226810962,178.13972211631994,184.4833930684423
Papua,gradual,2017-25,147,164.88263698022232,179.0115059641547,185.26450126529818
Papua,gradual,2017-25,148,165.75569673553602,180.08017987555507,186.2677282245021
Papua,gradual,2017-25,149,166.64771593426983,180.71868967911746,187.38660431741613
Papua,gradual,2017-25,150,167.55314830843477,181.60823288470922,188.26558397644226
Papua,gradual,2017-25,151,168.44645653941183,182.47726523479923,189.17643485398852
Papua,gradual,2017-25,152,169.37989382909296,183.6152574925005,189.86302986156875
Papua,gradual,2017-25,153,170.27468949686167,184.45538518017827,191.15788281621383
Papua,gradual,2017-25,154,171.16984142260515,185.34886517402362,191.7736431032935
Papua,gradual,2017-25,155,172.11432294442147,186.28573434569051,192.77244083590955
Papua,gradual,2017-25,156,173.00168754341624,187.04938326719505,193.4815868251332
Papua,gradual,2017-25,157,173.90779857731295,188.16675853203267,194.61460587733995
Papua,gradual,2017-25,158,174.83282507362372,189.2887972313725,195.12092611480298
Papua,gradual,2017-25,159,175.76014788951326,190.386707811617,196.41323992912322
Papua,gradual,2017-25,160,176.6861618170428,191.21100460791564,197.50603425340466
Papua,gradual,2017-25,161,177.5806572260734,191.99525377461538,198.65805683233623
Papua,gradual,2017-25,162,178.4929079168983,193.1281052004999,199.53612365815215
Papua,gradual,2017-25,163,179.39864562820782,194.1340557143314,200.47693058300334
Papua,gradual,2017-25,164,180.32393939420672,194.89747483625717,201.18929284199743
Papua,gradual,2017-25,165,181.25367790625032,195.8498127512701,202.06178050194066
Papua,gradual,2017-25,166,182.138978334955,196.71315729370383,202.90603000691
Papua,gradual,2017-25,167,183.0546095269936,197.62984182520606,203.77381330800463
Papua,gradual,2017-25,168,183.9448369322259,198.60398616216304,204.30041825717947
Papua,gradual,2017-25,169,184.87194658987406,199.51732755708107,205.9698618935582
Papua,gradual,2017-25,170,185.7960713541071,200.55229506517887,207.3126999004492
Papua,gradual,2017-25,171,186.68604547263908,201.30107446215487,208.10012749064092
Papua,gradual,2017-25,172,187.59234186680254,202.32064653863793,208.955035549442
Papua,gradual,2017-25,173,188.4908055750517,203.35198002727907,209.7077820602405
Papua,gradual,2017-25,174,189.38772717447102,204.22324440053583,210.6314170219125
Papua,gradual,2017-25,175,190.3031617316391,205.265323482285,211.9594199692938
Papua,gradual,2017-25,176,191.18599842881272,206.3443929296009,212.5686318916196
Papua,gradual,2017-25,177,192.05545618072702,207.250153511692,213.2760094834219
Papua,gradual,2017-25,178,192.92838056451913,208.12140089618413,214.4967043540852
Papua,gradual,2017-25,179,193.85554198379907,209.03269543141923,215.04568119292412
Papua,gradual,2017-25,180,194.74886514983416,209.59490574171363,217.15845015733078
Papua,gradual,2017-25,181,195.6204279368131,210.52018707336296,218.08087934034847
Papua,gradual,2017-25,182,196.5131289418907,211.74684195808052,219.294662384398
Papua,gradual,2017-25,183,197.41410825036672,212.65491091950685,219.7212442525281
Papua,gradual,2017-25,184,198.3128469380498,213.50577960653285,220.58895364231844
Papua,gradual,2017-25,185,199.1418855046465,214.43614062182863,221.2084965143081
Papua,gradual,2017-25,186,200.0070037366384,215.33671424492533,222.0476214428256
Papua,gradual,2017-25,187,200.8700734821537,216.16403705314664,223.28607542457468
Papua,gradual,2017-25,188,201.7715761849239,217.24848210618893,223.61912075065493
Papua,gradual,2017-25,189,202.65059307780228,218.60218770996954,224.48616117422048
Papua,gradual,2017-25,190,203.50447220723208,219.3965425045179,224.68614082717212
Papua,gradual,2017-25,191,204.3540664500184,220.0093780707448,226.7746562661306
Papua,gradual,2017-25,192,205.23363975797733,220.951126136078,227.74877401506365
Papua,gradual,2017-25,193,206.11717658808377,221.6293818791739,228.80643835668738
Papua,gradual,2017-25,194,207.0428074715359,222.68289433727247,229.523207514645
Papua,gradual,2017-25,195,207.93730429955153,223.56833540137612,230.49206553393938
Papua,gradual,2017-25,196,208.8305058201197,224.2768042748499,231.30158354068536
Papua,gradual,2017-25,197,209.69675761345593,225.35376938274294,232.28996251114413
Papua,gradual,2017-25,198,210.52784868354303,226.1197500341686,234.06378344088708
Papua,gradual,2017-25,199,211.42773932789555,227.30685369685145,234.60062606159022
Papua,gradual,2017-25,200,212.28293399740335,227.97020145163776,234.98702053766593
Papua,absorbing,Full record (2001-25),0,0,0,0
Papua,absorbing,Full record (2001-25),1,0.9401804584435821,1.799714386455431,4.8496550881668155
Papua,absorbing,Full record (2001-25),2,2.819305222339041,4.91517708728606,5.6563712700860025
Papua,absorbing,Full record (2001-25),3,3.954115348268162,5.501015547593858,6.830446742279939
Papua,absorbing,Full record (2001-25),4,5.645432789478921,6.021933687198789,9.733073618666461
Papua,absorbing,Full record (2001-25),5,7.745531092934188,6.83566753263064,10.507620981054094
Papua,absorbing,Full record (2001-25),6,9.031075228446577,7.459492093489392,11.544941570812375
Papua,absorbing,Full record (2001-25),7,9.922579857104532,8.421446374347164,12.630472267273397
Papua,absorbing,Full record (2001-25),8,11.229159071687135,9.845639663958186,14.769917498874914
Papua,absorbing,Full record (2001-25),9,12.289370557246318,10.646309109200477,15.953344872408854
Papua,absorbing,Full record (2001-25),10,14.973869112145579,11.46887486699907,31.754905080459984
Papua,absorbing,Full record (2001-25),11,16.662809050411887,12.165902466147493,1000
Papua,absorbing,Full record (2001-25),12,18.323464490545952,12.817405857720628,1000
Papua,absorbing,Full record (2001-25),13,19.370099446183183,13.573688290198286,1000
Papua,absorbing,Full record (2001-25),14,21.04963691558215,14.255382536666533,1000
Papua,absorbing,Full record (2001-25),15,22.301069377058592,15.16624506268636,1000
Papua,absorbing,Full record (2001-25),16,23.16181557592086,15.647069530024343,1000
Papua,absorbing,Full record (2001-25),17,24.025606027118123,16.323967237657747,1000
Papua,absorbing,Full record (2001-25),18,25.6468642257405,17.25100257533261,1000
Papua,absorbing,Full record (2001-25),19,26.481550240485234,17.757531814810054,1000
Papua,absorbing,Full record (2001-25),20,27.692314678638557,18.168007337938295,1000
Papua,absorbing,Full record (2001-25),21,29.32230504293336,18.768138616283238,1000
Papua,absorbing,Full record (2001-25),22,31.144237774076288,19.460842363358374,1000
Papua,absorbing,Full record (2001-25),23,33.17290656259021,20.342729215648646,1000
Papua,absorbing,Full record (2001-25),24,34.19310256082991,20.916876703834802,1000
Papua,absorbing,Full record (2001-25),25,35.17173280529159,21.516926802778425,1000
Papua,absorbing,Full record (2001-25),26,35.968978046257796,22.075829479338633,1000
Papua,absorbing,Full record (2001-25),27,36.97935372980233,22.896120466799392,1000
Papua,absorbing,Full record (2001-25),28,37.56739044099163,23.351136919959007,1000
Papua,absorbing,Full record (2001-25),29,38.76742944016239,23.94307986916968,1000
Papua,absorbing,Full record (2001-25),30,40.34984069295705,24.460639799451535,1000
Papua,absorbing,Full record (2001-25),31,41.32641055727242,25.024054088188766,1000
Papua,absorbing,Full record (2001-25),32,42.686231318838246,25.692527391601626,1000
Papua,absorbing,Full record (2001-25),33,44.877528133076694,26.811737227455136,1000
Papua,absorbing,Full record (2001-25),34,45.638620403398136,27.63229611337206,1000
Papua,absorbing,Full record (2001-25),35,46.79998614565351,28.061799133835187,1000
Papua,absorbing,Full record (2001-25),36,47.80099958095794,28.86065511339512,1000
Papua,absorbing,Full record (2001-25),37,48.95431571702744,29.595240389191783,1000
Papua,absorbing,Full record (2001-25),38,49.87626877443747,29.93823381084972,1000
Papua,absorbing,Full record (2001-25),39,51.2036861735754,30.59229265389055,1000
Papua,absorbing,Full record (2001-25),40,51.95944978080564,30.876830028268657,1000
Papua,absorbing,Full record (2001-25),41,53.10080890069893,31.65014537408295,1000
Papua,absorbing,Full record (2001-25),42,53.861772171493755,32.29051232680873,1000
Papua,absorbing,Full record (2001-25),43,54.99159110559823,33.02911498272275,1000
Papua,absorbing,Full record (2001-25),44,55.72439328939974,33.72659374724397,1000
Papua,absorbing,Full record (2001-25),45,56.4821371493444,34.01873600287007,1000
Papua,absorbing,Full record (2001-25),46,57.000478586764025,34.154138438044264,1000
Papua,absorbing,Full record (2001-25),47,58.110383050696896,34.66987029437281,1000
Papua,absorbing,Full record (2001-25),48,59.43789681100169,35.605552539345304,1000
Papua,absorbing,Full record (2001-25),49,60.965787889500746,37.15889728264061,1000
Papua,absorbing,Full record (2001-25),50,62.06367644566695,38.081641009878425,1000
Papua,absorbing,Full record (2001-25),51,62.60492356855107,38.1713473128284,1000
Papua,absorbing,Full record (2001-25),52,63.53259484428545,38.65704410276347,1000
Papua,absorbing,Full record (2001-25),53,64.04903614277214,39.00096612050646,1000
Papua,absorbing,Full record (2001-25),54,65.15628085614598,39.43419301388394,1000
Papua,absorbing,Full record (2001-25),55,66.44087083516747,40.81184617013766,1000
Papua,absorbing,Full record (2001-25),56,66.97321264179115,41.383169790934744,1000
Papua,absorbing,Full record (2001-25),57,68.46473485351909,42.35834349385386,1000
Papua,absorbing,Full record (2001-25),58,70.14333140873532,44.03803056094712,1000
Papua,absorbing,Full record (2001-25),59,71.63935824084068,46.74723174006816,1000
Papua,absorbing,Full record (2001-25),60,73.11702412224943,51.50006329692177,1000
Papua,absorbing,Full record (2001-25),61,73.99127391037106,1000,1000
Papua,absorbing,Full record (2001-25),62,75.49135173692655,1000,1000
Papua,absorbing,Full record (2001-25),63,76.18057993475821,1000,1000
Papua,absorbing,Full record (2001-25),64,78.81523284682238,1000,1000
Papua,absorbing,Full record (2001-25),65,79.12081148492841,1000,1000
Papua,absorbing,Full record (2001-25),66,79.78667747680363,1000,1000
Papua,absorbing,Full record (2001-25),67,80.64593163604833,1000,1000
Papua,absorbing,Full record (2001-25),68,81.48863597913093,1000,1000
Papua,absorbing,Full record (2001-25),69,82.54439413506826,1000,1000
Papua,absorbing,Full record (2001-25),70,82.77614037700198,1000,1000
Papua,absorbing,Full record (2001-25),71,83.83727400758615,1000,1000
Papua,absorbing,Full record (2001-25),72,84.27071517586043,1000,1000
Papua,absorbing,Full record (2001-25),73,85.52664963465071,1000,1000
Papua,absorbing,Full record (2001-25),74,86.37999145242559,1000,1000
Papua,absorbing,Full record (2001-25),75,87.98628709172706,1000,1000
Papua,absorbing,Full record (2001-25),76,89.05301502683915,1000,1000
Papua,absorbing,Full record (2001-25),77,90.09103606714001,1000,1000
Papua,absorbing,Full record (2001-25),78,91.67031059532101,1000,1000
Papua,absorbing,Full record (2001-25),79,91.90282406093034,1000,1000
Papua,absorbing,Full record (2001-25),80,92.368513158113,1000,1000
Papua,absorbing,Full record (2001-25),81,93.41808310123223,1000,1000
Papua,absorbing,Full record (2001-25),82,94.2412614236909,1000,1000
Papua,absorbing,Full record (2001-25),83,95.06044536171208,1000,1000
Papua,absorbing,Full record (2001-25),84,95.90473920543033,1000,1000
Papua,absorbing,Full record (2001-25),85,96.92196619023511,1000,1000
Papua,absorbing,Full record (2001-25),86,97.93621005221283,1000,1000
Papua,absorbing,Full record (2001-25),87,99.19964302246613,1000,1000
Papua,absorbing,Full record (2001-25),88,101.1989502468756,1000,1000
Papua,absorbing,Full record (2001-25),89,101.79738050774475,1000,1000
Papua,absorbing,Full record (2001-25),90,102.98199456516798,1000,1000
Papua,absorbing,Full record (2001-25),91,103.78280192240702,1000,1000
Papua,absorbing,Full record (2001-25),92,104.3930235647464,1000,1000
Papua,absorbing,Full record (2001-25),93,105.39134191921583,1000,1000
Papua,absorbing,Full record (2001-25),94,106.98837032453036,1000,1000
Papua,absorbing,Full record (2001-25),95,108.38536806687077,1000,1000
Papua,absorbing,Full record (2001-25),96,109.56613003200862,1000,1000
Papua,absorbing,Full record (2001-25),97,110.59594729896423,1000,1000
Papua,absorbing,Full record (2001-25),98,111.22202742288583,1000,1000
Papua,absorbing,Full record (2001-25),99,112.59859505165161,1000,1000
Papua,absorbing,Full record (2001-25),100,113.23951034986624,1000,1000
Papua,absorbing,Full record (2001-25),101,114.61485393852978,1000,1000
Papua,absorbing,Full record (2001-25),102,115.79813431188941,1000,1000
Papua,absorbing,Full record (2001-25),103,116.41099876990145,1000,1000
Papua,absorbing,Full record (2001-25),104,117.41412422539562,1000,1000
Papua,absorbing,Full record (2001-25),105,118.06880079384614,1000,1000
Papua,absorbing,Full record (2001-25),106,118.66742589595394,1000,1000
Papua,absorbing,Full record (2001-25),107,119.82892370100929,1000,1000
Papua,absorbing,Full record (2001-25),108,121.03231758235945,1000,1000
Papua,absorbing,Full record (2001-25),109,121.42887747851876,1000,1000
Papua,absorbing,Full record (2001-25),110,122.04459716255869,1000,1000
Papua,absorbing,Full record (2001-25),111,123.23810658275984,1000,1000
Papua,absorbing,Full record (2001-25),112,124.23590615483947,1000,1000
Papua,absorbing,Full record (2001-25),113,125.58268283818752,1000,1000
Papua,absorbing,Full record (2001-25),114,126.96302535539475,1000,1000
Papua,absorbing,Full record (2001-25),115,127.53676853935266,1000,1000
Papua,absorbing,Full record (2001-25),116,127.92772405727817,1000,1000
Papua,absorbing,Full record (2001-25),117,128.32928798738226,1000,1000
Papua,absorbing,Full record (2001-25),118,129.70172925364255,1000,1000
Papua,absorbing,Full record (2001-25),119,130.31643182120553,1000,1000
Papua,absorbing,Full record (2001-25),120,131.31093347218732,1000,1000
Papua,absorbing,Full record (2001-25),121,132.454824954317,1000,1000
Papua,absorbing,Full record (2001-25),122,133.23604596608686,1000,1000
Papua,absorbing,Full record (2001-25),123,134.41589869498998,1000,1000
Papua,absorbing,Full record (2001-25),124,134.82845149029086,1000,1000
Papua,absorbing,Full record (2001-25),125,135.83370145307893,1000,1000
Papua,absorbing,Full record (2001-25),126,136.98998703633487,1000,1000
Papua,absorbing,Full record (2001-25),127,137.7512790178632,1000,1000
Papua,absorbing,Full record (2001-25),128,139.46092189414608,1000,1000
Papua,absorbing,Full record (2001-25),129,140.4403374004031,1000,1000
Papua,absorbing,Full record (2001-25),130,141.2287261589347,1000,1000
Papua,absorbing,Full record (2001-25),131,141.9986784384656,1000,1000
Papua,absorbing,Full record (2001-25),132,142.6044271400829,1000,1000
Papua,absorbing,Full record (2001-25),133,143.21519416306717,1000,1000
Papua,absorbing,Full record (2001-25),134,143.96849346291128,1000,1000
Papua,absorbing,Full record (2001-25),135,144.36190070873965,1000,1000
Papua,absorbing,Full record (2001-25),136,145.53139063549813,1000,1000
Papua,absorbing,Full record (2001-25),137,146.3195266843664,1000,1000
Papua,absorbing,Full record (2001-25),138,147.46477230141411,1000,1000
Papua,absorbing,Full record (2001-25),139,148.4244617296136,1000,1000
Papua,absorbing,Full record (2001-25),140,150.70014697968557,1000,1000
Papua,absorbing,Full record (2001-25),141,151.27111070841397,1000,1000
Papua,absorbing,Full record (2001-25),142,152.25092675669663,1000,1000
Papua,absorbing,Full record (2001-25),143,153.92600790767702,1000,1000
Papua,absorbing,Full record (2001-25),144,154.67712865099327,1000,1000
Papua,absorbing,Full record (2001-25),145,155.26056904734003,1000,1000
Papua,absorbing,Full record (2001-25),146,156.37898013757976,1000,1000
Papua,absorbing,Full record (2001-25),147,157.31145290457465,1000,1000
Papua,absorbing,Full record (2001-25),148,157.68774608631216,1000,1000
Papua,absorbing,Full record (2001-25),149,158.4396514536205,1000,1000
Papua,absorbing,Full record (2001-25),150,159.00404842148805,1000,1000
Papua,absorbing,Full record (2001-25),151,159.56001386195436,1000,1000
Papua,absorbing,Full record (2001-25),152,160.0650766895062,1000,1000
Papua,absorbing,Full record (2001-25),153,161.1956243984614,1000,1000
Papua,absorbing,Full record (2001-25),154,161.91133964165007,1000,1000
Papua,absorbing,Full record (2001-25),155,162.4558543674607,1000,1000
Papua,absorbing,Full record (2001-25),156,163.56829024855165,1000,1000
Papua,absorbing,Full record (2001-25),157,164.687717250341,1000,1000
Papua,absorbing,Full record (2001-25),158,165.2224918454574,1000,1000
Papua,absorbing,Full record (2001-25),159,165.95931101718082,1000,1000
Papua,absorbing,Full record (2001-25),160,166.68889392830982,1000,1000
Papua,absorbing,Full record (2001-25),161,167.46353065038147,1000,1000
Papua,absorbing,Full record (2001-25),162,169.11596279855078,1000,1000
Papua,absorbing,Full record (2001-25),163,170.61837423833975,1000,1000
Papua,absorbing,Full record (2001-25),164,172.11111737332504,1000,1000
Papua,absorbing,Full record (2001-25),165,173.58634518559575,1000,1000
Papua,absorbing,Full record (2001-25),166,174.71901963210126,1000,1000
Papua,absorbing,Full record (2001-25),167,175.07760929314327,1000,1000
Papua,absorbing,Full record (2001-25),168,175.61221099750287,1000,1000
Papua,absorbing,Full record (2001-25),169,176.50393474917053,1000,1000
Papua,absorbing,Full record (2001-25),170,177.61352043708428,1000,1000
Papua,absorbing,Full record (2001-25),171,178.53450426447014,1000,1000
Papua,absorbing,Full record (2001-25),172,178.90153676810763,1000,1000
Papua,absorbing,Full record (2001-25),173,180.00038048232022,1000,1000
Papua,absorbing,Full record (2001-25),174,180.93839600875907,1000,1000
Papua,absorbing,Full record (2001-25),175,181.66764735349201,1000,1000
Papua,absorbing,Full record (2001-25),176,182.57765455137948,1000,1000
Papua,absorbing,Full record (2001-25),177,183.7127450045404,1000,1000
Papua,absorbing,Full record (2001-25),178,184.40862195283648,1000,1000
Papua,absorbing,Full record (2001-25),179,185.55798960458026,1000,1000
Papua,absorbing,Full record (2001-25),180,186.8340538457255,1000,1000
Papua,absorbing,Full record (2001-25),181,187.75356521477275,1000,1000
Papua,absorbing,Full record (2001-25),182,188.31513515525285,1000,1000
Papua,absorbing,Full record (2001-25),183,189.02369895086807,1000,1000
Papua,absorbing,Full record (2001-25),184,190.17559571806606,1000,1000
Papua,absorbing,Full record (2001-25),185,191.6645367333739,1000,1000
Papua,absorbing,Full record (2001-25),186,192.624789538933,1000,1000
Papua,absorbing,Full record (2001-25),187,193.9107938315102,1000,1000
Papua,absorbing,Full record (2001-25),188,195.17408385049328,1000,1000
Papua,absorbing,Full record (2001-25),189,196.30715225782927,1000,1000
Papua,absorbing,Full record (2001-25),190,197.42988903823598,1000,1000
Papua,absorbing,Full record (2001-25),191,197.9430774210287,1000,1000
Papua,absorbing,Full record (2001-25),192,198.4669696171722,1000,1000
Papua,absorbing,Full record (2001-25),193,199.78535941635656,1000,1000
Papua,absorbing,Full record (2001-25),194,200.28654256166217,1000,1000
Papua,absorbing,Full record (2001-25),195,201.21813573622913,1000,1000
Papua,absorbing,Full record (2001-25),196,201.71988463505454,1000,1000
Papua,absorbing,Full record (2001-25),197,202.6570110475472,1000,1000
Papua,absorbing,Full record (2001-25),198,203.53320166704808,1000,1000
Papua,absorbing,Full record (2001-25),199,204.05534170881793,1000,1000
Papua,absorbing,Full record (2001-25),200,204.96737701640677,1000,1000
