"time_horizon","mean_car","car_95","cvar_95","region","gamma","gamma_label"
1,0.017731333288452,0.0736325526496038,0.0931808326759565,"United States - California",0,"0%"
2,0.0345790068743511,0.1160639540531,0.131795464996806,"United States - California",0,"0%"
3,0.0518467443801514,0.137026204117675,0.166411394904907,"United States - California",0,"0%"
4,0.0674746919009271,0.156421642809792,0.192263119065399,"United States - California",0,"0%"
5,0.0834734434267339,0.18200812217274,0.21936569950796,"United States - California",0,"0%"
6,0.0981683818752031,0.209344748532466,0.244568962099845,"United States - California",0,"0%"
7,0.112536965897994,0.225669214574781,0.262432802289459,"United States - California",0,"0%"
8,0.126219558195678,0.241482560443287,0.278978944985681,"United States - California",0,"0%"
9,0.139236660548245,0.259862305339291,0.295080771584344,"United States - California",0,"0%"
10,0.151791932249949,0.276799923265159,0.309495813151031,"United States - California",0,"0%"
11,0.164118902255659,0.291423475597679,0.325952334119024,"United States - California",0,"0%"
12,0.175825069471877,0.30212864762813,0.336916717151993,"United States - California",0,"0%"
13,0.187180458459385,0.31547846738227,0.34938084081851,"United States - California",0,"0%"
14,0.198389655841902,0.326265271597258,0.35885464894119,"United States - California",0,"0%"
15,0.209074211639483,0.335373117482469,0.3682313342373,"United States - California",0,"0%"
16,0.219488098065115,0.346706447908105,0.379903856351605,"United States - California",0,"0%"
17,0.229435642476616,0.357782270469208,0.3915244671637,"United States - California",0,"0%"
18,0.238700203715246,0.366425294522136,0.400205561171958,"United States - California",0,"0%"
19,0.247506676309441,0.375760089219568,0.407383617204389,"United States - California",0,"0%"
20,0.256479586241933,0.38220546689626,0.414598785304379,"United States - California",0,"0%"
21,0.265120744836765,0.391371108335837,0.423316321513702,"United States - California",0,"0%"
22,0.27290712209219,0.3977609512227,0.431417247186403,"United States - California",0,"0%"
23,0.280790389975068,0.405139822361853,0.43845143702149,"United States - California",0,"0%"
24,0.288271976753902,0.413311624935292,0.446551896246272,"United States - California",0,"0%"
25,0.295362008375623,0.419441598866419,0.450520149975783,"United States - California",0,"0%"
26,0.302321105686272,0.42765449423055,0.455878124994843,"United States - California",0,"0%"
27,0.308645755033898,0.431778001591968,0.460450401734216,"United States - California",0,"0%"
28,0.314941821960996,0.43571818233225,0.465674924339254,"United States - California",0,"0%"
29,0.320531965052,0.442315886418876,0.471797219689737,"United States - California",0,"0%"
30,0.326478755512114,0.44836566060255,0.475438852951783,"United States - California",0,"0%"
31,0.332335607800472,0.452059264844975,0.479421391636299,"United States - California",0,"0%"
32,0.337339026582187,0.456614703250491,0.483828858721122,"United States - California",0,"0%"
33,0.342568093397799,0.457637225795853,0.48645588219925,"United States - California",0,"0%"
34,0.347156130707877,0.461757376330156,0.489727180560528,"United States - California",0,"0%"
35,0.35270027794066,0.467409947571162,0.494575203052562,"United States - California",0,"0%"
36,0.357389948642653,0.473136871893499,0.498783106193983,"United States - California",0,"0%"
37,0.362043482840611,0.475871270598272,0.502658872041735,"United States - California",0,"0%"
38,0.366172616663391,0.478044360776856,0.505663300078852,"United States - California",0,"0%"
39,0.370113056783002,0.484555755217551,0.509741642424692,"United States - California",0,"0%"
40,0.374286953812774,0.487983669677295,0.514255167824308,"United States - California",0,"0%"
41,0.377861492245832,0.492528317526971,0.517396574308818,"United States - California",0,"0%"
42,0.38137151901997,0.493678662840328,0.519101615485873,"United States - California",0,"0%"
43,0.384991410871369,0.495572494697758,0.521071346148184,"United States - California",0,"0%"
44,0.388471262222197,0.500545155179952,0.524692529915346,"United States - California",0,"0%"
45,0.391397265659743,0.503047230714303,0.525982045398991,"United States - California",0,"0%"
46,0.394522354817518,0.503304665431718,0.527199292726982,"United States - California",0,"0%"
47,0.3976561730175,0.505930922892421,0.531309989575439,"United States - California",0,"0%"
48,0.400415014618833,0.507908166183698,0.532518787014387,"United States - California",0,"0%"
49,0.403260974146358,0.508707316307939,0.533484250699185,"United States - California",0,"0%"
50,0.405929807240489,0.512363749779627,0.53518403685143,"United States - California",0,"0%"
51,0.408622273959907,0.514422362783515,0.539429623558943,"United States - California",0,"0%"
52,0.411636714233639,0.518872358511959,0.541573778030841,"United States - California",0,"0%"
53,0.413958496022974,0.52089687634176,0.543902032893935,"United States - California",0,"0%"
54,0.416403344699598,0.52444049328461,0.547445745757737,"United States - California",0,"0%"
55,0.418397707896507,0.523681314548313,0.547618225515907,"United States - California",0,"0%"
56,0.420569199551508,0.524291466643385,0.546677065590129,"United States - California",0,"0%"
57,0.42241809702935,0.525160372863231,0.547220474442533,"United States - California",0,"0%"
58,0.424253361477333,0.523938219956171,0.546589897050015,"United States - California",0,"0%"
59,0.426318956070161,0.527257796317447,0.549336756133168,"United States - California",0,"0%"
60,0.428415945242782,0.528963415170087,0.551567331376976,"United States - California",0,"0%"
61,0.43019615551161,0.528259084335798,0.552920098164593,"United States - California",0,"0%"
62,0.431506150024078,0.529612332299,0.552777789398412,"United States - California",0,"0%"
63,0.433068455049425,0.53184964311903,0.555296354895635,"United States - California",0,"0%"
64,0.434175270371673,0.534029644436351,0.556499397202411,"United States - California",0,"0%"
65,0.435781718230941,0.533508813557166,0.556330722991929,"United States - California",0,"0%"
66,0.437258072227775,0.533160928483363,0.558400586230614,"United States - California",0,"0%"
67,0.439249642789589,0.534412792842634,0.559470828121361,"United States - California",0,"0%"
68,0.440308522130564,0.537266834907099,0.561521500390817,"United States - California",0,"0%"
69,0.44175562870148,0.537626753118958,0.56312337973742,"United States - California",0,"0%"
70,0.443198911729619,0.539378668252279,0.563974225206103,"United States - California",0,"0%"
71,0.44407556988202,0.539715208713084,0.565049028575416,"United States - California",0,"0%"
72,0.444789730081121,0.537753113104283,0.563543345022884,"United States - California",0,"0%"
73,0.445683672498058,0.539936141805532,0.564451493456283,"United States - California",0,"0%"
74,0.446476608460288,0.538881630992739,0.56242699867223,"United States - California",0,"0%"
75,0.447559240479137,0.538893288438646,0.563408473421817,"United States - California",0,"0%"
76,0.448562930695308,0.541242086873876,0.564635795044499,"United States - California",0,"0%"
77,0.449769430820242,0.542547799579851,0.565836059442897,"United States - California",0,"0%"
78,0.450718187390892,0.544281539611883,0.567452999161551,"United States - California",0,"0%"
79,0.45116129999277,0.543199685877966,0.566731185393998,"United States - California",0,"0%"
80,0.452185687676083,0.545167785385065,0.567593557483264,"United States - California",0,"0%"
81,0.453116283047957,0.546239626973147,0.568835377104431,"United States - California",0,"0%"
82,0.454167864510916,0.547370027511256,0.569257823215687,"United States - California",0,"0%"
83,0.454776047451332,0.54734395989601,0.569140811595009,"United States - California",0,"0%"
84,0.45557098773332,0.548105059314335,0.570388549546247,"United States - California",0,"0%"
85,0.456140867620439,0.54989299033526,0.571122510982734,"United States - California",0,"0%"
86,0.45690290607892,0.549445356105999,0.571193772640646,"United States - California",0,"0%"
87,0.457332967138215,0.55118753716721,0.571309291117891,"United States - California",0,"0%"
88,0.458087452824898,0.5491343676368,0.570545432024412,"United States - California",0,"0%"
89,0.458470628787551,0.550534816260715,0.572938315872078,"United States - California",0,"0%"
90,0.459075336852681,0.553304124445808,0.574976560771874,"United States - California",0,"0%"
91,0.459300080750683,0.552231932278715,0.574050384929246,"United States - California",0,"0%"
92,0.459925287625302,0.553088284074091,0.574206138295961,"United States - California",0,"0%"
93,0.460226691499636,0.55200326307338,0.573562939924367,"United States - California",0,"0%"
94,0.461106102765163,0.554381576515287,0.575125264060284,"United States - California",0,"0%"
95,0.461512509320895,0.552582276675709,0.575067823686915,"United States - California",0,"0%"
96,0.462011515383935,0.552198598833579,0.576270126890178,"United States - California",0,"0%"
97,0.462528432159552,0.551846937454369,0.57696222439944,"United States - California",0,"0%"
98,0.462958252773915,0.552846660269895,0.577140800132834,"United States - California",0,"0%"
99,0.463325175956514,0.552876036990085,0.57628289443134,"United States - California",0,"0%"
100,0.463698493731314,0.553146463510832,0.575365517283769,"United States - California",0,"0%"
101,0.464026775718123,0.554987388071825,0.575474024071723,"United States - California",0,"0%"
102,0.464947246207783,0.555920334364671,0.578195284295486,"United States - California",0,"0%"
103,0.465421956652856,0.556886841642475,0.578846315794458,"United States - California",0,"0%"
104,0.465681084930598,0.556662849461001,0.57912767299563,"United States - California",0,"0%"
105,0.465875865778761,0.555577406125187,0.577966137962828,"United States - California",0,"0%"
106,0.46631907610076,0.555941816084298,0.577880876027044,"United States - California",0,"0%"
107,0.466230716715857,0.555862486036644,0.578383730594017,"United States - California",0,"0%"
108,0.466423572671648,0.555593499127902,0.578420858078299,"United States - California",0,"0%"
109,0.46681728356651,0.557405564059329,0.578213434624078,"United States - California",0,"0%"
110,0.467088118646877,0.555563499516746,0.576887209316375,"United States - California",0,"0%"
111,0.46766019610978,0.555177976828757,0.577980852214341,"United States - California",0,"0%"
112,0.467942853711353,0.555932748571692,0.578805412365104,"United States - California",0,"0%"
113,0.468198238660667,0.558265019473057,0.579317772885582,"United States - California",0,"0%"
114,0.468713722661854,0.558418492369785,0.58036323796428,"United States - California",0,"0%"
115,0.468589836561668,0.557268051411938,0.580441352003957,"United States - California",0,"0%"
116,0.468605263952542,0.556937622120568,0.581352104844292,"United States - California",0,"0%"
117,0.468774523001983,0.556572894489432,0.58037439701625,"United States - California",0,"0%"
118,0.46873240381404,0.556530265635901,0.579502126241204,"United States - California",0,"0%"
119,0.468960785718114,0.558005450728039,0.580175847238963,"United States - California",0,"0%"
120,0.469199356752159,0.557925945242633,0.580456643690118,"United States - California",0,"0%"
121,0.469149889817884,0.560046490881832,0.579993488197261,"United States - California",0,"0%"
122,0.469571942816736,0.559373929428073,0.579921660544199,"United States - California",0,"0%"
123,0.469671539330333,0.558396190917118,0.579431517576203,"United States - California",0,"0%"
124,0.469755926954804,0.557428802697836,0.578203248263945,"United States - California",0,"0%"
125,0.469962449871371,0.559065411968502,0.579592055457881,"United States - California",0,"0%"
126,0.469726985680685,0.55774664906566,0.577775082641939,"United States - California",0,"0%"
127,0.469974245682962,0.55677746736512,0.578344962235988,"United States - California",0,"0%"
128,0.470533770483967,0.557886540307166,0.578237099421411,"United States - California",0,"0%"
129,0.470702199176799,0.560403343623363,0.579783411906648,"United States - California",0,"0%"
130,0.470585870190123,0.558691843905858,0.579000627495997,"United States - California",0,"0%"
131,0.470684298374292,0.557188385314126,0.578127344405914,"United States - California",0,"0%"
132,0.470912149031082,0.558617609165979,0.579242158461312,"United States - California",0,"0%"
133,0.471246540013656,0.558745824016359,0.580028693072178,"United States - California",0,"0%"
134,0.471264570792338,0.558750139694032,0.580628520998792,"United States - California",0,"0%"
135,0.471387834369185,0.5592667728638,0.580805132543628,"United States - California",0,"0%"
136,0.471665947776864,0.561002682059352,0.582700196474463,"United States - California",0,"0%"
137,0.471678499100104,0.56070907034442,0.581685328627598,"United States - California",0,"0%"
138,0.471779808262967,0.558742646194764,0.5820842528002,"United States - California",0,"0%"
139,0.471768468995433,0.560278668266585,0.581370433618667,"United States - California",0,"0%"
140,0.47216707404936,0.559603379355913,0.581824032409916,"United States - California",0,"0%"
141,0.472432420949083,0.560756913679179,0.582516582628558,"United States - California",0,"0%"
142,0.472563224915848,0.560638297597566,0.582181875969464,"United States - California",0,"0%"
143,0.472745642378646,0.559888784562706,0.581088340098346,"United States - California",0,"0%"
144,0.4728129347442,0.559741364336174,0.580493463020206,"United States - California",0,"0%"
145,0.472762006688847,0.558622395627005,0.579979443532948,"United States - California",0,"0%"
146,0.47261410198595,0.558709210643597,0.580148066557045,"United States - California",0,"0%"
147,0.472363041546412,0.558720740470661,0.579202274107407,"United States - California",0,"0%"
148,0.472811564282775,0.558316905452806,0.579850779273973,"United States - California",0,"0%"
149,0.473101675580778,0.55906326840537,0.580819193414203,"United States - California",0,"0%"
150,0.472992293248253,0.559683974447639,0.579697062948352,"United States - California",0,"0%"
151,0.473309272902122,0.559505372711085,0.580227272468788,"United States - California",0,"0%"
152,0.473601187487653,0.558716731674147,0.579920740178246,"United States - California",0,"0%"
153,0.473443274004755,0.558238272493915,0.580990202347916,"United States - California",0,"0%"
154,0.473392086707651,0.558510456321798,0.581115584948981,"United States - California",0,"0%"
155,0.473619012783834,0.559598917695171,0.581870322870102,"United States - California",0,"0%"
156,0.474011428196825,0.560725352709332,0.581962973643274,"United States - California",0,"0%"
157,0.474055820251507,0.560014601259421,0.582251229219615,"United States - California",0,"0%"
158,0.474031964109183,0.561519636995745,0.58263233146647,"United States - California",0,"0%"
159,0.473985668858464,0.560082852602116,0.582957406805756,"United States - California",0,"0%"
160,0.474418504285362,0.561328393055706,0.583979980548687,"United States - California",0,"0%"
161,0.474127500307822,0.560019795692192,0.583380330877534,"United States - California",0,"0%"
162,0.474093540517041,0.559889795134886,0.58309762474149,"United States - California",0,"0%"
163,0.474092257192615,0.559177039165894,0.582635530860612,"United States - California",0,"0%"
164,0.473917113744362,0.559832301891082,0.581681049464532,"United States - California",0,"0%"
165,0.47420294294206,0.561682564789731,0.583193729806627,"United States - California",0,"0%"
166,0.474386842594196,0.563249636194378,0.582099217472785,"United States - California",0,"0%"
167,0.474362796714676,0.56199703038011,0.582691940491667,"United States - California",0,"0%"
168,0.474370835846403,0.561835592975288,0.583469360523895,"United States - California",0,"0%"
169,0.474207306045656,0.562603726825584,0.582582624644792,"United States - California",0,"0%"
170,0.47430890879172,0.56131206563522,0.580913339549308,"United States - California",0,"0%"
171,0.474499438772765,0.56076877874192,0.580819826904708,"United States - California",0,"0%"
172,0.474266518047893,0.560184343791167,0.580185510148686,"United States - California",0,"0%"
173,0.474201002910598,0.560692061069372,0.581115314114244,"United States - California",0,"0%"
174,0.474236602582228,0.560277493848938,0.582215516319886,"United States - California",0,"0%"
175,0.474196320326084,0.559539143832462,0.58258304650859,"United States - California",0,"0%"
176,0.474388522272382,0.560746621679296,0.582921071517758,"United States - California",0,"0%"
177,0.474650111900333,0.562361635773035,0.584069758114537,"United States - California",0,"0%"
178,0.474418033017856,0.562462453336891,0.583425530598474,"United States - California",0,"0%"
179,0.474392531321958,0.561714353564281,0.582344395386774,"United States - California",0,"0%"
180,0.474644719443788,0.56169565580461,0.582669052702249,"United States - California",0,"0%"
181,0.474484076656536,0.561669499639201,0.582673812146106,"United States - California",0,"0%"
182,0.474639982689856,0.56139621838058,0.581662654690525,"United States - California",0,"0%"
183,0.474437695983376,0.561211424422889,0.581304646125593,"United States - California",0,"0%"
184,0.474247546048717,0.559848819598025,0.581319071463848,"United States - California",0,"0%"
185,0.474454689826064,0.559769620370714,0.58165410901565,"United States - California",0,"0%"
186,0.474640724618987,0.560226023712271,0.582363146416433,"United States - California",0,"0%"
187,0.474795018956317,0.562250799833382,0.583513091968949,"United States - California",0,"0%"
188,0.474831806163019,0.562270959636441,0.584006378646219,"United States - California",0,"0%"
189,0.474460435822765,0.561543000876895,0.583850433386555,"United States - California",0,"0%"
190,0.474788379966168,0.562230245624092,0.584699865601534,"United States - California",0,"0%"
191,0.474616809446771,0.562134244614896,0.584733824904657,"United States - California",0,"0%"
192,0.474664881960383,0.560984778920144,0.58261545618092,"United States - California",0,"0%"
193,0.474506772913145,0.561378888397583,0.582416192793366,"United States - California",0,"0%"
194,0.474428628057983,0.559584529741393,0.581908077942944,"United States - California",0,"0%"
195,0.474471695914438,0.560104988129848,0.581145361674613,"United States - California",0,"0%"
196,0.4743692195322,0.560939072982335,0.582754409634577,"United States - California",0,"0%"
197,0.474323749236543,0.560214694045132,0.583193548608687,"United States - California",0,"0%"
198,0.474140273126011,0.561280702329639,0.582025086605512,"United States - California",0,"0%"
199,0.474366503974528,0.562502717248277,0.583076457310077,"United States - California",0,"0%"
200,0.473876195920639,0.56127785713901,0.582207213982433,"United States - California",0,"0%"
1,0.017731333288452,0.0736325526496038,0.0931808326759565,"United States - California",0.005,"0.5%"
2,0.0346650183756095,0.116627992255625,0.132130356890852,"United States - California",0.005,"0.5%"
3,0.0521089678905268,0.13774472591814,0.167269061147763,"United States - California",0.005,"0.5%"
4,0.06797702480992,0.15769456776605,0.193679290768118,"United States - California",0.005,"0.5%"
5,0.0843032261250686,0.183845289579481,0.221490001271493,"United States - California",0.005,"0.5%"
6,0.0993747987217884,0.211388899634061,0.247507869796105,"United States - California",0.005,"0.5%"
7,0.114186705818764,0.228937676483793,0.266156125499107,"United States - California",0.005,"0.5%"
8,0.128363166201973,0.245926991255659,0.28352527330484,"United States - California",0.005,"0.5%"
9,0.141919593639926,0.265120652669694,0.300513648903823,"United States - California",0.005,"0.5%"
10,0.155061073572351,0.281638449057593,0.315944313529765,"United States - California",0.005,"0.5%"
11,0.168027986291887,0.298323336562893,0.333375207865334,"United States - California",0.005,"0.5%"
12,0.180406065866685,0.310046155491996,0.345145078250301,"United States - California",0.005,"0.5%"
13,0.192474173910631,0.324108572887647,0.358741058525828,"United States - California",0.005,"0.5%"
14,0.204445969156378,0.336915862460631,0.36926081681818,"United States - California",0.005,"0.5%"
15,0.215918042218022,0.34577305706924,0.379526181047983,"United States - California",0.005,"0.5%"
16,0.227152718723254,0.358071839117561,0.39232198052248,"United States - California",0.005,"0.5%"
17,0.237939046893467,0.369855814463803,0.40523913225929,"United States - California",0.005,"0.5%"
18,0.248047157952965,0.380320617110698,0.415084467078908,"United States - California",0.005,"0.5%"
19,0.257708264164631,0.391032074747331,0.423150950873736,"United States - California",0.005,"0.5%"
20,0.267597781811816,0.397122405773789,0.431225255805809,"United States - California",0.005,"0.5%"
21,0.277166855305142,0.407668457213298,0.441238677279398,"United States - California",0.005,"0.5%"
22,0.285848030552869,0.416049077205713,0.450388556927274,"United States - California",0.005,"0.5%"
23,0.294677824708103,0.423784333907277,0.458455770510084,"United States - California",0.005,"0.5%"
24,0.303102524634746,0.432934267949887,0.467964678721677,"United States - California",0.005,"0.5%"
25,0.311139604648506,0.440596264497397,0.472761595954252,"United States - California",0.005,"0.5%"
26,0.319066368945365,0.450251067010889,0.479045653031252,"United States - California",0.005,"0.5%"
27,0.326332651907472,0.455339690461057,0.484708053332358,"United States - California",0.005,"0.5%"
28,0.333596386923124,0.460820863011959,0.491225797288345,"United States - California",0.005,"0.5%"
29,0.340104720671138,0.468110066135142,0.49865455639543,"United States - California",0.005,"0.5%"
30,0.347046367382005,0.475272603944233,0.503329346986382,"United States - California",0.005,"0.5%"
31,0.353916285256985,0.479661625715835,0.508320534200672,"United States - California",0.005,"0.5%"
32,0.359858504091864,0.484556171273297,0.513964050173964,"United States - California",0.005,"0.5%"
33,0.366084128397945,0.487237488346397,0.51745883168209,"United States - California",0.005,"0.5%"
34,0.371610797268485,0.493034499750169,0.521818341627529,"United States - California",0.005,"0.5%"
35,0.378243846176085,0.499588326519796,0.528120437889617,"United States - California",0.005,"0.5%"
36,0.38393290167988,0.506063955685094,0.533330192156111,"United States - California",0.005,"0.5%"
37,0.389606590458149,0.5103297491746,0.538224319947996,"United States - California",0.005,"0.5%"
38,0.39470625143836,0.513275064738177,0.541996518394231,"United States - California",0.005,"0.5%"
39,0.399610921882128,0.521317317724033,0.547158292351911,"United States - California",0.005,"0.5%"
40,0.404795777201905,0.525052197319717,0.552964855899882,"United States - California",0.005,"0.5%"
41,0.409324039338158,0.53121689847547,0.557274320065225,"United States - California",0.005,"0.5%"
42,0.413800652865097,0.532176319012106,0.559872972622168,"United States - California",0.005,"0.5%"
43,0.418413755887773,0.536665553418629,0.563025171727775,"United States - California",0.005,"0.5%"
44,0.422883249800585,0.542610223525582,0.56803706085911,"United States - California",0.005,"0.5%"
45,0.426738200268917,0.545898852448475,0.570223331640798,"United States - California",0.005,"0.5%"
46,0.430847726656494,0.546629433804276,0.572484937655435,"United States - California",0.005,"0.5%"
47,0.434967810961204,0.551421758432244,0.577754067186992,"United States - California",0.005,"0.5%"
48,0.438676005300231,0.553561712048264,0.579845835365615,"United States - California",0.005,"0.5%"
49,0.442510220376143,0.554739277632932,0.581635134292269,"United States - California",0.005,"0.5%"
50,0.446145210570067,0.560960443037123,0.58468690072583,"United States - California",0.005,"0.5%"
51,0.449816445886833,0.563290920949463,0.590427763544262,"United States - California",0.005,"0.5%"
52,0.453873623149699,0.568360805450473,0.593344150428282,"United States - California",0.005,"0.5%"
53,0.457136142078072,0.57274346334775,0.596696374077039,"United States - California",0.005,"0.5%"
54,0.460549656197067,0.576306295365646,0.60127183806588,"United States - California",0.005,"0.5%"
55,0.463457315746755,0.576388955221258,0.602397156451159,"United States - California",0.005,"0.5%"
56,0.466598499653091,0.577540468332627,0.60196036422068,"United States - California",0.005,"0.5%"
57,0.469357533430428,0.579784401151722,0.603636663685531,"United States - California",0.005,"0.5%"
58,0.472120094033525,0.580206118823342,0.603994825311758,"United States - California",0.005,"0.5%"
59,0.475157750228155,0.58315218844405,0.607919238833125,"United States - California",0.005,"0.5%"
60,0.478246676802857,0.586990929017369,0.611179162767052,"United States - California",0.005,"0.5%"
61,0.480961938989878,0.588069795222151,0.613555360031027,"United States - California",0.005,"0.5%"
62,0.483135013139095,0.590227666058975,0.614220610374817,"United States - California",0.005,"0.5%"
63,0.485603181995529,0.593163402652295,0.617739851227818,"United States - California",0.005,"0.5%"
64,0.487545052684134,0.595527578256068,0.619820547727824,"United States - California",0.005,"0.5%"
65,0.490103502514754,0.596862567147036,0.620658375249515,"United States - California",0.005,"0.5%"
66,0.492508151677741,0.597138640600659,0.623787271774807,"United States - California",0.005,"0.5%"
67,0.495554259444486,0.599075432992846,0.625820219101347,"United States - California",0.005,"0.5%"
68,0.49745859927318,0.602869446075962,0.628990289879991,"United States - California",0.005,"0.5%"
69,0.499843446197858,0.603936391681048,0.631557248570505,"United States - California",0.005,"0.5%"
70,0.502225195670555,0.608159896046662,0.633646531839931,"United States - California",0.005,"0.5%"
71,0.503924942381596,0.60910966611851,0.63572402491778,"United States - California",0.005,"0.5%"
72,0.505456962928058,0.608818963566345,0.634759650997207,"United States - California",0.005,"0.5%"
73,0.507202501306857,0.610936559739524,0.636403572651989,"United States - California",0.005,"0.5%"
74,0.508850883412443,0.610033339801551,0.635132367386532,"United States - California",0.005,"0.5%"
75,0.510845144934443,0.612041824977297,0.637054666957302,"United States - California",0.005,"0.5%"
76,0.512739811299073,0.615818075071455,0.639538810128649,"United States - California",0.005,"0.5%"
77,0.514895836608201,0.618123964653895,0.642203798196407,"United States - California",0.005,"0.5%"
78,0.516741237619288,0.619388668014144,0.644463042111766,"United States - California",0.005,"0.5%"
79,0.517973509414938,0.619853999970749,0.644357815435959,"United States - California",0.005,"0.5%"
80,0.519921702499228,0.621231467012071,0.646072165908393,"United States - California",0.005,"0.5%"
81,0.521760320485349,0.624522755492582,0.648683775650739,"United States - California",0.005,"0.5%"
82,0.523755822932175,0.627093014151234,0.650056839503728,"United States - California",0.005,"0.5%"
83,0.525199796907101,0.626705049988117,0.650785573461804,"United States - California",0.005,"0.5%"
84,0.526880234088901,0.629762722694946,0.652942440597888,"United States - California",0.005,"0.5%"
85,0.528286955532588,0.631400576833125,0.655024644093023,"United States - California",0.005,"0.5%"
86,0.529943051028145,0.634139380198421,0.655501886265245,"United States - California",0.005,"0.5%"
87,0.531177161956513,0.634879238196137,0.656614375715924,"United States - California",0.005,"0.5%"
88,0.532828801391099,0.634595750194714,0.656824126495081,"United States - California",0.005,"0.5%"
89,0.534000360253309,0.636522103493533,0.660565162758685,"United States - California",0.005,"0.5%"
90,0.53547155174425,0.63874531278707,0.663771073205915,"United States - California",0.005,"0.5%"
91,0.536476450740353,0.640139904858751,0.662990371234133,"United States - California",0.005,"0.5%"
92,0.537971607821364,0.640972908127632,0.663902265583245,"United States - California",0.005,"0.5%"
93,0.539079120111605,0.64062648049972,0.664199018475774,"United States - California",0.005,"0.5%"
94,0.540909581560858,0.644258598277749,0.667363306352054,"United States - California",0.005,"0.5%"
95,0.542158753667533,0.642741041842983,0.667643709941391,"United States - California",0.005,"0.5%"
96,0.543507770953054,0.643815077139744,0.669880084148128,"United States - California",0.005,"0.5%"
97,0.544899543913714,0.644496062396004,0.671167667442685,"United States - California",0.005,"0.5%"
98,0.546179820288719,0.647238811466974,0.672327858406475,"United States - California",0.005,"0.5%"
99,0.547380284809635,0.647031961410435,0.67203079584344,"United States - California",0.005,"0.5%"
100,0.548597950473864,0.648809969532982,0.671888697648522,"United States - California",0.005,"0.5%"
101,0.549760165894569,0.651479846871754,0.672382844494733,"United States - California",0.005,"0.5%"
102,0.551651191942845,0.653279635429126,0.676284491509484,"United States - California",0.005,"0.5%"
103,0.552979655186112,0.654296768715979,0.678063418466321,"United States - California",0.005,"0.5%"
104,0.554032097187034,0.654332865897632,0.679083318017167,"United States - California",0.005,"0.5%"
105,0.555022811390253,0.653770371328735,0.67878640857113,"United States - California",0.005,"0.5%"
106,0.556332801433223,0.655229066309184,0.67973122342472,"United States - California",0.005,"0.5%"
107,0.556955421754675,0.65655811320626,0.680504673803404,"United States - California",0.005,"0.5%"
108,0.557925804559061,0.657642197197058,0.681295046895126,"United States - California",0.005,"0.5%"
109,0.559185702330372,0.659085022288977,0.681817138279048,"United States - California",0.005,"0.5%"
110,0.560293054890447,0.658884467483782,0.681431442727793,"United States - California",0.005,"0.5%"
111,0.56176709755846,0.660263237481302,0.683363208159354,"United States - California",0.005,"0.5%"
112,0.56286484759734,0.661650332271709,0.685233458439999,"United States - California",0.005,"0.5%"
113,0.563926671951626,0.6644733718746,0.686685765339247,"United States - California",0.005,"0.5%"
114,0.565316729913322,0.665877140551247,0.6887943010204,"United States - California",0.005,"0.5%"
115,0.565880863582044,0.664708722892583,0.689278214597595,"United States - California",0.005,"0.5%"
116,0.56663063595247,0.666079050505004,0.691138629840845,"United States - California",0.005,"0.5%"
117,0.567613886352337,0.665699111577426,0.690362221822937,"United States - California",0.005,"0.5%"
118,0.568304770170836,0.666887888810943,0.690149858952395,"United States - California",0.005,"0.5%"
119,0.569344100293523,0.669445816447567,0.691965889097258,"United States - California",0.005,"0.5%"
120,0.570406149804696,0.6693643880186,0.693555786040925,"United States - California",0.005,"0.5%"
121,0.571091035086501,0.673195490811393,0.693692396138727,"United States - California",0.005,"0.5%"
122,0.572385152095869,0.672890141296618,0.694786046970324,"United States - California",0.005,"0.5%"
123,0.573261748997009,0.672576384645128,0.694844518572703,"United States - California",0.005,"0.5%"
124,0.574122110034675,0.671066925255694,0.694553663694041,"United States - California",0.005,"0.5%"
125,0.575131043068686,0.67412148950439,0.696991892795252,"United States - California",0.005,"0.5%"
126,0.575571242979275,0.673584214009794,0.6957389741673,"United States - California",0.005,"0.5%"
127,0.576629206433099,0.674463433966218,0.697778211682965,"United States - California",0.005,"0.5%"
128,0.578090105534189,0.676944404528796,0.698538531286849,"United States - California",0.005,"0.5%"
129,0.579041647928041,0.679417553421917,0.700997368402404,"United States - California",0.005,"0.5%"
130,0.57960945452774,0.680056713249938,0.700844708608909,"United States - California",0.005,"0.5%"
131,0.580478146883019,0.679108542275519,0.700559349724289,"United States - California",0.005,"0.5%"
132,0.581537231474089,0.680520588292475,0.702785598786383,"United States - California",0.005,"0.5%"
133,0.582726726661801,0.681396433874826,0.704031277112894,"United States - California",0.005,"0.5%"
134,0.583498508305907,0.682006236541732,0.704938713738658,"United States - California",0.005,"0.5%"
135,0.584374621805917,0.684168224753807,0.705699665159836,"United States - California",0.005,"0.5%"
136,0.58545741779227,0.684930796282569,0.708709580086148,"United States - California",0.005,"0.5%"
137,0.586198693835777,0.688142758776245,0.708526725247176,"United States - California",0.005,"0.5%"
138,0.587051675790739,0.687457417263314,0.709352625220413,"United States - California",0.005,"0.5%"
139,0.587747374428314,0.68754044069879,0.709645707650739,"United States - California",0.005,"0.5%"
140,0.588996458628309,0.687279570514842,0.711108684579119,"United States - California",0.005,"0.5%"
141,0.590069793221089,0.689727508419178,0.712792374049268,"United States - California",0.005,"0.5%"
142,0.590972422045687,0.691398777237386,0.713304795289962,"United States - California",0.005,"0.5%"
143,0.591968678783228,0.68948080374746,0.711914935361184,"United States - California",0.005,"0.5%"
144,0.592759833736137,0.690078758330202,0.712236853300455,"United States - California",0.005,"0.5%"
145,0.593427791102811,0.690385907016338,0.712693839714961,"United States - California",0.005,"0.5%"
146,0.593942161165075,0.692484398621425,0.714278379192308,"United States - California",0.005,"0.5%"
147,0.594317942559522,0.693202845724654,0.713961050749155,"United States - California",0.005,"0.5%"
148,0.595649215127785,0.693118256505169,0.71487822775825,"United States - California",0.005,"0.5%"
149,0.596759549919734,0.694993146603376,0.715801750508361,"United States - California",0.005,"0.5%"
150,0.597323191677049,0.694466432631807,0.715533552120042,"United States - California",0.005,"0.5%"
151,0.598447681048003,0.695995632353243,0.717162865257747,"United States - California",0.005,"0.5%"
152,0.599552445401435,0.695401960017252,0.718018376445546,"United States - California",0.005,"0.5%"
153,0.600036487009464,0.695813417207049,0.719826987034391,"United States - California",0.005,"0.5%"
154,0.600647849820128,0.698964833655943,0.72125274816614,"United States - California",0.005,"0.5%"
155,0.60164279525947,0.698380166088943,0.722998707432728,"United States - California",0.005,"0.5%"
156,0.602894687149775,0.70038988906218,0.723814386067768,"United States - California",0.005,"0.5%"
157,0.603621585006472,0.70225927329892,0.724297399054919,"United States - California",0.005,"0.5%"
158,0.604279078949486,0.702296840502707,0.725247533141666,"United States - California",0.005,"0.5%"
159,0.604898594370979,0.702378815218333,0.72655479591681,"United States - California",0.005,"0.5%"
160,0.606165652138991,0.703560810121383,0.728677856023748,"United States - California",0.005,"0.5%"
161,0.6064508999218,0.704249862009,0.728803766607647,"United States - California",0.005,"0.5%"
162,0.607115490620491,0.703833462238396,0.728766278401433,"United States - California",0.005,"0.5%"
163,0.607798246833831,0.704056216210531,0.728923791247035,"United States - California",0.005,"0.5%"
164,0.608250676974617,0.705939631086592,0.72832884606383,"United States - California",0.005,"0.5%"
165,0.609315682919363,0.708347235979447,0.730713595135998,"United States - California",0.005,"0.5%"
166,0.610234980581627,0.71034685638921,0.730520588881123,"United States - California",0.005,"0.5%"
167,0.610845238638724,0.709443664072615,0.731721049924727,"United States - California",0.005,"0.5%"
168,0.611539685035562,0.710153786913139,0.732849592301036,"United States - California",0.005,"0.5%"
169,0.611975218823283,0.711638125237871,0.732957282869633,"United States - California",0.005,"0.5%"
170,0.61279651330486,0.710471604268821,0.731556671960491,"United States - California",0.005,"0.5%"
171,0.613720988534732,0.711964952801252,0.732723152506853,"United States - California",0.005,"0.5%"
172,0.614067359778408,0.712553928974111,0.732323337363024,"United States - California",0.005,"0.5%"
173,0.614636270714912,0.712999138939971,0.734237066921032,"United States - California",0.005,"0.5%"
174,0.615318558234166,0.714521155243947,0.736467574807612,"United States - California",0.005,"0.5%"
175,0.615928269158209,0.715369879012308,0.737334040542096,"United States - California",0.005,"0.5%"
176,0.616876635569152,0.715997957776653,0.738650247463265,"United States - California",0.005,"0.5%"
177,0.617901604682274,0.719272055759639,0.740331791196007,"United States - California",0.005,"0.5%"
178,0.618241930803082,0.718147327157307,0.740047987399133,"United States - California",0.005,"0.5%"
179,0.618883699756734,0.717605106029031,0.739286435120504,"United States - California",0.005,"0.5%"
180,0.619893532885042,0.717799936831837,0.740165531444686,"United States - California",0.005,"0.5%"
181,0.620323320170794,0.719658261683574,0.74132398627702,"United States - California",0.005,"0.5%"
182,0.621208565124766,0.719521314113335,0.739839360014496,"United States - California",0.005,"0.5%"
183,0.621563840404204,0.720216241358184,0.740788042727645,"United States - California",0.005,"0.5%"
184,0.621948972000279,0.719082231408567,0.741579193691012,"United States - California",0.005,"0.5%"
185,0.622905505034382,0.719945861293615,0.743039716123282,"United States - California",0.005,"0.5%"
186,0.623805702971381,0.722453379190048,0.744157759258667,"United States - California",0.005,"0.5%"
187,0.624630529037694,0.724657096641145,0.745949551779149,"United States - California",0.005,"0.5%"
188,0.625335983598248,0.723118132549558,0.746260793531586,"United States - California",0.005,"0.5%"
189,0.625439937696961,0.725614602613932,0.747367700606264,"United States - California",0.005,"0.5%"
190,0.626557049460604,0.72599258403686,0.748889113520703,"United States - California",0.005,"0.5%"
191,0.626970416238955,0.726388260280289,0.749004752518104,"United States - California",0.005,"0.5%"
192,0.627712322049377,0.725818298212266,0.747046896965563,"United States - California",0.005,"0.5%"
193,0.628124428362656,0.726855112596059,0.746997768973245,"United States - California",0.005,"0.5%"
194,0.628647150221667,0.723823356393938,0.747145518216347,"United States - California",0.005,"0.5%"
195,0.629356442502037,0.726250900714272,0.747881494986861,"United States - California",0.005,"0.5%"
196,0.629845077072435,0.727526295334734,0.749926975946276,"United States - California",0.005,"0.5%"
197,0.630413554529256,0.727017679249628,0.750952917467433,"United States - California",0.005,"0.5%"
198,0.630794655167258,0.728003672080187,0.750337553097972,"United States - California",0.005,"0.5%"
199,0.631726180729717,0.730311285058854,0.752827684701832,"United States - California",0.005,"0.5%"
200,0.631678209758223,0.730642316569229,0.752439079519201,"United States - California",0.005,"0.5%"
1,0.017731333288452,0.0736325526496038,0.0931808326759565,"United States - California",0.01,"1.0%"
2,0.0347510298768679,0.117192030458151,0.132465248784899,"United States - California",0.01,"1.0%"
3,0.0523711585110549,0.138463016998994,0.168126449457069,"United States - California",0.01,"1.0%"
4,0.0684791895369205,0.159080464343761,0.195100604995144,"United States - California",0.01,"1.0%"
5,0.0851324760746117,0.185631071395605,0.223626808015452,"United States - California",0.01,"1.0%"
6,0.100579929962137,0.213847816773212,0.250446403212334,"United States - California",0.01,"1.0%"
7,0.115833899064656,0.231873334114947,0.269898601680435,"United States - California",0.01,"1.0%"
8,0.130502245641574,0.249319962946663,0.288077675702998,"United States - California",0.01,"1.0%"
9,0.144595139141462,0.270132314907989,0.305955546661088,"United States - California",0.01,"1.0%"
10,0.158318776713004,0.287568914049984,0.322413908844331,"United States - California",0.01,"1.0%"
11,0.171920115013063,0.304546826332015,0.34077106467168,"United States - California",0.01,"1.0%"
12,0.18496303768261,0.317424453981689,0.35334435654228,"United States - California",0.01,"1.0%"
13,0.197734879482688,0.331863771850193,0.368033443758679,"United States - California",0.01,"1.0%"
14,0.210457980706395,0.347047810889201,0.379552178902618,"United States - California",0.01,"1.0%"
15,0.222704050276271,0.356090565864578,0.390746652904221,"United States - California",0.01,"1.0%"
16,0.234742803964552,0.369813007638005,0.404609318395767,"United States - California",0.01,"1.0%"
17,0.246348093577488,0.381757037292461,0.418775596407442,"United States - California",0.01,"1.0%"
18,0.257277901210485,0.393440217786989,0.429691213367619,"United States - California",0.01,"1.0%"
19,0.267768536393058,0.406015818043501,0.438656011300859,"United States - California",0.01,"1.0%"
20,0.278545409981296,0.411883596812729,0.44755191692197,"United States - California",0.01,"1.0%"
21,0.289008377929471,0.42428681441761,0.458785582551383,"United States - California",0.01,"1.0%"
22,0.298547569940285,0.434594945743434,0.468907527978314,"United States - California",0.01,"1.0%"
23,0.308282104483729,0.442932276797284,0.477944647510925,"United States - California",0.01,"1.0%"
24,0.317603246292881,0.452644320366842,0.488690370833903,"United States - California",0.01,"1.0%"
25,0.326537225938984,0.462110996117177,0.494349698535679,"United States - California",0.01,"1.0%"
26,0.33537576850505,0.472088560108924,0.501470646064434,"United States - California",0.01,"1.0%"
27,0.343525616889148,0.477553285498565,0.508064830912637,"United States - California",0.01,"1.0%"
28,0.351692121908602,0.484429408781467,0.515803089925385,"United States - California",0.01,"1.0%"
29,0.359050851576705,0.491954823923796,0.52438337137771,"United States - California",0.01,"1.0%"
30,0.366911733165028,0.501889730332928,0.52995742469102,"United States - California",0.01,"1.0%"
31,0.374712260916427,0.506234726615727,0.535931032871883,"United States - California",0.01,"1.0%"
32,0.381510149875202,0.512445284921988,0.542506976088822,"United States - California",0.01,"1.0%"
33,0.38864067804788,0.516428225486858,0.546782384542985,"United States - California",0.01,"1.0%"
34,0.395011974744724,0.522263278349039,0.551971459820404,"United States - California",0.01,"1.0%"
35,0.402623554592981,0.530113448535929,0.559477992672047,"United States - California",0.01,"1.0%"
36,0.409201597714255,0.537549311379025,0.565706695052013,"United States - California",0.01,"1.0%"
37,0.415777618276876,0.542862973706313,0.571355086489326,"United States - California",0.01,"1.0%"
38,0.421727832615612,0.546967510323639,0.575790722587977,"United States - California",0.01,"1.0%"
39,0.427471048850493,0.554916878727504,0.581553744534641,"United States - California",0.01,"1.0%"
40,0.43352833351841,0.559932609441601,0.588674983069972,"United States - California",0.01,"1.0%"
41,0.438873987445982,0.566990981063937,0.593759914133008,"United States - California",0.01,"1.0%"
42,0.444174168267109,0.568518912529567,0.597199557845088,"United States - California",0.01,"1.0%"
43,0.449625509580942,0.574231033479825,0.601304892338286,"United States - California",0.01,"1.0%"
44,0.454923520547024,0.58114409722087,0.607193522325071,"United States - California",0.01,"1.0%"
45,0.45954934571683,0.584554487690626,0.610138916409586,"United States - California",0.01,"1.0%"
46,0.464474864872014,0.586516672867542,0.613318176952226,"United States - California",0.01,"1.0%"
47,0.469400562912661,0.592011495117764,0.619356935135392,"United States - California",0.01,"1.0%"
48,0.473878346624707,0.594686605098004,0.622272536654059,"United States - California",0.01,"1.0%"
49,0.478512922282392,0.59701113693079,0.624446707821858,"United States - California",0.01,"1.0%"
50,0.482920406678766,0.60361958334181,0.62850636838786,"United States - California",0.01,"1.0%"
51,0.487366774840348,0.607944553573513,0.635256695102142,"United States - California",0.01,"1.0%"
52,0.492244710006929,0.613548061574156,0.638842660091221,"United States - California",0.01,"1.0%"
53,0.496235773351685,0.617419539689149,0.642637508340594,"United States - California",0.01,"1.0%"
54,0.500392651935302,0.621975884164464,0.647918495907176,"United States - California",0.01,"1.0%"
55,0.50399530649105,0.62349607332674,0.64954480277985,"United States - California",0.01,"1.0%"
56,0.507877219173609,0.625361908824945,0.649384381080579,"United States - California",0.01,"1.0%"
57,0.511316787747468,0.626453946433619,0.652092677312946,"United States - California",0.01,"1.0%"
58,0.514770791693653,0.628478264045521,0.652942989787235,"United States - California",0.01,"1.0%"
59,0.518527862936287,0.632910210843188,0.657681328439737,"United States - California",0.01,"1.0%"
60,0.522346512979795,0.63530308153023,0.661604145852764,"United States - California",0.01,"1.0%"
61,0.525735909338145,0.638453873419485,0.664711684815432,"United States - California",0.01,"1.0%"
62,0.528522451505425,0.641128745728104,0.665907921604572,"United States - California",0.01,"1.0%"
63,0.531627043992635,0.644593646138259,0.669865621382733,"United States - California",0.01,"1.0%"
64,0.534147085551738,0.648117593049421,0.672454289682843,"United States - California",0.01,"1.0%"
65,0.53737386399025,0.650036414983505,0.674118527176378,"United States - California",0.01,"1.0%"
66,0.540421401269608,0.650704518996031,0.677634404054185,"United States - California",0.01,"1.0%"
67,0.54420915935491,0.653788899739542,0.680382447874755,"United States - California",0.01,"1.0%"
68,0.546673261143301,0.655996081909058,0.684009101402952,"United States - California",0.01,"1.0%"
69,0.549686361930522,0.659309416531637,0.687191747455078,"United States - California",0.01,"1.0%"
70,0.552688336528943,0.664771606426095,0.690145418294233,"United States - California",0.01,"1.0%"
71,0.554912009541662,0.665672668790176,0.692709432668823,"United States - California",0.01,"1.0%"
72,0.55696788385956,0.665930874873502,0.691922987169543,"United States - California",0.01,"1.0%"
73,0.559254751726616,0.669489708751395,0.693962960690029,"United States - California",0.01,"1.0%"
74,0.56144974535329,0.668567609343232,0.69319789611346,"United States - California",0.01,"1.0%"
75,0.564023780380274,0.670537835371149,0.69539353147489,"United States - California",0.01,"1.0%"
76,0.566472575091244,0.674079986932686,0.698806430434525,"United States - California",0.01,"1.0%"
77,0.569225259016823,0.67871520828303,0.702389048595583,"United States - California",0.01,"1.0%"
78,0.571623349712745,0.679566872532878,0.704856210870127,"United States - California",0.01,"1.0%"
79,0.573322106050209,0.680319636092958,0.705030377850634,"United States - California",0.01,"1.0%"
80,0.575832094146412,0.682688530280618,0.707325612696634,"United States - California",0.01,"1.0%"
81,0.578217261935647,0.684652880920701,0.710318842921172,"United States - California",0.01,"1.0%"
82,0.58078105301969,0.688673730235856,0.712119066319116,"United States - California",0.01,"1.0%"
83,0.582704437048076,0.689419717304421,0.713477779720521,"United States - California",0.01,"1.0%"
84,0.584896025775168,0.693658983760702,0.716172384184623,"United States - California",0.01,"1.0%"
85,0.58677534202722,0.695439541883353,0.718722411697762,"United States - California",0.01,"1.0%"
86,0.588944679299049,0.697768270427855,0.719484458520885,"United States - California",0.01,"1.0%"
87,0.590615469663412,0.699526955321317,0.72117279053129,"United States - California",0.01,"1.0%"
88,0.592769861991511,0.70067530027243,0.721959125322024,"United States - California",0.01,"1.0%"
89,0.594354816521768,0.70229006584195,0.726231346595759,"United States - California",0.01,"1.0%"
90,0.596300429819133,0.70520252943342,0.729430208503346,"United States - California",0.01,"1.0%"
91,0.597716401276623,0.706352402565141,0.728654814052322,"United States - California",0.01,"1.0%"
92,0.599677107606967,0.706914060025781,0.730148973942735,"United States - California",0.01,"1.0%"
93,0.601206681213192,0.706912960465185,0.730664376413668,"United States - California",0.01,"1.0%"
94,0.603556767373253,0.710888636823054,0.734881365304085,"United States - California",0.01,"1.0%"
95,0.605247514597677,0.709685800769155,0.735136734699506,"United States - California",0.01,"1.0%"
96,0.607031347028324,0.711112339966194,0.737553449897995,"United States - California",0.01,"1.0%"
97,0.608877900313126,0.714079580193902,0.738885744719766,"United States - California",0.01,"1.0%"
98,0.6105910140676,0.715552971424851,0.740576793867635,"United States - California",0.01,"1.0%"
99,0.612209986486147,0.71763809568737,0.740375943405772,"United States - California",0.01,"1.0%"
100,0.613851445107658,0.718982592566203,0.740528470701389,"United States - California",0.01,"1.0%"
101,0.61542670784409,0.721207269190365,0.741320444809228,"United States - California",0.01,"1.0%"
102,0.617809369848234,0.724038433666987,0.745886130001334,"United States - California",0.01,"1.0%"
103,0.619544025011493,0.7231332651375,0.748123931432222,"United States - California",0.01,"1.0%"
104,0.620957838453653,0.724846666379113,0.74936907499979,"United States - California",0.01,"1.0%"
105,0.62231361676158,0.72389746380871,0.749303641520596,"United States - California",0.01,"1.0%"
106,0.624038584105999,0.726205424929627,0.750669737897375,"United States - California",0.01,"1.0%"
107,0.624964685470027,0.728180067336683,0.751295693204368,"United States - California",0.01,"1.0%"
108,0.626271746466844,0.729444172132164,0.752248065756263,"United States - California",0.01,"1.0%"
109,0.627941313473992,0.731434610120402,0.753035691021739,"United States - California",0.01,"1.0%"
110,0.629436453318835,0.730079852265497,0.753204098878425,"United States - California",0.01,"1.0%"
111,0.631326416339078,0.734109739056894,0.755272555489966,"United States - California",0.01,"1.0%"
112,0.632777945423603,0.735215952287671,0.757528092089257,"United States - California",0.01,"1.0%"
113,0.634183588593239,0.737112032944245,0.759311199502892,"United States - California",0.01,"1.0%"
114,0.635954358322836,0.740023684344589,0.762033284938747,"United States - California",0.01,"1.0%"
115,0.636771478337142,0.738722667593898,0.762450501689775,"United States - California",0.01,"1.0%"
116,0.637809061179573,0.740870032668588,0.764358991239764,"United States - California",0.01,"1.0%"
117,0.639146124584155,0.740289903300725,0.7636161534536,"United States - California",0.01,"1.0%"
118,0.640124938900782,0.741554987965069,0.763602502892687,"United States - California",0.01,"1.0%"
119,0.641500281044716,0.743951688607035,0.766193429887798,"United States - California",0.01,"1.0%"
120,0.642908698271749,0.744022738728952,0.768256362143707,"United States - California",0.01,"1.0%"
121,0.643879307324716,0.747335962548645,0.76850168246055,"United States - California",0.01,"1.0%"
122,0.645543025441027,0.749032066123418,0.769696224716455,"United States - California",0.01,"1.0%"
123,0.646722339528869,0.748207104247281,0.770252874355247,"United States - California",0.01,"1.0%"
124,0.647886817355918,0.749110891711869,0.770143798628166,"United States - California",0.01,"1.0%"
125,0.649210291354378,0.750004126082995,0.773144369148599,"United States - California",0.01,"1.0%"
126,0.649883091053449,0.750007712995982,0.77199277301516,"United States - California",0.01,"1.0%"
127,0.651252032248979,0.75241047118689,0.774640245163914,"United States - California",0.01,"1.0%"
128,0.653074471575179,0.755252053724277,0.776024308155363,"United States - California",0.01,"1.0%"
129,0.654312588365533,0.757631408095058,0.778587541808778,"United States - California",0.01,"1.0%"
130,0.655099550727105,0.758661351554521,0.778533253154954,"United States - California",0.01,"1.0%"
131,0.656252442118583,0.758104186135849,0.778378358580789,"United States - California",0.01,"1.0%"
132,0.657638667715337,0.7597460166727,0.780814419500082,"United States - California",0.01,"1.0%"
133,0.659161012100657,0.760991903552555,0.781746375349961,"United States - California",0.01,"1.0%"
134,0.660198891268637,0.760587279573838,0.782381937350099,"United States - California",0.01,"1.0%"
135,0.661319670079007,0.763593757658541,0.783524463699958,"United States - California",0.01,"1.0%"
136,0.66268305689669,0.764312838847845,0.786283683943511,"United States - California",0.01,"1.0%"
137,0.66365887965153,0.767049825154838,0.786752901872269,"United States - California",0.01,"1.0%"
138,0.664759156575609,0.766977093913624,0.787800861213049,"United States - California",0.01,"1.0%"
139,0.665667220853643,0.768026052601991,0.788580036232402,"United States - California",0.01,"1.0%"
140,0.667217762089942,0.766601948692653,0.790029275226526,"United States - California",0.01,"1.0%"
141,0.668566619717255,0.770441381435393,0.792095456201063,"United States - California",0.01,"1.0%"
142,0.669726411370761,0.771406636866641,0.792820577059934,"United States - California",0.01,"1.0%"
143,0.671015391853235,0.771362933751785,0.791270714375103,"United States - California",0.01,"1.0%"
144,0.672015420889024,0.772157476624944,0.791839838112081,"United States - California",0.01,"1.0%"
145,0.672910246111042,0.77155835313129,0.792343068337706,"United States - California",0.01,"1.0%"
146,0.67360424214273,0.773694799044295,0.794442508549262,"United States - California",0.01,"1.0%"
147,0.67413915142003,0.774307063320889,0.794121154353594,"United States - California",0.01,"1.0%"
148,0.675790103740718,0.774332677695462,0.795033692858703,"United States - California",0.01,"1.0%"
149,0.677177960805148,0.77674560650744,0.795622619651031,"United States - California",0.01,"1.0%"
150,0.677920481433781,0.776808884651133,0.796188539892749,"United States - California",0.01,"1.0%"
151,0.679295322033249,0.77795259953876,0.798105713055058,"United States - California",0.01,"1.0%"
152,0.680662179320284,0.778085030853459,0.799335271518227,"United States - California",0.01,"1.0%"
153,0.681296472843102,0.77913189266966,0.800881711236519,"United States - California",0.01,"1.0%"
154,0.682063437414881,0.78155757485775,0.80274136901396,"United States - California",0.01,"1.0%"
155,0.683277734248026,0.782187187255291,0.80494899573897,"United States - California",0.01,"1.0%"
156,0.684821979917086,0.78363576223984,0.805229662896588,"United States - California",0.01,"1.0%"
157,0.685697656565684,0.78533257083121,0.805548679544811,"United States - California",0.01,"1.0%"
158,0.686519668038789,0.784722770525444,0.806570523744948,"United States - California",0.01,"1.0%"
159,0.687299831915666,0.786128997861054,0.807768481206068,"United States - California",0.01,"1.0%"
160,0.688815992281602,0.786704090424603,0.810571143447063,"United States - California",0.01,"1.0%"
161,0.689204975116961,0.787305312562066,0.81099422713271,"United States - California",0.01,"1.0%"
162,0.690064036866616,0.788223341431969,0.810676951698373,"United States - California",0.01,"1.0%"
163,0.690911179375017,0.789587253187574,0.810500763110805,"United States - California",0.01,"1.0%"
164,0.691494465566279,0.789678309250869,0.809961779112462,"United States - California",0.01,"1.0%"
165,0.692781060212037,0.792360241373567,0.812646451675916,"United States - California",0.01,"1.0%"
166,0.69388039900244,0.79308238035471,0.81317771268818,"United States - California",0.01,"1.0%"
167,0.694609419419074,0.794297012753248,0.814426000502958,"United States - California",0.01,"1.0%"
168,0.6954714133195,0.793863601112454,0.815206124323589,"United States - California",0.01,"1.0%"
169,0.696009879050322,0.795933086312616,0.815754542031383,"United States - California",0.01,"1.0%"
170,0.697009684200765,0.795794663857815,0.814790676432328,"United States - California",0.01,"1.0%"
171,0.698108190018973,0.795972723508663,0.816323394739503,"United States - California",0.01,"1.0%"
172,0.698554020691625,0.797096324799655,0.816159977140463,"United States - California",0.01,"1.0%"
173,0.69925076802168,0.799322679195002,0.817738499029271,"United States - California",0.01,"1.0%"
174,0.7000547451477,0.798936803072239,0.820040457513492,"United States - California",0.01,"1.0%"
175,0.700804972104942,0.800857953918978,0.821121128857123,"United States - California",0.01,"1.0%"
176,0.701958139954164,0.801090579323198,0.822505001985371,"United States - California",0.01,"1.0%"
177,0.703177506893723,0.803968135273701,0.823763078026912,"United States - California",0.01,"1.0%"
178,0.703612864415074,0.80307185286365,0.823163127890105,"United States - California",0.01,"1.0%"
179,0.704411319832824,0.802220445996713,0.82294110874636,"United States - California",0.01,"1.0%"
180,0.705618464734642,0.804016792159011,0.824025607451398,"United States - California",0.01,"1.0%"
181,0.706154693673678,0.806274418079814,0.825498405625322,"United States - California",0.01,"1.0%"
182,0.7072154730535,0.805250130502829,0.823640995836142,"United States - California",0.01,"1.0%"
183,0.707637308236964,0.805286163362987,0.824939529407888,"United States - California",0.01,"1.0%"
184,0.708103431312208,0.805782820828349,0.826134029425228,"United States - California",0.01,"1.0%"
185,0.709250154768606,0.807314158701412,0.827500188434079,"United States - California",0.01,"1.0%"
186,0.710308125281593,0.80919701435745,0.828457927015694,"United States - California",0.01,"1.0%"
187,0.711248902832166,0.810549058537929,0.830515153017248,"United States - California",0.01,"1.0%"
188,0.71210852678954,0.80930067954952,0.829746840890534,"United States - California",0.01,"1.0%"
189,0.712236259229742,0.81145991078301,0.831254635517138,"United States - California",0.01,"1.0%"
190,0.713568661525683,0.812045137665387,0.832490392014441,"United States - California",0.01,"1.0%"
191,0.714078778921399,0.812460193088574,0.832709078999505,"United States - California",0.01,"1.0%"
192,0.714984333257132,0.811398433089798,0.830578616678749,"United States - California",0.01,"1.0%"
193,0.715477300714978,0.812775398369853,0.831276368599843,"United States - California",0.01,"1.0%"
194,0.716084705629977,0.811416874893875,0.831708907063058,"United States - California",0.01,"1.0%"
195,0.716925627726729,0.81367437128198,0.832592003120332,"United States - California",0.01,"1.0%"
196,0.717512689113034,0.813281260795945,0.834024875999264,"United States - California",0.01,"1.0%"
197,0.718181508981159,0.813777705871524,0.835484060552021,"United States - California",0.01,"1.0%"
198,0.718642037038738,0.814982067249979,0.835284769651808,"United States - California",0.01,"1.0%"
199,0.719710820171722,0.818705031181362,0.837855074543756,"United States - California",0.01,"1.0%"
200,0.719687641795778,0.817771839052806,0.837342918578735,"United States - California",0.01,"1.0%"
1,0.0181972401289718,0.0377602052775434,0.0415942881720008,"Brazil - Mato Grosso",0,"0%"
2,0.0355796190633229,0.0632756393787516,0.070510184823378,"Brazil - Mato Grosso",0,"0%"
3,0.0520606366792748,0.0851439328072848,0.0932691301822719,"Brazil - Mato Grosso",0,"0%"
4,0.067622215415056,0.103923867504999,0.113182846155728,"Brazil - Mato Grosso",0,"0%"
5,0.0829201362267286,0.122027937806047,0.131795613016324,"Brazil - Mato Grosso",0,"0%"
6,0.0975695920789386,0.139298910863432,0.149331445125288,"Brazil - Mato Grosso",0,"0%"
7,0.111212642130571,0.153535857339775,0.165414149938981,"Brazil - Mato Grosso",0,"0%"
8,0.124310308902745,0.168343462866173,0.180111078271589,"Brazil - Mato Grosso",0,"0%"
9,0.13684865054739,0.182273472531628,0.19584607030246,"Brazil - Mato Grosso",0,"0%"
10,0.148729246915502,0.195604933110488,0.208214871223219,"Brazil - Mato Grosso",0,"0%"
11,0.159746262964125,0.206949403885715,0.220951641120491,"Brazil - Mato Grosso",0,"0%"
12,0.170289272698318,0.218711187452655,0.23170970901931,"Brazil - Mato Grosso",0,"0%"
13,0.180212928145297,0.229715156943798,0.241223647302332,"Brazil - Mato Grosso",0,"0%"
14,0.190057203722298,0.237863498839539,0.250402540689933,"Brazil - Mato Grosso",0,"0%"
15,0.19902539221131,0.247232364961878,0.260042303331188,"Brazil - Mato Grosso",0,"0%"
16,0.208053444967848,0.25679385394794,0.268293839708032,"Brazil - Mato Grosso",0,"0%"
17,0.216289840370038,0.264571737614698,0.276715630484466,"Brazil - Mato Grosso",0,"0%"
18,0.224157782892612,0.273121099446515,0.284235014486796,"Brazil - Mato Grosso",0,"0%"
19,0.231618873333421,0.279896260500798,0.291771985170935,"Brazil - Mato Grosso",0,"0%"
20,0.238603802836332,0.286031515595883,0.298720873813504,"Brazil - Mato Grosso",0,"0%"
21,0.2453828552942,0.29351564838967,0.305665115487865,"Brazil - Mato Grosso",0,"0%"
22,0.251769192488692,0.300050633393542,0.312346615189135,"Brazil - Mato Grosso",0,"0%"
23,0.258014392250126,0.304906472539412,0.317797309096199,"Brazil - Mato Grosso",0,"0%"
24,0.263951837982247,0.311126974410698,0.323832234227291,"Brazil - Mato Grosso",0,"0%"
25,0.269299122176713,0.31618910855632,0.328154901395426,"Brazil - Mato Grosso",0,"0%"
26,0.274494222991313,0.320708349088845,0.332801870599072,"Brazil - Mato Grosso",0,"0%"
27,0.279535582330066,0.325565238353787,0.337480995561688,"Brazil - Mato Grosso",0,"0%"
28,0.284485483163348,0.329797525643229,0.342743084407389,"Brazil - Mato Grosso",0,"0%"
29,0.288984331139834,0.334999033669428,0.347008074303246,"Brazil - Mato Grosso",0,"0%"
30,0.293323865864699,0.338950571051106,0.351404657160356,"Brazil - Mato Grosso",0,"0%"
31,0.297717932225886,0.343743068904091,0.355815647805155,"Brazil - Mato Grosso",0,"0%"
32,0.301698276076611,0.3472074916759,0.359106906304057,"Brazil - Mato Grosso",0,"0%"
33,0.305495755650608,0.350301954573618,0.361995544962124,"Brazil - Mato Grosso",0,"0%"
34,0.308912890944161,0.354000975561375,0.364611924365629,"Brazil - Mato Grosso",0,"0%"
35,0.312412132618183,0.356987623315947,0.368548069821335,"Brazil - Mato Grosso",0,"0%"
36,0.315653965218271,0.360101772532664,0.371509637563662,"Brazil - Mato Grosso",0,"0%"
37,0.318625949321588,0.363232039344354,0.3750510636078,"Brazil - Mato Grosso",0,"0%"
38,0.321645525424161,0.365472096866438,0.376976009327433,"Brazil - Mato Grosso",0,"0%"
39,0.324438448572165,0.369456553020573,0.378867051823848,"Brazil - Mato Grosso",0,"0%"
40,0.327207965618417,0.370779899362889,0.381429908419645,"Brazil - Mato Grosso",0,"0%"
41,0.329849745633552,0.373349400607387,0.383612716181143,"Brazil - Mato Grosso",0,"0%"
42,0.332291377742886,0.375028172012328,0.385639578773376,"Brazil - Mato Grosso",0,"0%"
43,0.334570124684403,0.377347944255999,0.388361372894276,"Brazil - Mato Grosso",0,"0%"
44,0.336809168573734,0.379182972995346,0.39018378211552,"Brazil - Mato Grosso",0,"0%"
45,0.338881447106461,0.380847567441965,0.392051382534801,"Brazil - Mato Grosso",0,"0%"
46,0.340915674058569,0.381978621808453,0.39371448328532,"Brazil - Mato Grosso",0,"0%"
47,0.342790891806877,0.384063665444069,0.395645331953002,"Brazil - Mato Grosso",0,"0%"
48,0.344594002778767,0.385658652702286,0.397052711855423,"Brazil - Mato Grosso",0,"0%"
49,0.346089371890696,0.3877897928524,0.399186746778773,"Brazil - Mato Grosso",0,"0%"
50,0.347625364005372,0.388933207013535,0.40033428721336,"Brazil - Mato Grosso",0,"0%"
51,0.349262105924583,0.390369209441755,0.401512294645869,"Brazil - Mato Grosso",0,"0%"
52,0.350821838025107,0.392092809702513,0.403252295830294,"Brazil - Mato Grosso",0,"0%"
53,0.352294012629581,0.393405681299367,0.404227061358888,"Brazil - Mato Grosso",0,"0%"
54,0.35356282499801,0.394777749000512,0.40486614473127,"Brazil - Mato Grosso",0,"0%"
55,0.354839527220076,0.39489359662426,0.405479994239752,"Brazil - Mato Grosso",0,"0%"
56,0.35610336398577,0.395964998363206,0.405906184998353,"Brazil - Mato Grosso",0,"0%"
57,0.357236484492562,0.397056954653305,0.407207379814218,"Brazil - Mato Grosso",0,"0%"
58,0.358366293699198,0.398328989336015,0.408574391259978,"Brazil - Mato Grosso",0,"0%"
59,0.359499618762243,0.399610947009726,0.409630819279901,"Brazil - Mato Grosso",0,"0%"
60,0.360637911903829,0.400383740678994,0.410788763206044,"Brazil - Mato Grosso",0,"0%"
61,0.361657586762374,0.401601954469542,0.411496028347117,"Brazil - Mato Grosso",0,"0%"
62,0.362502592161618,0.402529497678491,0.412855682820572,"Brazil - Mato Grosso",0,"0%"
63,0.36338865869347,0.403149397544267,0.413366207654111,"Brazil - Mato Grosso",0,"0%"
64,0.364222748680586,0.404385488604864,0.414768484710167,"Brazil - Mato Grosso",0,"0%"
65,0.364790011953249,0.404764686384634,0.415859393211262,"Brazil - Mato Grosso",0,"0%"
66,0.365475842467579,0.40585495892397,0.416907066733464,"Brazil - Mato Grosso",0,"0%"
67,0.366292483112688,0.406980434111134,0.417180283432396,"Brazil - Mato Grosso",0,"0%"
68,0.366797754659491,0.407143839309808,0.417274174067577,"Brazil - Mato Grosso",0,"0%"
69,0.367505293007673,0.407639709670698,0.417920104025029,"Brazil - Mato Grosso",0,"0%"
70,0.368169258436047,0.407507757491848,0.418133101353742,"Brazil - Mato Grosso",0,"0%"
71,0.368752119782855,0.40857805071228,0.418488398275155,"Brazil - Mato Grosso",0,"0%"
72,0.369317357262002,0.408962915163485,0.41846690668008,"Brazil - Mato Grosso",0,"0%"
73,0.369708133471647,0.409385802445885,0.418796488383772,"Brazil - Mato Grosso",0,"0%"
74,0.37009474978286,0.408393827298609,0.418373089854736,"Brazil - Mato Grosso",0,"0%"
75,0.370620287972102,0.408868986889425,0.418643562930195,"Brazil - Mato Grosso",0,"0%"
76,0.370910154378662,0.409210301631606,0.419641040391297,"Brazil - Mato Grosso",0,"0%"
77,0.371392178739674,0.410027775947703,0.42004991384583,"Brazil - Mato Grosso",0,"0%"
78,0.371853627164801,0.410929450357442,0.421272015071487,"Brazil - Mato Grosso",0,"0%"
79,0.37227622514449,0.411325483097326,0.421507284744416,"Brazil - Mato Grosso",0,"0%"
80,0.372510672780119,0.412311325830161,0.421941108004032,"Brazil - Mato Grosso",0,"0%"
81,0.372931268283336,0.412076354247055,0.422425415853025,"Brazil - Mato Grosso",0,"0%"
82,0.37331354467441,0.41276453117275,0.422408160591093,"Brazil - Mato Grosso",0,"0%"
83,0.373685407674143,0.412717755432277,0.423109875770854,"Brazil - Mato Grosso",0,"0%"
84,0.373970471425826,0.41346835160834,0.423370163151474,"Brazil - Mato Grosso",0,"0%"
85,0.374085861727767,0.413960489433147,0.423202410524051,"Brazil - Mato Grosso",0,"0%"
86,0.374420725692669,0.413772061927676,0.423967793335177,"Brazil - Mato Grosso",0,"0%"
87,0.374737853967424,0.413849355574524,0.424058937203561,"Brazil - Mato Grosso",0,"0%"
88,0.37502253613802,0.413145493948525,0.423551771095664,"Brazil - Mato Grosso",0,"0%"
89,0.375284149025063,0.413606026028892,0.423180526994787,"Brazil - Mato Grosso",0,"0%"
90,0.375549941304378,0.413837556753221,0.423063414356311,"Brazil - Mato Grosso",0,"0%"
91,0.375719767560866,0.413693882086135,0.423244247026705,"Brazil - Mato Grosso",0,"0%"
92,0.376089368928023,0.413655073123495,0.423832692058053,"Brazil - Mato Grosso",0,"0%"
93,0.376224915653142,0.414048894660951,0.423711524027578,"Brazil - Mato Grosso",0,"0%"
94,0.376486917615131,0.413603312186617,0.423778564372154,"Brazil - Mato Grosso",0,"0%"
95,0.376657896693338,0.414026865454988,0.424253916017488,"Brazil - Mato Grosso",0,"0%"
96,0.376855692881965,0.414057293055316,0.424128390912242,"Brazil - Mato Grosso",0,"0%"
97,0.376895682987025,0.414768329712094,0.424167679642333,"Brazil - Mato Grosso",0,"0%"
98,0.376888176012272,0.414784788627523,0.424380217866253,"Brazil - Mato Grosso",0,"0%"
99,0.377101965533383,0.415102253440181,0.424246978428071,"Brazil - Mato Grosso",0,"0%"
100,0.377273009414401,0.415463582920615,0.424448993396046,"Brazil - Mato Grosso",0,"0%"
101,0.377192082248108,0.414753160618082,0.424283371546381,"Brazil - Mato Grosso",0,"0%"
102,0.377380435131859,0.415167066419014,0.424644973842693,"Brazil - Mato Grosso",0,"0%"
103,0.377491134131734,0.415992396003399,0.42523990539228,"Brazil - Mato Grosso",0,"0%"
104,0.377597905192147,0.415966770647275,0.425163479371726,"Brazil - Mato Grosso",0,"0%"
105,0.377470357279564,0.415431902589045,0.425218227234258,"Brazil - Mato Grosso",0,"0%"
106,0.377397155014886,0.41580513804206,0.425108241881403,"Brazil - Mato Grosso",0,"0%"
107,0.377564700369632,0.415687179759612,0.425370959204133,"Brazil - Mato Grosso",0,"0%"
108,0.377600472726126,0.415528742714159,0.42504911295072,"Brazil - Mato Grosso",0,"0%"
109,0.377690176968156,0.414786188729713,0.42481140403676,"Brazil - Mato Grosso",0,"0%"
110,0.377764843989783,0.415096918012973,0.425357486212504,"Brazil - Mato Grosso",0,"0%"
111,0.377904971244174,0.415959842697945,0.425824585478969,"Brazil - Mato Grosso",0,"0%"
112,0.378024334236701,0.41584463909509,0.425436853146083,"Brazil - Mato Grosso",0,"0%"
113,0.378249244813849,0.415910295277131,0.425544303194801,"Brazil - Mato Grosso",0,"0%"
114,0.378403960546846,0.416793697863374,0.425250898873919,"Brazil - Mato Grosso",0,"0%"
115,0.378390136032971,0.416996167770694,0.425332394849637,"Brazil - Mato Grosso",0,"0%"
116,0.378551900117571,0.417496150550301,0.425435540414295,"Brazil - Mato Grosso",0,"0%"
117,0.378503198102643,0.417510503337562,0.425934681411933,"Brazil - Mato Grosso",0,"0%"
118,0.378413383555683,0.416550533379176,0.425323382641431,"Brazil - Mato Grosso",0,"0%"
119,0.378479565241505,0.416186271478887,0.425092544183999,"Brazil - Mato Grosso",0,"0%"
120,0.378376969033928,0.415456885303235,0.424700076089625,"Brazil - Mato Grosso",0,"0%"
121,0.37828479392292,0.415888505995868,0.425212394971265,"Brazil - Mato Grosso",0,"0%"
122,0.37827697484149,0.417022957181439,0.425698347053376,"Brazil - Mato Grosso",0,"0%"
123,0.378232227683586,0.416624386459471,0.426104227382143,"Brazil - Mato Grosso",0,"0%"
124,0.378195203023564,0.415965567557536,0.425857213837739,"Brazil - Mato Grosso",0,"0%"
125,0.378176082497643,0.415714116391518,0.426046450672535,"Brazil - Mato Grosso",0,"0%"
126,0.378060862194765,0.415681369992783,0.425942626732099,"Brazil - Mato Grosso",0,"0%"
127,0.378135035988713,0.415572053970678,0.425211879279031,"Brazil - Mato Grosso",0,"0%"
128,0.378097304541632,0.416373049326784,0.425614569676044,"Brazil - Mato Grosso",0,"0%"
129,0.378166941860039,0.417103240166833,0.425512006744276,"Brazil - Mato Grosso",0,"0%"
130,0.37822082900384,0.416239499140503,0.425475183697156,"Brazil - Mato Grosso",0,"0%"
131,0.378304870663261,0.416654534142305,0.425533614940304,"Brazil - Mato Grosso",0,"0%"
132,0.378540951585602,0.416760570525784,0.425862350708413,"Brazil - Mato Grosso",0,"0%"
133,0.378503199996471,0.416979616277733,0.426049725341322,"Brazil - Mato Grosso",0,"0%"
134,0.37860851873882,0.416832953800522,0.426415226401098,"Brazil - Mato Grosso",0,"0%"
135,0.378492577531002,0.415869116505645,0.425718210679712,"Brazil - Mato Grosso",0,"0%"
136,0.378674629651248,0.416464782698658,0.426321423550726,"Brazil - Mato Grosso",0,"0%"
137,0.378853314401799,0.417151775974859,0.426891833969026,"Brazil - Mato Grosso",0,"0%"
138,0.378912517809655,0.416593785864763,0.426465293070656,"Brazil - Mato Grosso",0,"0%"
139,0.378788844947291,0.417501554965104,0.426291025856861,"Brazil - Mato Grosso",0,"0%"
140,0.378918021736891,0.417375921152165,0.427521183695936,"Brazil - Mato Grosso",0,"0%"
141,0.378948945500367,0.418237213317958,0.427215494489539,"Brazil - Mato Grosso",0,"0%"
142,0.379051525351321,0.417884434202887,0.427816465670552,"Brazil - Mato Grosso",0,"0%"
143,0.378987980555011,0.417558986459285,0.427267474889033,"Brazil - Mato Grosso",0,"0%"
144,0.379054705672596,0.417193051225015,0.427660684224073,"Brazil - Mato Grosso",0,"0%"
145,0.379172932956931,0.417621967951224,0.426889534698002,"Brazil - Mato Grosso",0,"0%"
146,0.379325684440223,0.418439620125123,0.42707363699531,"Brazil - Mato Grosso",0,"0%"
147,0.379324424192885,0.417198412921621,0.427547124859851,"Brazil - Mato Grosso",0,"0%"
148,0.379321043714704,0.41828262245538,0.427303427876886,"Brazil - Mato Grosso",0,"0%"
149,0.379152297741217,0.417880153645811,0.427563772801559,"Brazil - Mato Grosso",0,"0%"
150,0.379105292834473,0.417290395523541,0.427631717246481,"Brazil - Mato Grosso",0,"0%"
151,0.379104334624187,0.418005689794838,0.42704797931596,"Brazil - Mato Grosso",0,"0%"
152,0.379314450795132,0.417305501656907,0.4269354331636,"Brazil - Mato Grosso",0,"0%"
153,0.379293963378821,0.417552028947832,0.427270934859122,"Brazil - Mato Grosso",0,"0%"
154,0.37937136959713,0.41811609679502,0.427416956625678,"Brazil - Mato Grosso",0,"0%"
155,0.379510392777559,0.418285661004945,0.427936274186826,"Brazil - Mato Grosso",0,"0%"
156,0.379327627147737,0.417935608183497,0.427621990236013,"Brazil - Mato Grosso",0,"0%"
157,0.379257678653642,0.41823186996092,0.427305202528263,"Brazil - Mato Grosso",0,"0%"
158,0.379257585181288,0.418300728977693,0.427411204126444,"Brazil - Mato Grosso",0,"0%"
159,0.3792553071952,0.418051355607105,0.427547872198212,"Brazil - Mato Grosso",0,"0%"
160,0.379490893229718,0.418721007295189,0.427925483993118,"Brazil - Mato Grosso",0,"0%"
161,0.379388532947216,0.418440436103402,0.427779663838131,"Brazil - Mato Grosso",0,"0%"
162,0.379319805099386,0.418387714315539,0.427130455803636,"Brazil - Mato Grosso",0,"0%"
163,0.379232430510095,0.417637438908452,0.426836360731688,"Brazil - Mato Grosso",0,"0%"
164,0.37916173989636,0.417319751408883,0.426728230653611,"Brazil - Mato Grosso",0,"0%"
165,0.379190000520175,0.418671492438081,0.42729871750539,"Brazil - Mato Grosso",0,"0%"
166,0.37912738901257,0.417958345414657,0.427271109074022,"Brazil - Mato Grosso",0,"0%"
167,0.379073727735679,0.417038150961478,0.426713918659933,"Brazil - Mato Grosso",0,"0%"
168,0.37924262381786,0.417464571744982,0.426865860857299,"Brazil - Mato Grosso",0,"0%"
169,0.379267395011596,0.416867861082316,0.42639574418621,"Brazil - Mato Grosso",0,"0%"
170,0.379380609085049,0.417309874444906,0.427129150405477,"Brazil - Mato Grosso",0,"0%"
171,0.379342266331667,0.417296837784752,0.42702199214823,"Brazil - Mato Grosso",0,"0%"
172,0.379386596114667,0.417894779423756,0.427134120186303,"Brazil - Mato Grosso",0,"0%"
173,0.379330104164342,0.417856055138094,0.427411985247563,"Brazil - Mato Grosso",0,"0%"
174,0.379385927927662,0.418143546527312,0.427592083903936,"Brazil - Mato Grosso",0,"0%"
175,0.379357687184295,0.417517535161383,0.426847305964323,"Brazil - Mato Grosso",0,"0%"
176,0.379521306800095,0.41627018887085,0.427147325224385,"Brazil - Mato Grosso",0,"0%"
177,0.379530508967228,0.417342673332423,0.427628095344917,"Brazil - Mato Grosso",0,"0%"
178,0.379495158926893,0.417285712623772,0.427855729273169,"Brazil - Mato Grosso",0,"0%"
179,0.379518679963046,0.418056044391562,0.428610031233108,"Brazil - Mato Grosso",0,"0%"
180,0.379434255106238,0.41850715886254,0.428320174476677,"Brazil - Mato Grosso",0,"0%"
181,0.37950592928976,0.418635943385331,0.428494941518502,"Brazil - Mato Grosso",0,"0%"
182,0.37949795783931,0.417712505054892,0.428263321043023,"Brazil - Mato Grosso",0,"0%"
183,0.379448709451808,0.417202278978618,0.427987078554187,"Brazil - Mato Grosso",0,"0%"
184,0.37951388575657,0.417120306141153,0.427184499989272,"Brazil - Mato Grosso",0,"0%"
185,0.379592116184868,0.417860106638416,0.426795367015011,"Brazil - Mato Grosso",0,"0%"
186,0.379569305621986,0.417231332680044,0.426854205757404,"Brazil - Mato Grosso",0,"0%"
187,0.379470953064541,0.417476964122748,0.427059599404595,"Brazil - Mato Grosso",0,"0%"
188,0.379362468006483,0.417819235681076,0.426535649081791,"Brazil - Mato Grosso",0,"0%"
189,0.379341346978371,0.41776097410478,0.426273991409846,"Brazil - Mato Grosso",0,"0%"
190,0.379477362500609,0.416892376778419,0.426071452641314,"Brazil - Mato Grosso",0,"0%"
191,0.37943619907177,0.417515063627258,0.426120194632351,"Brazil - Mato Grosso",0,"0%"
192,0.379466672126276,0.416911190939547,0.425888042889982,"Brazil - Mato Grosso",0,"0%"
193,0.379631496172043,0.417881013542719,0.426329791432103,"Brazil - Mato Grosso",0,"0%"
194,0.379556753223764,0.417628845879182,0.42614690158631,"Brazil - Mato Grosso",0,"0%"
195,0.379449477430684,0.416766050571696,0.425425977236483,"Brazil - Mato Grosso",0,"0%"
196,0.379387727554126,0.417344305108261,0.426450815025059,"Brazil - Mato Grosso",0,"0%"
197,0.379469296279114,0.41673035540358,0.426152016220334,"Brazil - Mato Grosso",0,"0%"
198,0.379501730512007,0.416787944151681,0.426132775555501,"Brazil - Mato Grosso",0,"0%"
199,0.379755321909324,0.41716929161506,0.426681455760063,"Brazil - Mato Grosso",0,"0%"
200,0.37966167108456,0.416757001524539,0.426606307232167,"Brazil - Mato Grosso",0,"0%"
1,0.0181972401289718,0.0377602052775434,0.0415942881720008,"Brazil - Mato Grosso",0.005,"0.5%"
2,0.035669271679611,0.0634089036869836,0.0706898919977957,"Brazil - Mato Grosso",0.005,"0.5%"
3,0.0523214786149174,0.085564282442062,0.0937443419078876,"Brazil - Mato Grosso",0.005,"0.5%"
4,0.0681273447987846,0.104760735830228,0.114034553658665,"Brazil - Mato Grosso",0.005,"0.5%"
5,0.0837471598322666,0.123116535709768,0.133097252231413,"Brazil - Mato Grosso",0.005,"0.5%"
6,0.098784495021847,0.141098185362725,0.151174636890779,"Brazil - Mato Grosso",0.005,"0.5%"
7,0.112865393692028,0.155894841177471,0.167866329181491,"Brazil - Mato Grosso",0.005,"0.5%"
8,0.126457085660997,0.171219447500387,0.183191748948271,"Brazil - Mato Grosso",0.005,"0.5%"
9,0.139540465239673,0.185813808895154,0.199699521716449,"Brazil - Mato Grosso",0.005,"0.5%"
10,0.152007897942734,0.200114215726329,0.212755521027244,"Brazil - Mato Grosso",0.005,"0.5%"
11,0.163638237082112,0.212047471263892,0.226275224159165,"Brazil - Mato Grosso",0.005,"0.5%"
12,0.174833543337539,0.224400873397885,0.237820701453279,"Brazil - Mato Grosso",0.005,"0.5%"
13,0.185436155480868,0.236034874308804,0.248111963257011,"Brazil - Mato Grosso",0.005,"0.5%"
14,0.196012372473666,0.245320934132921,0.258096402008721,"Brazil - Mato Grosso",0.005,"0.5%"
15,0.205714331459279,0.25534056559546,0.268595061465998,"Brazil - Mato Grosso",0.005,"0.5%"
16,0.215532641483824,0.265939016944332,0.277718179571666,"Brazil - Mato Grosso",0.005,"0.5%"
17,0.22455576958614,0.275006176284666,0.287103361774929,"Brazil - Mato Grosso",0.005,"0.5%"
18,0.233232789747292,0.283790076430718,0.295477385420964,"Brazil - Mato Grosso",0.005,"0.5%"
19,0.241518362687694,0.291783853864154,0.304028291305666,"Brazil - Mato Grosso",0.005,"0.5%"
20,0.249334637680141,0.298541615822378,0.31194216573391,"Brazil - Mato Grosso",0.005,"0.5%"
21,0.256970363336926,0.307004660379462,0.319861179137094,"Brazil - Mato Grosso",0.005,"0.5%"
22,0.26422046610995,0.314541145565765,0.327579619103327,"Brazil - Mato Grosso",0.005,"0.5%"
23,0.27135638795047,0.320662546912377,0.333983796604037,"Brazil - Mato Grosso",0.005,"0.5%"
24,0.278193984583417,0.327547602861489,0.34105522438395,"Brazil - Mato Grosso",0.005,"0.5%"
25,0.284420103165437,0.333899553470118,0.346267770445247,"Brazil - Mato Grosso",0.005,"0.5%"
26,0.290513333704211,0.339511431288831,0.351929174670494,"Brazil - Mato Grosso",0.005,"0.5%"
27,0.296470163029099,0.344768121859559,0.35764664023073,"Brazil - Mato Grosso",0.005,"0.5%"
28,0.30235816163917,0.350224050437194,0.36398454266258,"Brazil - Mato Grosso",0.005,"0.5%"
29,0.3077762345725,0.356754375270629,0.369231649185973,"Brazil - Mato Grosso",0.005,"0.5%"
30,0.313045550636413,0.361435327436997,0.374668830698582,"Brazil - Mato Grosso",0.005,"0.5%"
31,0.318405728595296,0.367875107125827,0.380176197799942,"Brazil - Mato Grosso",0.005,"0.5%"
32,0.323328645370558,0.371770690167936,0.384368560513845,"Brazil - Mato Grosso",0.005,"0.5%"
33,0.328073725560886,0.376199938890383,0.388342748546848,"Brazil - Mato Grosso",0.005,"0.5%"
34,0.332414630592108,0.380767670967588,0.391796607568166,"Brazil - Mato Grosso",0.005,"0.5%"
35,0.336872741598767,0.384533843350457,0.396885246168328,"Brazil - Mato Grosso",0.005,"0.5%"
36,0.341061912699,0.389170039906885,0.400939796221251,"Brazil - Mato Grosso",0.005,"0.5%"
37,0.344968240451912,0.393381218914303,0.405551572319758,"Brazil - Mato Grosso",0.005,"0.5%"
38,0.348951218998078,0.395921656812233,0.408443728924341,"Brazil - Mato Grosso",0.005,"0.5%"
39,0.352695698447691,0.400970522902977,0.411287127724361,"Brazil - Mato Grosso",0.005,"0.5%"
40,0.356434248122753,0.403388739786989,0.414833822436033,"Brazil - Mato Grosso",0.005,"0.5%"
41,0.36004351053823,0.407392061314524,0.418093114336232,"Brazil - Mato Grosso",0.005,"0.5%"
42,0.363441178939509,0.410078222932715,0.421146884941747,"Brazil - Mato Grosso",0.005,"0.5%"
43,0.366667924584399,0.412438259785149,0.424969582915188,"Brazil - Mato Grosso",0.005,"0.5%"
44,0.369866950957186,0.416090258499091,0.427792601187827,"Brazil - Mato Grosso",0.005,"0.5%"
45,0.372889360303884,0.418490387578461,0.430726912007883,"Brazil - Mato Grosso",0.005,"0.5%"
46,0.375881389615668,0.420908188360604,0.433351500454586,"Brazil - Mato Grosso",0.005,"0.5%"
47,0.378703706113555,0.423833588219012,0.436302812566344,"Brazil - Mato Grosso",0.005,"0.5%"
48,0.381456344937419,0.426437931571664,0.438706407906053,"Brazil - Mato Grosso",0.005,"0.5%"
49,0.383861263424227,0.429822840010465,0.442018626625141,"Brazil - Mato Grosso",0.005,"0.5%"
50,0.386329838426213,0.432123648617632,0.444198773644708,"Brazil - Mato Grosso",0.005,"0.5%"
51,0.388930488735637,0.434169911663441,0.446276223796106,"Brazil - Mato Grosso",0.005,"0.5%"
52,0.391450096075269,0.437134530635337,0.449179171461758,"Brazil - Mato Grosso",0.005,"0.5%"
53,0.393881060917629,0.440099398873445,0.451067659812286,"Brazil - Mato Grosso",0.005,"0.5%"
54,0.396081071126765,0.441612778968929,0.452606399826561,"Brazil - Mato Grosso",0.005,"0.5%"
55,0.398301522724054,0.442619680341988,0.454189310466078,"Brazil - Mato Grosso",0.005,"0.5%"
56,0.400517855382538,0.444274376013474,0.455579755269692,"Brazil - Mato Grosso",0.005,"0.5%"
57,0.402587358639558,0.44708006577066,0.457814120351265,"Brazil - Mato Grosso",0.005,"0.5%"
58,0.404662349884362,0.44917232958344,0.460303943837329,"Brazil - Mato Grosso",0.005,"0.5%"
59,0.406750275130127,0.45165581797763,0.462606414189303,"Brazil - Mato Grosso",0.005,"0.5%"
60,0.408853018590672,0.453245912919514,0.464776005882206,"Brazil - Mato Grosso",0.005,"0.5%"
61,0.410822549205049,0.45551570345166,0.466357848793792,"Brazil - Mato Grosso",0.005,"0.5%"
62,0.412587308942271,0.457056657598445,0.468894882504628,"Brazil - Mato Grosso",0.005,"0.5%"
63,0.4144104110388,0.458922532991601,0.470234975644076,"Brazil - Mato Grosso",0.005,"0.5%"
64,0.416176379833047,0.460843107717973,0.472798854522828,"Brazil - Mato Grosso",0.005,"0.5%"
65,0.417623913817282,0.462824426921327,0.4750184415299,"Brazil - Mato Grosso",0.005,"0.5%"
66,0.419223133439858,0.464734686561906,0.477093450902657,"Brazil - Mato Grosso",0.005,"0.5%"
67,0.420992159516602,0.466622101037146,0.478227216405784,"Brazil - Mato Grosso",0.005,"0.5%"
68,0.422385299439439,0.468120747281003,0.479329653507336,"Brazil - Mato Grosso",0.005,"0.5%"
69,0.424031812353091,0.469581505177968,0.481010771996856,"Brazil - Mato Grosso",0.005,"0.5%"
70,0.425628549937878,0.470098334712465,0.48208066088785,"Brazil - Mato Grosso",0.005,"0.5%"
71,0.427131084052014,0.472180483719837,0.483428361086565,"Brazil - Mato Grosso",0.005,"0.5%"
72,0.428620183762425,0.473533983428409,0.484295390305451,"Brazil - Mato Grosso",0.005,"0.5%"
73,0.429897873292127,0.474905172035973,0.485622818429474,"Brazil - Mato Grosso",0.005,"0.5%"
74,0.431178412652679,0.475670398875174,0.486029226327483,"Brazil - Mato Grosso",0.005,"0.5%"
75,0.432632325430871,0.476299028761717,0.487269663990608,"Brazil - Mato Grosso",0.005,"0.5%"
76,0.433796331151997,0.477913996360407,0.489424051891505,"Brazil - Mato Grosso",0.005,"0.5%"
77,0.435202911535043,0.479204145053966,0.490690379910737,"Brazil - Mato Grosso",0.005,"0.5%"
78,0.43658915610703,0.481531139097059,0.492933862934435,"Brazil - Mato Grosso",0.005,"0.5%"
79,0.437928096305817,0.482445663048515,0.49411351792498,"Brazil - Mato Grosso",0.005,"0.5%"
80,0.439035430620434,0.484705793477021,0.495566304533379,"Brazil - Mato Grosso",0.005,"0.5%"
81,0.440379882406437,0.485177893525631,0.497020497219833,"Brazil - Mato Grosso",0.005,"0.5%"
82,0.44168140344604,0.486650063850685,0.497994434800577,"Brazil - Mato Grosso",0.005,"0.5%"
83,0.442969577632483,0.487441923968983,0.499700078637966,"Brazil - Mato Grosso",0.005,"0.5%"
84,0.444151566657598,0.489735944119741,0.500896609516491,"Brazil - Mato Grosso",0.005,"0.5%"
85,0.44512059299805,0.490522865795495,0.501543469204355,"Brazil - Mato Grosso",0.005,"0.5%"
86,0.446371515841087,0.492569194949393,0.503331753735596,"Brazil - Mato Grosso",0.005,"0.5%"
87,0.44760055551699,0.492576098069654,0.504348957516513,"Brazil - Mato Grosso",0.005,"0.5%"
88,0.448791427956067,0.492999465223171,0.504578321427091,"Brazil - Mato Grosso",0.005,"0.5%"
89,0.449951550035952,0.49476577264865,0.505046801854685,"Brazil - Mato Grosso",0.005,"0.5%"
90,0.4511194230178,0.496222327500797,0.505937069394289,"Brazil - Mato Grosso",0.005,"0.5%"
91,0.452166453270317,0.495876472888149,0.507121203984928,"Brazil - Mato Grosso",0.005,"0.5%"
92,0.453467423489064,0.497915112090493,0.508792212930023,"Brazil - Mato Grosso",0.005,"0.5%"
93,0.454471024185938,0.498550956148844,0.509668971628133,"Brazil - Mato Grosso",0.005,"0.5%"
94,0.45563855902606,0.499153106891832,0.5105293826915,"Brazil - Mato Grosso",0.005,"0.5%"
95,0.456686013540318,0.500958020005726,0.512047601050585,"Brazil - Mato Grosso",0.005,"0.5%"
96,0.457771256412633,0.501571844226398,0.512835565128579,"Brazil - Mato Grosso",0.005,"0.5%"
97,0.458649605044454,0.503457295392865,0.513682878927495,"Brazil - Mato Grosso",0.005,"0.5%"
98,0.459474192273674,0.503835893265978,0.514699776098296,"Brazil - Mato Grosso",0.005,"0.5%"
99,0.460583119763182,0.504570945585951,0.515497258754542,"Brazil - Mato Grosso",0.005,"0.5%"
100,0.461636400992272,0.506411629175654,0.516765397686773,"Brazil - Mato Grosso",0.005,"0.5%"
101,0.462362955727466,0.506161090029374,0.517666205791789,"Brazil - Mato Grosso",0.005,"0.5%"
102,0.463443133016706,0.508448499606729,0.519008883665033,"Brazil - Mato Grosso",0.005,"0.5%"
103,0.464416594802646,0.509557647291769,0.520473815471052,"Brazil - Mato Grosso",0.005,"0.5%"
104,0.465386849973731,0.511004482340784,0.521553734431957,"Brazil - Mato Grosso",0.005,"0.5%"
105,0.466050409462712,0.511163674821314,0.522356449460087,"Brazil - Mato Grosso",0.005,"0.5%"
106,0.466791302446237,0.512334862485192,0.523113596126482,"Brazil - Mato Grosso",0.005,"0.5%"
107,0.467845634146188,0.513004956218323,0.524416230856208,"Brazil - Mato Grosso",0.005,"0.5%"
108,0.46872781885641,0.513673762901903,0.524638272237936,"Brazil - Mato Grosso",0.005,"0.5%"
109,0.469680221390651,0.513311970723452,0.525139819173726,"Brazil - Mato Grosso",0.005,"0.5%"
110,0.470609522375808,0.514761721017078,0.526843629849402,"Brazil - Mato Grosso",0.005,"0.5%"
111,0.471626001928133,0.517088037251205,0.528237992373367,"Brazil - Mato Grosso",0.005,"0.5%"
112,0.472611400754455,0.517230709934662,0.528674024507243,"Brazil - Mato Grosso",0.005,"0.5%"
113,0.473732817546522,0.518593957428973,0.529768446318194,"Brazil - Mato Grosso",0.005,"0.5%"
114,0.474762082296875,0.521086726221693,0.530344593880459,"Brazil - Mato Grosso",0.005,"0.5%"
115,0.475560708029647,0.521683666838772,0.531272295936537,"Brazil - Mato Grosso",0.005,"0.5%"
116,0.476593567694032,0.523009537998031,0.53248143276686,"Brazil - Mato Grosso",0.005,"0.5%"
117,0.477343862609261,0.523334898972919,0.533839784580063,"Brazil - Mato Grosso",0.005,"0.5%"
118,0.478041878631107,0.523809598295311,0.533777922564922,"Brazil - Mato Grosso",0.005,"0.5%"
119,0.478952343506672,0.523213410008214,0.534250778189884,"Brazil - Mato Grosso",0.005,"0.5%"
120,0.479633818801505,0.523699787557188,0.534793140322992,"Brazil - Mato Grosso",0.005,"0.5%"
121,0.480325183550933,0.525185811282513,0.536222578238018,"Brazil - Mato Grosso",0.005,"0.5%"
122,0.481131785444022,0.527781705659085,0.537644089185706,"Brazil - Mato Grosso",0.005,"0.5%"
123,0.481888133240907,0.527776479113697,0.53903533022932,"Brazil - Mato Grosso",0.005,"0.5%"
124,0.482657610333587,0.528478048878722,0.539470087615947,"Brazil - Mato Grosso",0.005,"0.5%"
125,0.483448832500488,0.528330904789931,0.540610960449483,"Brazil - Mato Grosso",0.005,"0.5%"
126,0.484106885435134,0.529760780010472,0.541295549833967,"Brazil - Mato Grosso",0.005,"0.5%"
127,0.485024778177618,0.530274194893993,0.541350417702075,"Brazil - Mato Grosso",0.005,"0.5%"
128,0.485779939865966,0.531145316810147,0.54268182787498,"Brazil - Mato Grosso",0.005,"0.5%"
129,0.486687127949083,0.533265622810976,0.543530169709203,"Brazil - Mato Grosso",0.005,"0.5%"
130,0.487569765251957,0.533402760163534,0.544309861015265,"Brazil - Mato Grosso",0.005,"0.5%"
131,0.488489690662946,0.534568386119182,0.545177856041949,"Brazil - Mato Grosso",0.005,"0.5%"
132,0.489616671639637,0.535427443603349,0.546539613405955,"Brazil - Mato Grosso",0.005,"0.5%"
133,0.490363163152225,0.536288165036138,0.547568504334082,"Brazil - Mato Grosso",0.005,"0.5%"
134,0.491301468905734,0.537425293032638,0.548967633964705,"Brazil - Mato Grosso",0.005,"0.5%"
135,0.491938618652773,0.537279633947318,0.548662877892892,"Brazil - Mato Grosso",0.005,"0.5%"
136,0.49297936311557,0.538508846829025,0.549913999812963,"Brazil - Mato Grosso",0.005,"0.5%"
137,0.494011045974988,0.540742188123671,0.551516394855857,"Brazil - Mato Grosso",0.005,"0.5%"
138,0.494874688420689,0.540616577832215,0.551835614996179,"Brazil - Mato Grosso",0.005,"0.5%"
139,0.495484713870996,0.542226544327751,0.552705917187591,"Brazil - Mato Grosso",0.005,"0.5%"
140,0.496443865767681,0.543247870450337,0.554748886871409,"Brazil - Mato Grosso",0.005,"0.5%"
141,0.497263722918969,0.544226080212596,0.555272292726461,"Brazil - Mato Grosso",0.005,"0.5%"
142,0.498180496563166,0.545337293543229,0.556942486201979,"Brazil - Mato Grosso",0.005,"0.5%"
143,0.498866992383134,0.545379466649597,0.557016455869609,"Brazil - Mato Grosso",0.005,"0.5%"
144,0.499727612592593,0.54653862442165,0.558329107810491,"Brazil - Mato Grosso",0.005,"0.5%"
145,0.500664528917169,0.546642398481342,0.558123186453331,"Brazil - Mato Grosso",0.005,"0.5%"
146,0.501642265441336,0.548981952975688,0.559214020874898,"Brazil - Mato Grosso",0.005,"0.5%"
147,0.502399620296154,0.549004955256498,0.560486606607092,"Brazil - Mato Grosso",0.005,"0.5%"
148,0.503154781307709,0.550651356124156,0.560978025795824,"Brazil - Mato Grosso",0.005,"0.5%"
149,0.503675975642463,0.550482096636672,0.562085745388874,"Brazil - Mato Grosso",0.005,"0.5%"
150,0.504372495998303,0.550981701361207,0.563056756028433,"Brazil - Mato Grosso",0.005,"0.5%"
151,0.505127929165406,0.55174653611447,0.562782455894717,"Brazil - Mato Grosso",0.005,"0.5%"
152,0.506182047292613,0.552380414280709,0.56346432729613,"Brazil - Mato Grosso",0.005,"0.5%"
153,0.506907981995349,0.552985727155963,0.564419971653979,"Brazil - Mato Grosso",0.005,"0.5%"
154,0.507761304995164,0.554499936314363,0.565532472220695,"Brazil - Mato Grosso",0.005,"0.5%"
155,0.508701772513371,0.556276540091332,0.567420070318321,"Brazil - Mato Grosso",0.005,"0.5%"
156,0.509186884414749,0.556110372507749,0.567444666397763,"Brazil - Mato Grosso",0.005,"0.5%"
157,0.509832706952308,0.557202540331342,0.568261102702322,"Brazil - Mato Grosso",0.005,"0.5%"
158,0.510579232843666,0.558365622475486,0.569096610064996,"Brazil - Mato Grosso",0.005,"0.5%"
159,0.511309175109011,0.558425859875813,0.570070592676792,"Brazil - Mato Grosso",0.005,"0.5%"
160,0.512378243354854,0.560340950016381,0.571402400458903,"Brazil - Mato Grosso",0.005,"0.5%"
161,0.512964309672061,0.56051222411397,0.572050126893317,"Brazil - Mato Grosso",0.005,"0.5%"
162,0.513604408924898,0.561528293227164,0.571653263050398,"Brazil - Mato Grosso",0.005,"0.5%"
163,0.514217175648566,0.560849424770048,0.572101205570389,"Brazil - Mato Grosso",0.005,"0.5%"
164,0.514852620630471,0.561609875489264,0.572512612602913,"Brazil - Mato Grosso",0.005,"0.5%"
165,0.515622658601991,0.563622148894129,0.574197576014234,"Brazil - Mato Grosso",0.005,"0.5%"
166,0.516267026817024,0.563648073060227,0.575007670031733,"Brazil - Mato Grosso",0.005,"0.5%"
167,0.516919876410387,0.56318415424664,0.574885288778668,"Brazil - Mato Grosso",0.005,"0.5%"
168,0.517892672226953,0.564369513792803,0.575817976787207,"Brazil - Mato Grosso",0.005,"0.5%"
169,0.518654261460582,0.565151272988121,0.57594682547659,"Brazil - Mato Grosso",0.005,"0.5%"
170,0.519534688855853,0.566881375496749,0.577823937724494,"Brazil - Mato Grosso",0.005,"0.5%"
171,0.520196234562774,0.566953342367638,0.578716174204091,"Brazil - Mato Grosso",0.005,"0.5%"
172,0.520978724049019,0.568298600108115,0.579820173948941,"Brazil - Mato Grosso",0.005,"0.5%"
173,0.521607092629807,0.56922104133701,0.580885260207502,"Brazil - Mato Grosso",0.005,"0.5%"
174,0.522397525368896,0.570556338129392,0.581391704558492,"Brazil - Mato Grosso",0.005,"0.5%"
175,0.523072576412227,0.569271277549562,0.581298132402122,"Brazil - Mato Grosso",0.005,"0.5%"
176,0.524017120296357,0.570207219054629,0.582542726274239,"Brazil - Mato Grosso",0.005,"0.5%"
177,0.524733161846336,0.57176049289887,0.583756113551236,"Brazil - Mato Grosso",0.005,"0.5%"
178,0.525384155315288,0.572232379182945,0.584536919633407,"Brazil - Mato Grosso",0.005,"0.5%"
179,0.526115638672967,0.573734930963222,0.586157771827464,"Brazil - Mato Grosso",0.005,"0.5%"
180,0.526687662396192,0.575263890367124,0.586606091372135,"Brazil - Mato Grosso",0.005,"0.5%"
181,0.527488110900066,0.575666452200334,0.587629950310409,"Brazil - Mato Grosso",0.005,"0.5%"
182,0.528172805690735,0.57499794937475,0.587755722272309,"Brazil - Mato Grosso",0.005,"0.5%"
183,0.528794622459522,0.575219233669212,0.587867755466084,"Brazil - Mato Grosso",0.005,"0.5%"
184,0.529585185772362,0.576416206889017,0.587632829153205,"Brazil - Mato Grosso",0.005,"0.5%"
185,0.530390742501927,0.577100504963076,0.58756220672642,"Brazil - Mato Grosso",0.005,"0.5%"
186,0.531047448113098,0.577300639783858,0.588565503655234,"Brazil - Mato Grosso",0.005,"0.5%"
187,0.531586729715962,0.57882919283981,0.58938438245655,"Brazil - Mato Grosso",0.005,"0.5%"
188,0.532118256063124,0.579601552571169,0.589682581593297,"Brazil - Mato Grosso",0.005,"0.5%"
189,0.532765034373682,0.580394979174856,0.590397551990081,"Brazil - Mato Grosso",0.005,"0.5%"
190,0.53364458705325,0.579957177713575,0.59077064383769,"Brazil - Mato Grosso",0.005,"0.5%"
191,0.534264129951068,0.581635933851012,0.591520506167688,"Brazil - Mato Grosso",0.005,"0.5%"
192,0.534982029985014,0.582041477449825,0.592111810411497,"Brazil - Mato Grosso",0.005,"0.5%"
193,0.535896129292242,0.583596669277578,0.593576233326604,"Brazil - Mato Grosso",0.005,"0.5%"
194,0.536453676359459,0.583340791907589,0.594000494232615,"Brazil - Mato Grosso",0.005,"0.5%"
195,0.536963724922999,0.583673495292745,0.594096040286115,"Brazil - Mato Grosso",0.005,"0.5%"
196,0.537539016348582,0.585133874958398,0.595998792894916,"Brazil - Mato Grosso",0.005,"0.5%"
197,0.538332197755653,0.584885188899427,0.596138807445828,"Brazil - Mato Grosso",0.005,"0.5%"
198,0.539043399415268,0.58520250815728,0.596680416959211,"Brazil - Mato Grosso",0.005,"0.5%"
199,0.540079530924913,0.586931801484737,0.598157865630311,"Brazil - Mato Grosso",0.005,"0.5%"
200,0.540595202110399,0.587360630319086,0.598583763899944,"Brazil - Mato Grosso",0.005,"0.5%"
1,0.0181972401289718,0.0377602052775434,0.0415942881720008,"Brazil - Mato Grosso",0.01,"1.0%"
2,0.0357589242958991,0.0635421679952155,0.0708695991722134,"Brazil - Mato Grosso",0.01,"1.0%"
3,0.0525822881201291,0.085962804703322,0.0942208415311597,"Brazil - Mato Grosso",0.01,"1.0%"
4,0.0686323014059838,0.105529776678695,0.114887040018081,"Brazil - Mato Grosso",0.01,"1.0%"
5,0.0845736432355456,0.124263250406603,0.134398586368424,"Brazil - Mato Grosso",0.01,"1.0%"
6,0.0999981096192242,0.142767535739703,0.153019957418153,"Brazil - Mato Grosso",0.01,"1.0%"
7,0.114515580069303,0.158097282232754,0.170316146202345,"Brazil - Mato Grosso",0.01,"1.0%"
8,0.12859927128193,0.174176934444512,0.186268186782531,"Brazil - Mato Grosso",0.01,"1.0%"
9,0.142224719126997,0.189481046986656,0.203545560958059,"Brazil - Mato Grosso",0.01,"1.0%"
10,0.15527487252197,0.204280576114243,0.217292745305797,"Brazil - Mato Grosso",0.01,"1.0%"
11,0.167513143100412,0.216747267866512,0.231578696620088,"Brazil - Mato Grosso",0.01,"1.0%"
12,0.179353787345715,0.230084851592936,0.24390438001365,"Brazil - Mato Grosso",0.01,"1.0%"
13,0.19062667896433,0.242815199970271,0.254957733395534,"Brazil - Mato Grosso",0.01,"1.0%"
14,0.20192388065693,0.252658460133037,0.265729557500477,"Brazil - Mato Grosso",0.01,"1.0%"
15,0.212346730359351,0.263481477614181,0.27707519454199,"Brazil - Mato Grosso",0.01,"1.0%"
16,0.222939385917389,0.275024582143963,0.287045426505875,"Brazil - Mato Grosso",0.01,"1.0%"
17,0.232731012120509,0.284956714179806,0.297376936742625,"Brazil - Mato Grosso",0.01,"1.0%"
18,0.242196012436627,0.294414891511088,0.306595058012861,"Brazil - Mato Grosso",0.01,"1.0%"
19,0.251281906231723,0.303458473766515,0.316130498719146,"Brazil - Mato Grosso",0.01,"1.0%"
20,0.259902403908529,0.310982474913378,0.324956053551769,"Brazil - Mato Grosso",0.01,"1.0%"
21,0.268363906700555,0.320641499224202,0.333800967297659,"Brazil - Mato Grosso",0.01,"1.0%"
22,0.276443461667274,0.328612601405807,0.342501292788704,"Brazil - Mato Grosso",0.01,"1.0%"
23,0.284431506057561,0.336509058876843,0.349817973848815,"Brazil - Mato Grosso",0.01,"1.0%"
24,0.292126712682732,0.343882439454881,0.357858592071675,"Brazil - Mato Grosso",0.01,"1.0%"
25,0.299186203055816,0.350927814323221,0.363914031198174,"Brazil - Mato Grosso",0.01,"1.0%"
26,0.30612749883544,0.357280179273492,0.370522666463429,"Brazil - Mato Grosso",0.01,"1.0%"
27,0.312944917803044,0.36384728423283,0.377205664671524,"Brazil - Mato Grosso",0.01,"1.0%"
28,0.319710837658955,0.370100554201408,0.384506800838534,"Brazil - Mato Grosso",0.01,"1.0%"
29,0.325984593006588,0.377032604052152,0.390630235999766,"Brazil - Mato Grosso",0.01,"1.0%"
30,0.332114938146013,0.383290168553326,0.397072156863132,"Brazil - Mato Grosso",0.01,"1.0%"
31,0.338366049855335,0.390583580677767,0.403553827847089,"Brazil - Mato Grosso",0.01,"1.0%"
32,0.344152639460596,0.395400052049232,0.40853282458762,"Brazil - Mato Grosso",0.01,"1.0%"
33,0.349761625634007,0.400483827671135,0.413474968913134,"Brazil - Mato Grosso",0.01,"1.0%"
34,0.354939159197583,0.405854681746763,0.417704809278557,"Brazil - Mato Grosso",0.01,"1.0%"
35,0.360261693503285,0.41092398300279,0.423820997765071,"Brazil - Mato Grosso",0.01,"1.0%"
36,0.36529933178399,0.4167169541472,0.428814821566473,"Brazil - Mato Grosso",0.01,"1.0%"
37,0.37003748555799,0.421810361391149,0.434375826897918,"Brazil - Mato Grosso",0.01,"1.0%"
38,0.374874176199222,0.425194460020721,0.438031673772889,"Brazil - Mato Grosso",0.01,"1.0%"
39,0.379456151015721,0.430538416063838,0.441736453724446,"Brazil - Mato Grosso",0.01,"1.0%"
40,0.384043124863689,0.434150270532146,0.446115439668382,"Brazil - Mato Grosso",0.01,"1.0%"
41,0.388493430889361,0.438791457895944,0.450251425416283,"Brazil - Mato Grosso",0.01,"1.0%"
42,0.392716467516457,0.442681760326651,0.454201082962418,"Brazil - Mato Grosso",0.01,"1.0%"
43,0.396755782036963,0.445753847453432,0.458918143201145,"Brazil - Mato Grosso",0.01,"1.0%"
44,0.400773189166134,0.450233714588462,0.462562248567479,"Brazil - Mato Grosso",0.01,"1.0%"
45,0.404599879892547,0.45334208775094,0.466385190402269,"Brazil - Mato Grosso",0.01,"1.0%"
46,0.408396974405368,0.456695331078741,0.469776032673261,"Brazil - Mato Grosso",0.01,"1.0%"
47,0.412009668655015,0.460517848529762,0.473580112114466,"Brazil - Mato Grosso",0.01,"1.0%"
48,0.415549485984658,0.463666783789212,0.476767944175787,"Brazil - Mato Grosso",0.01,"1.0%"
49,0.41870057476838,0.46810632206426,0.480985080376543,"Brazil - Mato Grosso",0.01,"1.0%"
50,0.421931487526943,0.470963166370892,0.484023142692821,"Brazil - Mato Grosso",0.01,"1.0%"
51,0.425316881230079,0.474394052849267,0.486813560912521,"Brazil - Mato Grosso",0.01,"1.0%"
52,0.428611268073734,0.47786747832904,0.490618394312548,"Brazil - Mato Grosso",0.01,"1.0%"
53,0.431811808031458,0.481010529677398,0.49321007448143,"Brazil - Mato Grosso",0.01,"1.0%"
54,0.434751611904546,0.483924573892744,0.495356752586692,"Brazil - Mato Grosso",0.01,"1.0%"
55,0.437717533088618,0.485206353490754,0.49772525481434,"Brazil - Mato Grosso",0.01,"1.0%"
56,0.440681877555255,0.488015308709988,0.499876697206735,"Brazil - Mato Grosso",0.01,"1.0%"
57,0.443480009301032,0.491510585082088,0.502731547247968,"Brazil - Mato Grosso",0.01,"1.0%"
58,0.446285917394614,0.494072643238783,0.506073842852224,"Brazil - Mato Grosso",0.01,"1.0%"
59,0.449107365109028,0.497813751303854,0.509286345241742,"Brazil - Mato Grosso",0.01,"1.0%"
60,0.451946643711823,0.499740268522721,0.512249652475866,"Brazil - Mato Grosso",0.01,"1.0%"
61,0.454635431081254,0.502584128089177,0.514412467739255,"Brazil - Mato Grosso",0.01,"1.0%"
62,0.457088267419679,0.505108975148443,0.517759037307898,"Brazil - Mato Grosso",0.01,"1.0%"
63,0.459609307977186,0.507735736160668,0.519734570396174,"Brazil - Mato Grosso",0.01,"1.0%"
64,0.462063268310283,0.510312225246125,0.523101951307988,"Brazil - Mato Grosso",0.01,"1.0%"
65,0.464150357245891,0.512967440998952,0.526134149891207,"Brazil - Mato Grosso",0.01,"1.0%"
66,0.466412488020699,0.51614072379556,0.528898439714917,"Brazil - Mato Grosso",0.01,"1.0%"
67,0.468873324424413,0.518120346644081,0.530633047861886,"Brazil - Mato Grosso",0.01,"1.0%"
68,0.470899720581748,0.520241516156345,0.532347259951773,"Brazil - Mato Grosso",0.01,"1.0%"
69,0.473216951145516,0.521785919458546,0.534787913564672,"Brazil - Mato Grosso",0.01,"1.0%"
70,0.475473560242546,0.523949989248815,0.536441845862903,"Brazil - Mato Grosso",0.01,"1.0%"
71,0.477620634503291,0.52624084856606,0.538440274633483,"Brazil - Mato Grosso",0.01,"1.0%"
72,0.479754642712474,0.528466137281705,0.53997644072887,"Brazil - Mato Grosso",0.01,"1.0%"
73,0.481642179308539,0.53049774508976,0.541939318020861,"Brazil - Mato Grosso",0.01,"1.0%"
74,0.483535581674695,0.531364727933023,0.542857188386831,"Brazil - Mato Grosso",0.01,"1.0%"
75,0.485624169986621,0.53315321664643,0.54473082490575,"Brazil - Mato Grosso",0.01,"1.0%"
76,0.487374644976949,0.53514818045175,0.547634577951728,"Brazil - Mato Grosso",0.01,"1.0%"
77,0.489403785016581,0.536760147994272,0.549441665474051,"Brazil - Mato Grosso",0.01,"1.0%"
78,0.491408985298675,0.540767518892216,0.552327732952946,"Brazil - Mato Grosso",0.01,"1.0%"
79,0.493354667453374,0.541057929887439,0.553979513276116,"Brazil - Mato Grosso",0.01,"1.0%"
80,0.495030662033387,0.544710783190224,0.556096179793996,"Brazil - Mato Grosso",0.01,"1.0%"
81,0.496980130318772,0.546019533888289,0.558184961848243,"Brazil - Mato Grosso",0.01,"1.0%"
82,0.498880038115335,0.548038193988427,0.559709845572545,"Brazil - Mato Grosso",0.01,"1.0%"
83,0.500758477897634,0.548676069216594,0.562038720340784,"Brazil - Mato Grosso",0.01,"1.0%"
84,0.502511547674786,0.551607739162756,0.563832034209294,"Brazil - Mato Grosso",0.01,"1.0%"
85,0.504014244350886,0.553157329513324,0.564982896467286,"Brazil - Mato Grosso",0.01,"1.0%"
86,0.505844119177474,0.556393150359609,0.56732463782994,"Brazil - Mato Grosso",0.01,"1.0%"
87,0.507644346637589,0.556370153184162,0.568767651696077,"Brazil - Mato Grosso",0.01,"1.0%"
88,0.509398435495262,0.557463834458403,0.569470312929691,"Brazil - Mato Grosso",0.01,"1.0%"
89,0.511110414933594,0.560034468059385,0.570570542603956,"Brazil - Mato Grosso",0.01,"1.0%"
90,0.512829463979875,0.561394599747445,0.571931720579333,"Brazil - Mato Grosso",0.01,"1.0%"
91,0.514404949559116,0.561579628867042,0.573679126839919,"Brazil - Mato Grosso",0.01,"1.0%"
92,0.516270545138963,0.564312705661407,0.576055205077348,"Brazil - Mato Grosso",0.01,"1.0%"
93,0.51778766380104,0.565608641701229,0.577509564008808,"Brazil - Mato Grosso",0.01,"1.0%"
94,0.519493710055232,0.566844835136856,0.578778612593586,"Brazil - Mato Grosso",0.01,"1.0%"
95,0.521052256360792,0.56888717855697,0.580795120832408,"Brazil - Mato Grosso",0.01,"1.0%"
96,0.52265450146363,0.570189699026005,0.582187946489885,"Brazil - Mato Grosso",0.01,"1.0%"
97,0.52400823977156,0.572754951572551,0.5833570142485,"Brazil - Mato Grosso",0.01,"1.0%"
98,0.525303846346092,0.573730186924031,0.584713941923987,"Brazil - Mato Grosso",0.01,"1.0%"
99,0.526925981826448,0.574535612344802,0.586040862410759,"Brazil - Mato Grosso",0.01,"1.0%"
100,0.528479227905884,0.57682061474247,0.588015539394594,"Brazil - Mato Grosso",0.01,"1.0%"
101,0.529647207453757,0.577426159810187,0.589535402917164,"Brazil - Mato Grosso",0.01,"1.0%"
102,0.531229905051374,0.579821474027336,0.591389354638203,"Brazil - Mato Grosso",0.01,"1.0%"
103,0.532678317082415,0.581242592922936,0.593220379809066,"Brazil - Mato Grosso",0.01,"1.0%"
104,0.534121413158274,0.583512286624964,0.594990745296742,"Brazil - Mato Grosso",0.01,"1.0%"
105,0.535202246169601,0.584130469602805,0.596130325681395,"Brazil - Mato Grosso",0.01,"1.0%"
106,0.536378072249027,0.585901086255768,0.59727243108099,"Brazil - Mato Grosso",0.01,"1.0%"
107,0.537916384529884,0.586576948094942,0.599098635610624,"Brazil - Mato Grosso",0.01,"1.0%"
108,0.539250259081672,0.587875511816268,0.599471001771906,"Brazil - Mato Grosso",0.01,"1.0%"
109,0.540663065366502,0.58765445943293,0.600356639942959,"Brazil - Mato Grosso",0.01,"1.0%"
110,0.542042415851713,0.589710526614714,0.602586178422803,"Brazil - Mato Grosso",0.01,"1.0%"
111,0.543522193559173,0.59281961679237,0.604349375980785,"Brazil - Mato Grosso",0.01,"1.0%"
112,0.544959231212793,0.593157420955736,0.60538051108899,"Brazil - Mato Grosso",0.01,"1.0%"
113,0.54654864361978,0.595077110655623,0.606825426830276,"Brazil - Mato Grosso",0.01,"1.0%"
114,0.548028101701178,0.59776588287278,0.60790562032118,"Brazil - Mato Grosso",0.01,"1.0%"
115,0.549227109488165,0.598941579422282,0.609172604244434,"Brazil - Mato Grosso",0.01,"1.0%"
116,0.550699812301484,0.600759678170977,0.610941381815311,"Brazil - Mato Grosso",0.01,"1.0%"
117,0.551836296019408,0.60148790745484,0.612649823449364,"Brazil - Mato Grosso",0.01,"1.0%"
118,0.552911843536852,0.602338233261834,0.61282691507914,"Brazil - Mato Grosso",0.01,"1.0%"
119,0.554239999102424,0.601964033859463,0.613686546187679,"Brazil - Mato Grosso",0.01,"1.0%"
120,0.555293449881084,0.603306353482648,0.614640481440626,"Brazil - Mato Grosso",0.01,"1.0%"
121,0.556353649021043,0.60459690806799,0.616395972036525,"Brazil - Mato Grosso",0.01,"1.0%"
122,0.557550089671891,0.607761880080167,0.618174337755578,"Brazil - Mato Grosso",0.01,"1.0%"
123,0.558684587986667,0.608645650178539,0.620030522900457,"Brazil - Mato Grosso",0.01,"1.0%"
124,0.55983500838084,0.609126343220537,0.620752581016853,"Brazil - Mato Grosso",0.01,"1.0%"
125,0.561007357589692,0.609603366934939,0.622157105735311,"Brazil - Mato Grosso",0.01,"1.0%"
126,0.562017197723306,0.611600920890772,0.623203125387233,"Brazil - Mato Grosso",0.01,"1.0%"
127,0.563336477881738,0.611810420199737,0.623635773841537,"Brazil - Mato Grosso",0.01,"1.0%"
128,0.564450107576748,0.613306209562385,0.625581997700875,"Brazil - Mato Grosso",0.01,"1.0%"
129,0.565748794120371,0.615798005002033,0.626778106195772,"Brazil - Mato Grosso",0.01,"1.0%"
130,0.567012424905461,0.616339201570432,0.627948165910758,"Brazil - Mato Grosso",0.01,"1.0%"
131,0.568314679640785,0.617845255999031,0.629032106030509,"Brazil - Mato Grosso",0.01,"1.0%"
132,0.569859766724336,0.619691895695628,0.630984270074985,"Brazil - Mato Grosso",0.01,"1.0%"
133,0.570946010764759,0.620282633392477,0.632190755456949,"Brazil - Mato Grosso",0.01,"1.0%"
134,0.572253934477574,0.622566099044479,0.634013982921675,"Brazil - Mato Grosso",0.01,"1.0%"
135,0.573206849065386,0.622246391144403,0.633741178328421,"Brazil - Mato Grosso",0.01,"1.0%"
136,0.57463037770316,0.623130223312528,0.635353942255614,"Brazil - Mato Grosso",0.01,"1.0%"
137,0.576037320642095,0.626272538573744,0.63720902288643,"Brazil - Mato Grosso",0.01,"1.0%"
138,0.57724012841687,0.626369826153051,0.637814373352344,"Brazil - Mato Grosso",0.01,"1.0%"
139,0.578139843614147,0.62758869921391,0.639181919803909,"Brazil - Mato Grosso",0.01,"1.0%"
140,0.579453496280356,0.629146011543212,0.641496017362375,"Brazil - Mato Grosso",0.01,"1.0%"
141,0.58059664970445,0.630668424193793,0.642365062891808,"Brazil - Mato Grosso",0.01,"1.0%"
142,0.581850832856724,0.632267999473,0.644340447754598,"Brazil - Mato Grosso",0.01,"1.0%"
143,0.58283175564301,0.632450742309884,0.644495770605229,"Brazil - Mato Grosso",0.01,"1.0%"
144,0.584012163951732,0.63377364541037,0.646296304899199,"Brazil - Mato Grosso",0.01,"1.0%"
145,0.585285364524103,0.634258704702035,0.646176009306894,"Brazil - Mato Grosso",0.01,"1.0%"
146,0.58659856281979,0.637259070119633,0.647649273173699,"Brazil - Mato Grosso",0.01,"1.0%"
147,0.587644595528235,0.637449364537875,0.649195360590419,"Brazil - Mato Grosso",0.01,"1.0%"
148,0.588688012226093,0.638791120288578,0.649927960711784,"Brazil - Mato Grosso",0.01,"1.0%"
149,0.589451750938616,0.639565066756452,0.651322028478311,"Brazil - Mato Grosso",0.01,"1.0%"
150,0.590428313674684,0.640011982861177,0.652401342451947,"Brazil - Mato Grosso",0.01,"1.0%"
151,0.591468286445792,0.640598805951951,0.652334398656822,"Brazil - Mato Grosso",0.01,"1.0%"
152,0.59286397495648,0.641866997004337,0.653313696497979,"Brazil - Mato Grosso",0.01,"1.0%"
153,0.593864905824167,0.642493724842244,0.654314405211951,"Brazil - Mato Grosso",0.01,"1.0%"
154,0.595005870737875,0.644354274211992,0.656003313538689,"Brazil - Mato Grosso",0.01,"1.0%"
155,0.596249261908855,0.64652862846112,0.658336745892683,"Brazil - Mato Grosso",0.01,"1.0%"
156,0.596951624975397,0.646329117904195,0.658292907084573,"Brazil - Mato Grosso",0.01,"1.0%"
157,0.59784592504018,0.648180346050312,0.659788276238055,"Brazil - Mato Grosso",0.01,"1.0%"
158,0.598861376412634,0.648919930810083,0.660598711104403,"Brazil - Mato Grosso",0.01,"1.0%"
159,0.599844419873444,0.650219379080343,0.662154517179954,"Brazil - Mato Grosso",0.01,"1.0%"
160,0.601228911693001,0.651860024686728,0.663627806738773,"Brazil - Mato Grosso",0.01,"1.0%"
161,0.60203818190016,0.65249654385718,0.664481107148736,"Brazil - Mato Grosso",0.01,"1.0%"
162,0.602918127653288,0.653335555375895,0.664071110603458,"Brazil - Mato Grosso",0.01,"1.0%"
163,0.603763107094399,0.654013401392521,0.66482980491493,"Brazil - Mato Grosso",0.01,"1.0%"
164,0.604635647944616,0.653889957977134,0.665204784257365,"Brazil - Mato Grosso",0.01,"1.0%"
165,0.605660013698768,0.655981977991773,0.667325437117027,"Brazil - Mato Grosso",0.01,"1.0%"
166,0.606539007653697,0.65715013279607,0.668320880337796,"Brazil - Mato Grosso",0.01,"1.0%"
167,0.607425075197477,0.657230372808132,0.668285886866535,"Brazil - Mato Grosso",0.01,"1.0%"
168,0.608690823961959,0.658144501651758,0.669423666567585,"Brazil - Mato Grosso",0.01,"1.0%"
169,0.609700104257961,0.659278215391565,0.669895980401538,"Brazil - Mato Grosso",0.01,"1.0%"
170,0.610843074885538,0.661287156720398,0.672167204179298,"Brazil - Mato Grosso",0.01,"1.0%"
171,0.611722759882044,0.660953408555218,0.673334325439954,"Brazil - Mato Grosso",0.01,"1.0%"
172,0.612748194200066,0.66294840583961,0.674885112233183,"Brazil - Mato Grosso",0.01,"1.0%"
173,0.613581394398473,0.664778000248722,0.675978059022477,"Brazil - Mato Grosso",0.01,"1.0%"
174,0.614607729158412,0.665645258066788,0.676572143172878,"Brazil - Mato Grosso",0.01,"1.0%"
175,0.615502589264065,0.664264582880653,0.676504470974371,"Brazil - Mato Grosso",0.01,"1.0%"
176,0.616709473915444,0.666178355880123,0.678129551291205,"Brazil - Mato Grosso",0.01,"1.0%"
177,0.617637954058746,0.667713980648399,0.679567105525414,"Brazil - Mato Grosso",0.01,"1.0%"
178,0.618490940022004,0.668035592199259,0.680265690568077,"Brazil - Mato Grosso",0.01,"1.0%"
179,0.619436326920481,0.670115797321672,0.682229004099907,"Brazil - Mato Grosso",0.01,"1.0%"
180,0.620187846914527,0.671509060713027,0.68265169007037,"Brazil - Mato Grosso",0.01,"1.0%"
181,0.62121428684464,0.671306156120878,0.684037721641386,"Brazil - Mato Grosso",0.01,"1.0%"
182,0.622102971763824,0.671816593603907,0.683918195868087,"Brazil - Mato Grosso",0.01,"1.0%"
183,0.622914452647473,0.671859994875003,0.684122890297768,"Brazil - Mato Grosso",0.01,"1.0%"
184,0.623925444178613,0.673540796257616,0.684121667579812,"Brazil - Mato Grosso",0.01,"1.0%"
185,0.624949873735501,0.673601077942911,0.684152308712606,"Brazil - Mato Grosso",0.01,"1.0%"
186,0.625798794072368,0.674078900940132,0.685420659690635,"Brazil - Mato Grosso",0.01,"1.0%"
187,0.626501489322696,0.676151805944914,0.686507042694743,"Brazil - Mato Grosso",0.01,"1.0%"
188,0.627200551432268,0.676185268379649,0.687039676499548,"Brazil - Mato Grosso",0.01,"1.0%"
189,0.628024707347899,0.678170440950394,0.688095074922461,"Brazil - Mato Grosso",0.01,"1.0%"
190,0.629128739793373,0.677691472518626,0.688699516940556,"Brazil - Mato Grosso",0.01,"1.0%"
191,0.629924348156284,0.678936454331738,0.689540098300554,"Brazil - Mato Grosso",0.01,"1.0%"
192,0.630830987020748,0.680658032367283,0.690461828146027,"Brazil - Mato Grosso",0.01,"1.0%"
193,0.631967326097553,0.681821180982303,0.692290609201345,"Brazil - Mato Grosso",0.01,"1.0%"
194,0.63267740655697,0.682257801424845,0.692782614334567,"Brazil - Mato Grosso",0.01,"1.0%"
195,0.63333298598892,0.682270020039761,0.693205773339629,"Brazil - Mato Grosso",0.01,"1.0%"
196,0.634064033235769,0.684231619374636,0.695278582673835,"Brazil - Mato Grosso",0.01,"1.0%"
197,0.635059195472139,0.683766480617959,0.695322756542011,"Brazil - Mato Grosso",0.01,"1.0%"
198,0.635951016472906,0.684342306487252,0.696069053118437,"Brazil - Mato Grosso",0.01,"1.0%"
199,0.637221498148078,0.686269919901929,0.697707155446177,"Brazil - Mato Grosso",0.01,"1.0%"
200,0.637868082865796,0.686877956899481,0.697861600161692,"Brazil - Mato Grosso",0.01,"1.0%"
1,0.000577031561650461,0.00484965508816682,0.00484965508816682,"Indonesia - Papua",0,"0%"
2,0.00111891102383004,0.00498375066670531,0.00566385956552391,"Indonesia - Papua",0,"0%"
3,0.00166461506757372,0.00557819000434683,0.00661970145102125,"Indonesia - Papua",0,"0%"
4,0.00217468788235118,0.00613945243727647,0.00755818778845712,"Indonesia - Papua",0,"0%"
5,0.00265137013268621,0.00682275270713271,0.00862844885035562,"Indonesia - Papua",0,"0%"
6,0.00313826277723483,0.00759903780954759,0.00966270983287407,"Indonesia - Papua",0,"0%"
7,0.0036014651678866,0.00824325389888632,0.0104095582171878,"Indonesia - Papua",0,"0%"
8,0.0040852856417042,0.00934811882192642,0.0113819636225483,"Indonesia - Papua",0,"0%"
9,0.00452822245056398,0.0104163489456949,0.0120556027415535,"Indonesia - Papua",0,"0%"
10,0.0049996476085858,0.0110520629180176,0.0127941585683743,"Indonesia - Papua",0,"0%"
11,0.00545832592456613,0.0115392790801838,0.013362170131511,"Indonesia - Papua",0,"0%"
12,0.00587891500388114,0.0119941709184943,0.0139901976308653,"Indonesia - Papua",0,"0%"
13,0.00633968040438272,0.0125650875092962,0.0146327295728064,"Indonesia - Papua",0,"0%"
14,0.00678772494037415,0.0130501945836244,0.0153506296589734,"Indonesia - Papua",0,"0%"
15,0.00722098724156392,0.0136219387743053,0.016000538203674,"Indonesia - Papua",0,"0%"
16,0.00761484028780043,0.0141370970975347,0.0165526647527082,"Indonesia - Papua",0,"0%"
17,0.00805445040908144,0.0146933140652525,0.0172122575432191,"Indonesia - Papua",0,"0%"
18,0.00847689608409581,0.0155100178726457,0.0177764340330467,"Indonesia - Papua",0,"0%"
19,0.00888597055286669,0.015952814686781,0.0182834466750262,"Indonesia - Papua",0,"0%"
20,0.00929443926673314,0.0164661969200431,0.0187784794360438,"Indonesia - Papua",0,"0%"
21,0.00967154628207497,0.0171377034000191,0.0192864347545379,"Indonesia - Papua",0,"0%"
22,0.0100626704972499,0.017448881113276,0.0197151521628761,"Indonesia - Papua",0,"0%"
23,0.0104352407643285,0.0177409623200938,0.0201197385071725,"Indonesia - Papua",0,"0%"
24,0.0108117752321791,0.0182390516286751,0.0205709571876301,"Indonesia - Papua",0,"0%"
25,0.0111968864812062,0.0186336977431434,0.0209096216113044,"Indonesia - Papua",0,"0%"
26,0.0115717961005152,0.0193145541371888,0.0214840612683025,"Indonesia - Papua",0,"0%"
27,0.0119269679382258,0.0197730155716298,0.0220029353801783,"Indonesia - Papua",0,"0%"
28,0.0122655712437475,0.0201405562805885,0.022361588644701,"Indonesia - Papua",0,"0%"
29,0.0126085460467754,0.0204203645696611,0.0227215213834378,"Indonesia - Papua",0,"0%"
30,0.0129523023054623,0.0208555767908915,0.0232997747869911,"Indonesia - Papua",0,"0%"
31,0.0132833108965583,0.0213829993308463,0.0237727281304943,"Indonesia - Papua",0,"0%"
32,0.0136250100351446,0.0217098344814284,0.0241422771538027,"Indonesia - Papua",0,"0%"
33,0.0139610186717044,0.021993533218383,0.0245090817790606,"Indonesia - Papua",0,"0%"
34,0.0142786501532768,0.0224718640908034,0.0250267734063747,"Indonesia - Papua",0,"0%"
35,0.0145896479279111,0.0228291784355063,0.0252917055479756,"Indonesia - Papua",0,"0%"
36,0.0149237899911666,0.0232222843897962,0.0258698887628855,"Indonesia - Papua",0,"0%"
37,0.0152173393455272,0.0236388521462492,0.0263121427083613,"Indonesia - Papua",0,"0%"
38,0.0155227108669301,0.0240668747177503,0.0266305527019087,"Indonesia - Papua",0,"0%"
39,0.0158444072685158,0.0245105816515418,0.0272174143165573,"Indonesia - Papua",0,"0%"
40,0.0161443933027993,0.0250028458595657,0.0276581844831662,"Indonesia - Papua",0,"0%"
41,0.0164013816566858,0.0252440005262502,0.0279452686975467,"Indonesia - Papua",0,"0%"
42,0.0166677920194505,0.0254741635714724,0.0282272886557609,"Indonesia - Papua",0,"0%"
43,0.0169473552824715,0.0256635168673521,0.0284301856603624,"Indonesia - Papua",0,"0%"
44,0.0172399417874595,0.0260519327504858,0.028750305343231,"Indonesia - Papua",0,"0%"
45,0.0175171627381757,0.0263264838255303,0.0290171556265004,"Indonesia - Papua",0,"0%"
46,0.0177836023487886,0.0265597297543423,0.0293311138130192,"Indonesia - Papua",0,"0%"
47,0.018047133429281,0.0268289277701133,0.0297490028034786,"Indonesia - Papua",0,"0%"
48,0.0183182914206222,0.0271395169898745,0.0299989428958503,"Indonesia - Papua",0,"0%"
49,0.0185453422098931,0.0275642133347309,0.0302377649085578,"Indonesia - Papua",0,"0%"
50,0.018787670236198,0.0278414651837858,0.0306143406628957,"Indonesia - Papua",0,"0%"
51,0.0190491953201996,0.0282114337870642,0.0310326104226797,"Indonesia - Papua",0,"0%"
52,0.0193263978854331,0.0285284039584744,0.0313591489826966,"Indonesia - Papua",0,"0%"
53,0.0195423897135766,0.0287565183026155,0.031612196338278,"Indonesia - Papua",0,"0%"
54,0.0198084772589589,0.0291520318024189,0.0319186296277546,"Indonesia - Papua",0,"0%"
55,0.0200490602927338,0.0294617465335985,0.0321635590230515,"Indonesia - Papua",0,"0%"
56,0.0202796601866057,0.0295454823550382,0.0324523493431005,"Indonesia - Papua",0,"0%"
57,0.0205199592908541,0.0298742806933024,0.0326751165938201,"Indonesia - Papua",0,"0%"
58,0.0207333073320842,0.0301105809627711,0.032932897406215,"Indonesia - Papua",0,"0%"
59,0.0209781715144028,0.03045425584678,0.0332814075668083,"Indonesia - Papua",0,"0%"
60,0.0212009200122844,0.0306751035785049,0.0335438655413903,"Indonesia - Papua",0,"0%"
61,0.0214221740665484,0.0309636091161097,0.0337760004682995,"Indonesia - Papua",0,"0%"
62,0.021637105554519,0.0310652365301991,0.0339043580819082,"Indonesia - Papua",0,"0%"
63,0.0218522025901392,0.0312199900067603,0.0342173580500838,"Indonesia - Papua",0,"0%"
64,0.0220376016325036,0.0314916894859832,0.0343841776673555,"Indonesia - Papua",0,"0%"
65,0.0222703374742272,0.0318480330859075,0.0347094356145429,"Indonesia - Papua",0,"0%"
66,0.0224651622834137,0.0320060928917131,0.0348839380643189,"Indonesia - Papua",0,"0%"
67,0.0226723190079082,0.0321640423194584,0.0351095920136861,"Indonesia - Papua",0,"0%"
68,0.022870667473392,0.0324359416897828,0.0353527871094772,"Indonesia - Papua",0,"0%"
69,0.0230494235017452,0.032772830332376,0.0355740741958919,"Indonesia - Papua",0,"0%"
70,0.0232186713490384,0.0327488202090227,0.0358467068054581,"Indonesia - Papua",0,"0%"
71,0.0233854490293753,0.0330106135920095,0.0359352616904634,"Indonesia - Papua",0,"0%"
72,0.0235572254996909,0.0332026589880927,0.0361283812935318,"Indonesia - Papua",0,"0%"
73,0.0237080752059672,0.0334584774131922,0.036287462807873,"Indonesia - Papua",0,"0%"
74,0.0238748943815658,0.033673159836632,0.0365105462283554,"Indonesia - Papua",0,"0%"
75,0.0240231909099577,0.0338252013631817,0.0366942459887986,"Indonesia - Papua",0,"0%"
76,0.0242027884757567,0.0339805064931005,0.0368631236874007,"Indonesia - Papua",0,"0%"
77,0.0243615488333213,0.034178064102945,0.0370900580938951,"Indonesia - Papua",0,"0%"
78,0.024512588507597,0.0345120527432915,0.0372541272647573,"Indonesia - Papua",0,"0%"
79,0.0246894892321056,0.0346438406645101,0.0374502348729462,"Indonesia - Papua",0,"0%"
80,0.0248488560199419,0.0346909248149085,0.0376021072487467,"Indonesia - Papua",0,"0%"
81,0.0249703432960422,0.0348076681184457,0.0376839755824,"Indonesia - Papua",0,"0%"
82,0.0251067171674013,0.034878206882213,0.0378437145025816,"Indonesia - Papua",0,"0%"
83,0.0252726324110388,0.0349881814205505,0.0379955395128821,"Indonesia - Papua",0,"0%"
84,0.0254314578959787,0.0352360820295567,0.0382121989954987,"Indonesia - Papua",0,"0%"
85,0.0255699304723907,0.0353993578053088,0.0384183861381114,"Indonesia - Papua",0,"0%"
86,0.0257120045607538,0.0353508022102626,0.0385311454953063,"Indonesia - Papua",0,"0%"
87,0.0258551890760908,0.0356840718550958,0.0387054361672983,"Indonesia - Papua",0,"0%"
88,0.0259926464174731,0.0358494560152772,0.0389201825575999,"Indonesia - Papua",0,"0%"
89,0.0261427619176636,0.0359803444499563,0.0390162923161585,"Indonesia - Papua",0,"0%"
90,0.0262978945243353,0.0362017821456243,0.0391700848638721,"Indonesia - Papua",0,"0%"
91,0.026439915710641,0.0362788870138925,0.0392195935272771,"Indonesia - Papua",0,"0%"
92,0.0265465594041877,0.0363539936273461,0.0393286680842434,"Indonesia - Papua",0,"0%"
93,0.0266638426444392,0.0364623654429278,0.0393107888291384,"Indonesia - Papua",0,"0%"
94,0.026767195160304,0.0367018460148737,0.0394978266892984,"Indonesia - Papua",0,"0%"
95,0.0268811827341513,0.0369274804760086,0.0395523107379036,"Indonesia - Papua",0,"0%"
96,0.0270093269306238,0.0369357741027595,0.0397709521374456,"Indonesia - Papua",0,"0%"
97,0.0271464844808606,0.0370752247650121,0.0399054086611165,"Indonesia - Papua",0,"0%"
98,0.0272542774855796,0.0372780825986998,0.0400448763793099,"Indonesia - Papua",0,"0%"
99,0.0273730219686978,0.0375446026329929,0.0402250320350656,"Indonesia - Papua",0,"0%"
100,0.0275048798409085,0.0375365352803602,0.0402537298181372,"Indonesia - Papua",0,"0%"
101,0.0276269118128201,0.0376135715492022,0.0403010870172034,"Indonesia - Papua",0,"0%"
102,0.027742136763513,0.0376261395753558,0.0404096005767735,"Indonesia - Papua",0,"0%"
103,0.0278641571687151,0.0377469718745723,0.040575612171218,"Indonesia - Papua",0,"0%"
104,0.0279630874992126,0.0378718574429458,0.040814961776683,"Indonesia - Papua",0,"0%"
105,0.0280537977254376,0.0378717693701948,0.040887451453421,"Indonesia - Papua",0,"0%"
106,0.0281671844408579,0.0379850539131949,0.0410196083417842,"Indonesia - Papua",0,"0%"
107,0.0282862532987599,0.0382209312020593,0.0410921179121795,"Indonesia - Papua",0,"0%"
108,0.0284173229144931,0.0383031247336796,0.0412083964165472,"Indonesia - Papua",0,"0%"
109,0.0285154205310236,0.0384621451082819,0.0414521204374368,"Indonesia - Papua",0,"0%"
110,0.0286115255926927,0.038777938298859,0.0417013703489718,"Indonesia - Papua",0,"0%"
111,0.0287234723625711,0.0387700151108522,0.0418207572647209,"Indonesia - Papua",0,"0%"
112,0.0287958181369982,0.0387556217984637,0.0419105166377043,"Indonesia - Papua",0,"0%"
113,0.0289119631724546,0.0389360959522084,0.0421069986536355,"Indonesia - Papua",0,"0%"
114,0.029013761533976,0.0387550011099947,0.0421292982307017,"Indonesia - Papua",0,"0%"
115,0.02911196664941,0.0389456716376282,0.0422380976464663,"Indonesia - Papua",0,"0%"
116,0.0291968664591132,0.038999274099729,0.0422790431924697,"Indonesia - Papua",0,"0%"
117,0.02928717640077,0.0391733978409192,0.0423874062977814,"Indonesia - Papua",0,"0%"
118,0.0293616410682938,0.0394643641831524,0.0424337005074501,"Indonesia - Papua",0,"0%"
119,0.029459130438746,0.0393852328670389,0.0425368907798908,"Indonesia - Papua",0,"0%"
120,0.0295589742257748,0.0395288379798542,0.0425998059699629,"Indonesia - Papua",0,"0%"
121,0.0296387725877024,0.0394998815100584,0.0426350009678957,"Indonesia - Papua",0,"0%"
122,0.0297381658657811,0.0396512668269141,0.0426629156555061,"Indonesia - Papua",0,"0%"
123,0.0298236410900092,0.0397918233840399,0.0426371558354527,"Indonesia - Papua",0,"0%"
124,0.0299069625707584,0.0397915027014247,0.0426469384591346,"Indonesia - Papua",0,"0%"
125,0.0299759296450913,0.0398777296165508,0.042822899520447,"Indonesia - Papua",0,"0%"
126,0.0300797781392102,0.0399542382271468,0.042862924031943,"Indonesia - Papua",0,"0%"
127,0.0301575519762132,0.040096323291228,0.0430266727860871,"Indonesia - Papua",0,"0%"
128,0.0302549707537296,0.0401579287868569,0.0431054284175023,"Indonesia - Papua",0,"0%"
129,0.0303195012602953,0.0401261205717203,0.0431442473045756,"Indonesia - Papua",0,"0%"
130,0.0303927668682865,0.0402949748282427,0.0432529736563457,"Indonesia - Papua",0,"0%"
131,0.0304706505949956,0.0403703031422105,0.0433693021411919,"Indonesia - Papua",0,"0%"
132,0.0305449848113586,0.0404072694329678,0.043513017299129,"Indonesia - Papua",0,"0%"
133,0.0306270744347767,0.0406115710498059,0.0437433762055978,"Indonesia - Papua",0,"0%"
134,0.0307031724716063,0.040605709228432,0.0437877936652385,"Indonesia - Papua",0,"0%"
135,0.0308008862095182,0.040713157442238,0.0439297310981895,"Indonesia - Papua",0,"0%"
136,0.0308712398804742,0.0408671843331489,0.0440503826446403,"Indonesia - Papua",0,"0%"
137,0.0309246414063108,0.0407921800218783,0.0441238933484587,"Indonesia - Papua",0,"0%"
138,0.031001160763522,0.0407743717972076,0.0442688867072763,"Indonesia - Papua",0,"0%"
139,0.0310796390342044,0.0410642256886881,0.0443564590718367,"Indonesia - Papua",0,"0%"
140,0.0311484986063409,0.0412003496786085,0.0443852886998048,"Indonesia - Papua",0,"0%"
141,0.0312119735903622,0.0413434209653208,0.044418973178796,"Indonesia - Papua",0,"0%"
142,0.0312760048744282,0.041463688804894,0.0444799141663472,"Indonesia - Papua",0,"0%"
143,0.0313435013451892,0.0415961631742174,0.0445264207554844,"Indonesia - Papua",0,"0%"
144,0.0314102643231532,0.0416201973724531,0.0446916553160453,"Indonesia - Papua",0,"0%"
145,0.0314834304601223,0.0416088153220343,0.0447142464801075,"Indonesia - Papua",0,"0%"
146,0.0315142035063914,0.0416435313682527,0.0447423300815321,"Indonesia - Papua",0,"0%"
147,0.031567305915751,0.0417016644587388,0.0447548477157755,"Indonesia - Papua",0,"0%"
148,0.0316310226403288,0.0418642672628692,0.0448228495750181,"Indonesia - Papua",0,"0%"
149,0.0316851951488293,0.0419783590237055,0.0448826134451593,"Indonesia - Papua",0,"0%"
150,0.0317201376712048,0.0418639933083044,0.0447460019772234,"Indonesia - Papua",0,"0%"
151,0.0317789564862412,0.0419389882636592,0.0448700780438633,"Indonesia - Papua",0,"0%"
152,0.0318336076878193,0.0420050306366046,0.0449675216819837,"Indonesia - Papua",0,"0%"
153,0.0318897903676021,0.042032056120576,0.045073111271943,"Indonesia - Papua",0,"0%"
154,0.0319294164651771,0.0420141398511515,0.0450779499307691,"Indonesia - Papua",0,"0%"
155,0.0319548071126542,0.0421659083906489,0.0451793531424584,"Indonesia - Papua",0,"0%"
156,0.0320137762920755,0.0422112992742209,0.0451751775829656,"Indonesia - Papua",0,"0%"
157,0.0320425192038838,0.0421993412201516,0.0452069810944974,"Indonesia - Papua",0,"0%"
158,0.0320842929791438,0.0422637868049581,0.0452159007393703,"Indonesia - Papua",0,"0%"
159,0.0321263635127189,0.0423487340470827,0.0452791786755378,"Indonesia - Papua",0,"0%"
160,0.0321747250017069,0.0423239024629405,0.0453528405826353,"Indonesia - Papua",0,"0%"
161,0.0322182959626377,0.0422859045014695,0.0452684198959177,"Indonesia - Papua",0,"0%"
162,0.0322680671919186,0.0421507693365228,0.0452133502338979,"Indonesia - Papua",0,"0%"
163,0.0322932133532203,0.042185950516293,0.0452007973012289,"Indonesia - Papua",0,"0%"
164,0.0323545448877745,0.0422849973326214,0.0452333660862497,"Indonesia - Papua",0,"0%"
165,0.0323715745123881,0.0422028526770982,0.0450789742254872,"Indonesia - Papua",0,"0%"
166,0.0324187439284483,0.0421518654120249,0.0450035756767749,"Indonesia - Papua",0,"0%"
167,0.0324417066093076,0.0422113105289646,0.0450202665152975,"Indonesia - Papua",0,"0%"
168,0.0324798012685865,0.0421901194084464,0.0452343355586011,"Indonesia - Papua",0,"0%"
169,0.0325267475996394,0.0425124192715577,0.045339641587957,"Indonesia - Papua",0,"0%"
170,0.0325630175315341,0.0423914036166263,0.0454161790608053,"Indonesia - Papua",0,"0%"
171,0.0325833007387913,0.0425521401972059,0.0454892592186093,"Indonesia - Papua",0,"0%"
172,0.0326117512124974,0.0425372612785122,0.0455375989496672,"Indonesia - Papua",0,"0%"
173,0.0326360907254534,0.04261592271813,0.045677722207802,"Indonesia - Papua",0,"0%"
174,0.0326751410781723,0.0426153777646185,0.0456484739916677,"Indonesia - Papua",0,"0%"
175,0.0327170605390508,0.0427165251983612,0.0456913860548504,"Indonesia - Papua",0,"0%"
176,0.0327447928822143,0.0426696778087794,0.0456577205871982,"Indonesia - Papua",0,"0%"
177,0.0327912850548774,0.042873227627551,0.0457216762922323,"Indonesia - Papua",0,"0%"
178,0.0328174379618205,0.0427137119054766,0.0456555746965583,"Indonesia - Papua",0,"0%"
179,0.0328527661859166,0.0427135331783137,0.045764126776985,"Indonesia - Papua",0,"0%"
180,0.032873631777777,0.0428521743696946,0.0457635431246268,"Indonesia - Papua",0,"0%"
181,0.0328907065124003,0.04279404399467,0.0457584318572027,"Indonesia - Papua",0,"0%"
182,0.0329391399417216,0.0428040553285619,0.0459227691677474,"Indonesia - Papua",0,"0%"
183,0.0329674806145262,0.0427469581696349,0.0458385162930789,"Indonesia - Papua",0,"0%"
184,0.0330086209303887,0.0427000268409289,0.0458693335485264,"Indonesia - Papua",0,"0%"
185,0.0330592716583037,0.0429059564037014,0.0460473909864733,"Indonesia - Papua",0,"0%"
186,0.0331014464773287,0.0430397946271556,0.0460734600099909,"Indonesia - Papua",0,"0%"
187,0.0331343979319661,0.0430970592322386,0.0461058326957749,"Indonesia - Papua",0,"0%"
188,0.0331659188927843,0.0430990948929763,0.0460741927649036,"Indonesia - Papua",0,"0%"
189,0.0332291971385229,0.0432226991921155,0.0460614263806927,"Indonesia - Papua",0,"0%"
190,0.0332597738712726,0.0431449672595469,0.0462041321344606,"Indonesia - Papua",0,"0%"
191,0.0332687898169441,0.0431064101649431,0.0462570911038375,"Indonesia - Papua",0,"0%"
192,0.0333139365239794,0.0432384040248952,0.0461959303008555,"Indonesia - Papua",0,"0%"
193,0.0333508059706816,0.0432484812380647,0.0461273956868802,"Indonesia - Papua",0,"0%"
194,0.0333634292006993,0.0432902503437384,0.0462002786284817,"Indonesia - Papua",0,"0%"
195,0.0333879759919421,0.043274953939841,0.0462226165463054,"Indonesia - Papua",0,"0%"
196,0.0334273586509156,0.0432147855622512,0.0462340711864491,"Indonesia - Papua",0,"0%"
197,0.0334362368319101,0.0432847542586674,0.0461417157103686,"Indonesia - Papua",0,"0%"
198,0.0334648076928625,0.0434627108722784,0.0461831044906288,"Indonesia - Papua",0,"0%"
199,0.0334758775087885,0.0434598541156514,0.0461223623652087,"Indonesia - Papua",0,"0%"
200,0.0335192668213669,0.043567076280491,0.04610229867123,"Indonesia - Papua",0,"0%"
1,0.000577031561650461,0.00484965508816682,0.00484965508816682,"Indonesia - Papua",0.005,"0.5%"
2,0.00112166281745719,0.00500799562574283,0.00567913629734214,"Indonesia - Papua",0.005,"0.5%"
3,0.00167294629240328,0.00558549557635591,0.00665623010853234,"Indonesia - Papua",0.005,"0.5%"
4,0.00219091012826826,0.00619585986007735,0.00761623929710627,"Indonesia - Papua",0.005,"0.5%"
5,0.00267751827095945,0.00689475716977963,0.008717359187907,"Indonesia - Papua",0.005,"0.5%"
6,0.00317715946550412,0.00768790805334771,0.00978269331273612,"Indonesia - Papua",0.005,"0.5%"
7,0.00365505028495089,0.00834803073592833,0.0105623886516228,"Indonesia - Papua",0.005,"0.5%"
8,0.00415683945461916,0.00948787332385956,0.0115794624189505,"Indonesia - Papua",0.005,"0.5%"
9,0.00461880642559973,0.010637864038931,0.0123030653119372,"Indonesia - Papua",0.005,"0.5%"
10,0.00511305710359043,0.0113042524164257,0.013093506086432,"Indonesia - Papua",0.005,"0.5%"
11,0.00559661295025621,0.0118635258867206,0.0137080628448309,"Indonesia - Papua",0.005,"0.5%"
12,0.00604263958004812,0.0123396972985439,0.0143926493043844,"Indonesia - Papua",0.005,"0.5%"
13,0.00653373439192471,0.0129008435206057,0.0150998943101165,"Indonesia - Papua",0.005,"0.5%"
14,0.00701399020124972,0.0134977841599246,0.0158903459600521,"Indonesia - Papua",0.005,"0.5%"
15,0.00748110773277909,0.0141672378797354,0.0165994525879792,"Indonesia - Papua",0.005,"0.5%"
16,0.00790849245295501,0.0146636147886437,0.0172228432745669,"Indonesia - Papua",0.005,"0.5%"
17,0.00838773377081569,0.0153143198439051,0.0179562903271203,"Indonesia - Papua",0.005,"0.5%"
18,0.00885105639361708,0.0162142068700454,0.018594065883825,"Indonesia - Papua",0.005,"0.5%"
19,0.00930244334538904,0.016645634035782,0.0191687824049431,"Indonesia - Papua",0.005,"0.5%"
20,0.00975575780730472,0.0173358092667749,0.0197459622877977,"Indonesia - Papua",0.005,"0.5%"
21,0.0101771904045565,0.0180443200730627,0.0203371248447515,"Indonesia - Papua",0.005,"0.5%"
22,0.0106165779541574,0.0184779847059438,0.020838149716482,"Indonesia - Papua",0.005,"0.5%"
23,0.0110379417349285,0.0187938156731864,0.0213182976623213,"Indonesia - Papua",0.005,"0.5%"
24,0.0114662008160413,0.0193745150627716,0.0218573378388919,"Indonesia - Papua",0.005,"0.5%"
25,0.0119065793641627,0.0198872668886049,0.0222740779991369,"Indonesia - Papua",0.005,"0.5%"
26,0.0123380505691993,0.0206171610193708,0.0229778693226945,"Indonesia - Papua",0.005,"0.5%"
27,0.0127497735946244,0.0212104636788771,0.0236054577903787,"Indonesia - Papua",0.005,"0.5%"
28,0.0131451733464903,0.0216003911893245,0.0240627253055846,"Indonesia - Papua",0.005,"0.5%"
29,0.013547944333073,0.0220068711710776,0.0245109057698032,"Indonesia - Papua",0.005,"0.5%"
30,0.0139540235419305,0.0226287047911384,0.0252066824632561,"Indonesia - Papua",0.005,"0.5%"
31,0.0143478969366766,0.0231511285456164,0.0257917522060894,"Indonesia - Papua",0.005,"0.5%"
32,0.0147565000431598,0.0236849986897937,0.0262705332600933,"Indonesia - Papua",0.005,"0.5%"
33,0.0151609634689064,0.0240076764008341,0.0267251523071901,"Indonesia - Papua",0.005,"0.5%"
34,0.0155464806024434,0.0245461657323191,0.0273726239256919,"Indonesia - Papua",0.005,"0.5%"
35,0.0159266159026417,0.0250804788107961,0.0277362419338378,"Indonesia - Papua",0.005,"0.5%"
36,0.016336232470616,0.0255224161478291,0.0284696585935429,"Indonesia - Papua",0.005,"0.5%"
37,0.0167004618605404,0.0260727676333347,0.0290390592309598,"Indonesia - Papua",0.005,"0.5%"
38,0.0170809677368707,0.0264886707384882,0.0294697328604895,"Indonesia - Papua",0.005,"0.5%"
39,0.0174831691872216,0.0270736571848438,0.0302278140249649,"Indonesia - Papua",0.005,"0.5%"
40,0.0178619003428941,0.0277701480709476,0.0308034155152545,"Indonesia - Papua",0.005,"0.5%"
41,0.0181914574190048,0.0281188778886595,0.0311971283255638,"Indonesia - Papua",0.005,"0.5%"
42,0.0185344778843873,0.0284217056953683,0.0315911314125482,"Indonesia - Papua",0.005,"0.5%"
43,0.0188955564205106,0.0287794531748529,0.0318897435762893,"Indonesia - Papua",0.005,"0.5%"
44,0.0192746647329885,0.0292689645593121,0.0323515817394935,"Indonesia - Papua",0.005,"0.5%"
45,0.0196373529486519,0.0296282745320716,0.0327435673862687,"Indonesia - Papua",0.005,"0.5%"
46,0.0199891147879983,0.030000973952307,0.0332073847614432,"Indonesia - Papua",0.005,"0.5%"
47,0.0203395006288997,0.0305110166865734,0.0337726550459428,"Indonesia - Papua",0.005,"0.5%"
48,0.020701483592612,0.0309378773743688,0.0341542628931497,"Indonesia - Papua",0.005,"0.5%"
49,0.0210111277544097,0.031348771866701,0.0345099884743996,"Indonesia - Papua",0.005,"0.5%"
50,0.0213417229378316,0.0318099767880662,0.0350601649145172,"Indonesia - Papua",0.005,"0.5%"
51,0.0216983354712621,0.0323005819280597,0.0356617734260567,"Indonesia - Papua",0.005,"0.5%"
52,0.0220767782966849,0.0327704597948717,0.0361362211242855,"Indonesia - Papua",0.005,"0.5%"
53,0.0223805846745748,0.0332210950925228,0.0365378683458885,"Indonesia - Papua",0.005,"0.5%"
54,0.0227495358508032,0.0338099715422609,0.0369919131124369,"Indonesia - Papua",0.005,"0.5%"
55,0.0230884178464876,0.0340947877648845,0.03737565946351,"Indonesia - Papua",0.005,"0.5%"
56,0.0234167095866994,0.0344154479734275,0.0378101208357437,"Indonesia - Papua",0.005,"0.5%"
57,0.023759451367011,0.0348753154952891,0.0381673602891831,"Indonesia - Papua",0.005,"0.5%"
58,0.0240697469961802,0.0351777411330932,0.0385601321153274,"Indonesia - Papua",0.005,"0.5%"
59,0.024422536494008,0.0357994372585847,0.0390869019611293,"Indonesia - Papua",0.005,"0.5%"
60,0.0247489180988526,0.036087192657359,0.0395093045219722,"Indonesia - Papua",0.005,"0.5%"
61,0.0250753846318079,0.0364075163914753,0.0399063976952366,"Indonesia - Papua",0.005,"0.5%"
62,0.0253956203484923,0.0368097293110876,0.0401767747579756,"Indonesia - Papua",0.005,"0.5%"
63,0.0257180662722168,0.0371164673318183,0.0406564411477896,"Indonesia - Papua",0.005,"0.5%"
64,0.0260035657761909,0.0375899058528418,0.0409619911195767,"Indonesia - Papua",0.005,"0.5%"
65,0.0263531272751284,0.0379390415765467,0.0414611990268174,"Indonesia - Papua",0.005,"0.5%"
66,0.0266547365369594,0.0383347645951227,0.041786967249178,"Indonesia - Papua",0.005,"0.5%"
67,0.0269745842690894,0.0385374423406442,0.0421670906364288,"Indonesia - Papua",0.005,"0.5%"
68,0.0272846567216332,0.038993474868065,0.0426159837341157,"Indonesia - Papua",0.005,"0.5%"
69,0.027570441234126,0.0394544844095637,0.04301976971119,"Indonesia - Papua",0.005,"0.5%"
70,0.0278453169151168,0.0396129079226765,0.0434963376728226,"Indonesia - Papua",0.005,"0.5%"
71,0.0281186644796568,0.040026341267872,0.0436819357830472,"Indonesia - Papua",0.005,"0.5%"
72,0.0284004530425472,0.0403792898341595,0.0440535653182043,"Indonesia - Papua",0.005,"0.5%"
73,0.0286557143529443,0.0406729171289867,0.0443634530564388,"Indonesia - Papua",0.005,"0.5%"
74,0.0289342761057054,0.0410621765219462,0.0447653238586762,"Indonesia - Papua",0.005,"0.5%"
75,0.0291893459504011,0.0412573357710646,0.0450993649252119,"Indonesia - Papua",0.005,"0.5%"
76,0.0294888716018982,0.0419927407720888,0.0454292072226905,"Indonesia - Papua",0.005,"0.5%"
77,0.0297615540219327,0.0422340826119771,0.0458143378405482,"Indonesia - Papua",0.005,"0.5%"
78,0.0300252990550472,0.0426605786390497,0.0461419406393409,"Indonesia - Papua",0.005,"0.5%"
79,0.0303264001039055,0.0428642226284701,0.0465202113128297,"Indonesia - Papua",0.005,"0.5%"
80,0.0306049456761658,0.0431037156551071,0.0468482559218732,"Indonesia - Papua",0.005,"0.5%"
81,0.0308324876908958,0.0433912677911247,0.047069110933967,"Indonesia - Papua",0.005,"0.5%"
82,0.0310823231198154,0.0434913253134981,0.0473839366184234,"Indonesia - Papua",0.005,"0.5%"
83,0.0313750893955888,0.0438268342872984,0.0477247290741372,"Indonesia - Papua",0.005,"0.5%"
84,0.0316595855593242,0.0442751146043729,0.0481164664639459,"Indonesia - Papua",0.005,"0.5%"
85,0.0319169933879928,0.0444470580761625,0.0485175915984528,"Indonesia - Papua",0.005,"0.5%"
86,0.032181085714403,0.044722471278567,0.048817603530583,"Indonesia - Papua",0.005,"0.5%"
87,0.032448264849683,0.0452750545555261,0.0491873305913803,"Indonesia - Papua",0.005,"0.5%"
88,0.0327088693570542,0.0456240350135608,0.049634528095258,"Indonesia - Papua",0.005,"0.5%"
89,0.032989200082779,0.0459144649230646,0.0499005960949211,"Indonesia - Papua",0.005,"0.5%"
90,0.0332782079385681,0.0464392230617335,0.0502485674059245,"Indonesia - Papua",0.005,"0.5%"
91,0.0335499983124928,0.0465612902766335,0.0504160314046447,"Indonesia - Papua",0.005,"0.5%"
92,0.0337721718653548,0.0468099260530316,0.0506734445872952,"Indonesia - Papua",0.005,"0.5%"
93,0.0340112218816686,0.0471044539383771,0.0507787502061471,"Indonesia - Papua",0.005,"0.5%"
94,0.0342313758414665,0.0474042550468279,0.0511420157211732,"Indonesia - Papua",0.005,"0.5%"
95,0.0344683725315201,0.0477942503584067,0.0513204715327282,"Indonesia - Papua",0.005,"0.5%"
96,0.0347274748211215,0.0479874759155403,0.0517629132138968,"Indonesia - Papua",0.005,"0.5%"
97,0.0350012940439797,0.0483332369436305,0.0520761651455469,"Indonesia - Papua",0.005,"0.5%"
98,0.0352333021089085,0.0484981502436447,0.0524073152472681,"Indonesia - Papua",0.005,"0.5%"
99,0.0354827658449616,0.0490802304796626,0.0528390004646208,"Indonesia - Papua",0.005,"0.5%"
100,0.0357532413811123,0.0493577001836902,0.0530023092325732,"Indonesia - Papua",0.005,"0.5%"
101,0.0360105353894774,0.0496453080756407,0.0532070221377451,"Indonesia - Papua",0.005,"0.5%"
102,0.0362590619205793,0.049647232850168,0.0534924256021497,"Indonesia - Papua",0.005,"0.5%"
103,0.0365190597162707,0.0499566141181678,0.0538773108600725,"Indonesia - Papua",0.005,"0.5%"
104,0.0367457123126401,0.0501730349908749,0.0544219487459797,"Indonesia - Papua",0.005,"0.5%"
105,0.036961333202533,0.0505844857658806,0.0546739878476196,"Indonesia - Papua",0.005,"0.5%"
106,0.03721242175751,0.0508269523840421,0.0549556409458148,"Indonesia - Papua",0.005,"0.5%"
107,0.0374734953007592,0.0512437463103853,0.0551897803765913,"Indonesia - Papua",0.005,"0.5%"
108,0.0377541126084545,0.051583473040297,0.055489030024856,"Indonesia - Papua",0.005,"0.5%"
109,0.0379857981574836,0.0518562112951593,0.0559859217100452,"Indonesia - Papua",0.005,"0.5%"
110,0.0382156739645183,0.0523281087426623,0.0564872329467883,"Indonesia - Papua",0.005,"0.5%"
111,0.0384712788613348,0.0524031680987423,0.0567960444415922,"Indonesia - Papua",0.005,"0.5%"
112,0.038667052724107,0.0525207439913219,0.0571173046661079,"Indonesia - Papua",0.005,"0.5%"
113,0.0389315876369336,0.0530195310566984,0.0575975534170813,"Indonesia - Papua",0.005,"0.5%"
114,0.0391752406601659,0.053078397386807,0.0577564560684084,"Indonesia - Papua",0.005,"0.5%"
115,0.0394144719702995,0.0534057840056386,0.0580750091499025,"Indonesia - Papua",0.005,"0.5%"
116,0.0396342320142809,0.0536336651996559,0.0582620303807619,"Indonesia - Papua",0.005,"0.5%"
117,0.0398635085384997,0.0540494584861552,0.0585885796938534,"Indonesia - Papua",0.005,"0.5%"
118,0.0400690189775022,0.0544464952870905,0.0588818838967484,"Indonesia - Papua",0.005,"0.5%"
119,0.0403118784365948,0.0546650651754087,0.0591898364983116,"Indonesia - Papua",0.005,"0.5%"
120,0.0405597725982923,0.0550969828082481,0.0594443207954645,"Indonesia - Papua",0.005,"0.5%"
121,0.0407770964956018,0.055270837186917,0.0596320897168827,"Indonesia - Papua",0.005,"0.5%"
122,0.0410266726720743,0.0553372501468687,0.059852344394839,"Indonesia - Papua",0.005,"0.5%"
123,0.0412552184292861,0.0557820528351774,0.0599395004324959,"Indonesia - Papua",0.005,"0.5%"
124,0.0414815794792539,0.0559890311504022,0.060094374793371,"Indonesia - Papua",0.005,"0.5%"
125,0.0416858376076859,0.0561933986999855,0.0604974933226916,"Indonesia - Papua",0.005,"0.5%"
126,0.0419472156199753,0.0564751804364067,0.060702212014924,"Indonesia - Papua",0.005,"0.5%"
127,0.0421676318569442,0.0566763384680752,0.0610953962729692,"Indonesia - Papua",0.005,"0.5%"
128,0.0424208278308363,0.0570505063522587,0.0613988624375394,"Indonesia - Papua",0.005,"0.5%"
129,0.0426220452227301,0.0572564408977924,0.0615734070146681,"Indonesia - Papua",0.005,"0.5%"
130,0.0428382692469987,0.0575669863233114,0.0619118335318894,"Indonesia - Papua",0.005,"0.5%"
131,0.0430630615052827,0.0577342351647444,0.0622586172152781,"Indonesia - Papua",0.005,"0.5%"
132,0.0432830685001025,0.0578833636522792,0.0626377663568401,"Indonesia - Papua",0.005,"0.5%"
133,0.0435166083599821,0.0585865677406222,0.063228153186887,"Indonesia - Papua",0.005,"0.5%"
134,0.0437415962568879,0.0586383331826306,0.0634578330493705,"Indonesia - Papua",0.005,"0.5%"
135,0.0440031161904983,0.0590576659433702,0.0638877341955673,"Indonesia - Papua",0.005,"0.5%"
136,0.0442204045617412,0.0594702389633641,0.0642552673460492,"Indonesia - Papua",0.005,"0.5%"
137,0.044410615873579,0.059501430460318,0.064496030205791,"Indonesia - Papua",0.005,"0.5%"
138,0.0446402125155473,0.0596489077557988,0.0648549718196892,"Indonesia - Papua",0.005,"0.5%"
139,0.0448740748674217,0.0601767495602552,0.0651479604838505,"Indonesia - Papua",0.005,"0.5%"
140,0.0450927275692562,0.060607197883188,0.0653350806519169,"Indonesia - Papua",0.005,"0.5%"
141,0.0453034206306098,0.0608339122037688,0.0655538795876036,"Indonesia - Papua",0.005,"0.5%"
142,0.0455159207918324,0.0611924439224204,0.0658072079796898,"Indonesia - Papua",0.005,"0.5%"
143,0.0457351753927057,0.0615440029935571,0.066086451786878,"Indonesia - Papua",0.005,"0.5%"
144,0.04595408398284,0.061567098307678,0.0664905084209192,"Indonesia - Papua",0.005,"0.5%"
145,0.0461848456335319,0.0617951285224727,0.0666477152242301,"Indonesia - Papua",0.005,"0.5%"
146,0.0463443018079342,0.0621193350273898,0.0668562769427922,"Indonesia - Papua",0.005,"0.5%"
147,0.0465427003633984,0.0625291567633473,0.0670326309121336,"Indonesia - Papua",0.005,"0.5%"
148,0.046759857551017,0.0627898274865209,0.0672872606084211,"Indonesia - Papua",0.005,"0.5%"
149,0.0469616193185434,0.0628798335452404,0.0675531366295361,"Indonesia - Papua",0.005,"0.5%"
150,0.0471314047592646,0.0631243288568373,0.0675062341756406,"Indonesia - Papua",0.005,"0.5%"
151,0.0473429129590009,0.0633785890312482,0.0678449097274536,"Indonesia - Papua",0.005,"0.5%"
152,0.0475479619628872,0.0634686983132268,0.0681804538443192,"Indonesia - Papua",0.005,"0.5%"
153,0.0477565091765117,0.0634948757993549,0.0685642066942106,"Indonesia - Papua",0.005,"0.5%"
154,0.0479370847569839,0.0639231678399409,0.0687562350446184,"Indonesia - Papua",0.005,"0.5%"
155,0.0480935472655518,0.0643659260342392,0.0691018290995832,"Indonesia - Papua",0.005,"0.5%"
156,0.0483094067865543,0.0644113813439344,0.0692867114929919,"Indonesia - Papua",0.005,"0.5%"
157,0.0484731105617097,0.0646198207834736,0.0695119111102251,"Indonesia - Papua",0.005,"0.5%"
158,0.0486604243109073,0.0648515617800184,0.069709610915012,"Indonesia - Papua",0.005,"0.5%"
159,0.0488487220080204,0.0653242084405467,0.0700130989702383,"Indonesia - Papua",0.005,"0.5%"
160,0.0490489225685233,0.0654710809824366,0.0702690571675576,"Indonesia - Papua",0.005,"0.5%"
161,0.0492414543076737,0.0655275248371999,0.070308452455263,"Indonesia - Papua",0.005,"0.5%"
162,0.0494458722855709,0.06543786074326,0.0703481292981488,"Indonesia - Papua",0.005,"0.5%"
163,0.0496070094723811,0.0656847469499406,0.0705169496776157,"Indonesia - Papua",0.005,"0.5%"
164,0.0498332498554081,0.065881380527039,0.0707811008188299,"Indonesia - Papua",0.005,"0.5%"
165,0.0499811052716334,0.0662897960270379,0.0707095944353128,"Indonesia - Papua",0.005,"0.5%"
166,0.0501836125658648,0.0663914133333097,0.0707690370536586,"Indonesia - Papua",0.005,"0.5%"
167,0.0503432610030632,0.0665737956754024,0.0709521943465565,"Indonesia - Papua",0.005,"0.5%"
168,0.0505305838256676,0.0665854923789333,0.0714715708525354,"Indonesia - Papua",0.005,"0.5%"
169,0.0507346202345385,0.0669729818207632,0.071871229386367,"Indonesia - Papua",0.005,"0.5%"
170,0.0509198877742106,0.0673056078087738,0.0722232589948509,"Indonesia - Papua",0.005,"0.5%"
171,0.0510767928875675,0.0676792096575235,0.0725268252462596,"Indonesia - Papua",0.005,"0.5%"
172,0.0512493056503034,0.0675478295608103,0.0727905532857754,"Indonesia - Papua",0.005,"0.5%"
173,0.051414611281906,0.0680417360931877,0.0732083837926172,"Indonesia - Papua",0.005,"0.5%"
174,0.051607848047027,0.0681548595445423,0.0733328063212789,"Indonesia - Papua",0.005,"0.5%"
175,0.0518065841099644,0.068454560106576,0.0736207134868882,"Indonesia - Papua",0.005,"0.5%"
176,0.051979870947119,0.0687852263718141,0.0737454962920863,"Indonesia - Papua",0.005,"0.5%"
177,0.0521882576809303,0.0691166508750423,0.0739967237506448,"Indonesia - Papua",0.005,"0.5%"
178,0.0523598541476609,0.0689901847723695,0.074081538081016,"Indonesia - Papua",0.005,"0.5%"
179,0.0525488063349003,0.069380951132068,0.074438594386264,"Indonesia - Papua",0.005,"0.5%"
180,0.0527114673821146,0.0695434788161765,0.0746790164875743,"Indonesia - Papua",0.005,"0.5%"
181,0.052867747298304,0.0697499241212879,0.0748668849962397,"Indonesia - Papua",0.005,"0.5%"
182,0.0530828888462046,0.0698174191237886,0.0753526035244221,"Indonesia - Papua",0.005,"0.5%"
183,0.0532613167345961,0.069854067808735,0.0753870090747375,"Indonesia - Papua",0.005,"0.5%"
184,0.0534640838672025,0.0702797092848207,0.0756138503141361,"Indonesia - Papua",0.005,"0.5%"
185,0.0536852084566291,0.0706175586543706,0.0761254922655541,"Indonesia - Papua",0.005,"0.5%"
186,0.0538911554877511,0.0711492721968121,0.0763643207551877,"Indonesia - Papua",0.005,"0.5%"
187,0.0540798593318182,0.0714067278109562,0.0766167999847191,"Indonesia - Papua",0.005,"0.5%"
188,0.0542667219862224,0.0715768142822131,0.0767545383824096,"Indonesia - Papua",0.005,"0.5%"
189,0.0545142165318773,0.0719495973005774,0.0769591442725858,"Indonesia - Papua",0.005,"0.5%"
190,0.0546999786851415,0.0722660236434161,0.077403801619842,"Indonesia - Papua",0.005,"0.5%"
191,0.05484522489092,0.0725083770040407,0.077612356289411,"Indonesia - Papua",0.005,"0.5%"
192,0.0550602288513702,0.0726970548915702,0.0776940363709896,"Indonesia - Papua",0.005,"0.5%"
193,0.0552598225302792,0.0727022960693222,0.0777310296424511,"Indonesia - Papua",0.005,"0.5%"
194,0.0554131726142176,0.0727509899970133,0.0780646587207564,"Indonesia - Papua",0.005,"0.5%"
195,0.055589920837387,0.0731177047287592,0.0783300290060966,"Indonesia - Papua",0.005,"0.5%"
196,0.0557958448952929,0.0732982333739828,0.078488926321544,"Indonesia - Papua",0.005,"0.5%"
197,0.055943399982675,0.0732300976386565,0.07851348926303,"Indonesia - Papua",0.005,"0.5%"
198,0.0561292842205685,0.0739012269639147,0.0787617803388292,"Indonesia - Papua",0.005,"0.5%"
199,0.0562819468819102,0.0741030819541948,0.078827668114392,"Indonesia - Papua",0.005,"0.5%"
200,0.0564975689217851,0.074373976504119,0.0790142142205691,"Indonesia - Papua",0.005,"0.5%"
1,0.000577031561650461,0.00484965508816682,0.00484965508816682,"Indonesia - Papua",0.01,"1.0%"
2,0.00112441461108435,0.00503224058478047,0.00569441302916038,"Indonesia - Papua",0.01,"1.0%"
3,0.00168127748569915,0.00560846943405126,0.0066932045825613,"Indonesia - Papua",0.01,"1.0%"
4,0.0022071322083459,0.00623015854582561,0.00767488110841957,"Indonesia - Papua",0.01,"1.0%"
5,0.0027036659126913,0.00694733452496846,0.00880647676971774,"Indonesia - Papua",0.01,"1.0%"
6,0.00321605500374125,0.00778490125502794,0.00990384097612777,"Indonesia - Papua",0.01,"1.0%"
7,0.00370863313126596,0.00849150679675382,0.0107157006763176,"Indonesia - Papua",0.01,"1.0%"
8,0.00422838901030653,0.0096422687083406,0.0117780542756194,"Indonesia - Papua",0.01,"1.0%"
9,0.00470938335260455,0.010854237177075,0.0125524594390826,"Indonesia - Papua",0.01,"1.0%"
10,0.00522645519378918,0.0115248625895293,0.0133941769409391,"Indonesia - Papua",0.01,"1.0%"
11,0.00573488271955204,0.0121789210872977,0.0140571722004235,"Indonesia - Papua",0.01,"1.0%"
12,0.00620633942507533,0.0126604873093755,0.0148014628245519,"Indonesia - Papua",0.01,"1.0%"
13,0.00672775339097087,0.0132994851908368,0.0155725806763853,"Indonesia - Papua",0.01,"1.0%"
14,0.00724020692068354,0.0140007990883459,0.0164378580751134,"Indonesia - Papua",0.01,"1.0%"
15,0.00774116338221391,0.0146762688761017,0.0172081295662829,"Indonesia - Papua",0.01,"1.0%"
16,0.00820206079111933,0.015257830680744,0.017897075206572,"Indonesia - Papua",0.01,"1.0%"
17,0.00872090877146998,0.0159596798053953,0.0187077938215663,"Indonesia - Papua",0.01,"1.0%"
18,0.00922507963282696,0.0168609721347536,0.0194196940258977,"Indonesia - Papua",0.01,"1.0%"
19,0.00971874534731885,0.0173782846416382,0.0200606489741789,"Indonesia - Papua",0.01,"1.0%"
20,0.010216865906312,0.0181120210035508,0.0207185994632093,"Indonesia - Papua",0.01,"1.0%"
21,0.0106825793007754,0.0189463394081027,0.0213978165323193,"Indonesia - Papua",0.01,"1.0%"
22,0.0111701776462413,0.0194468445766507,0.0219725501474036,"Indonesia - Papua",0.01,"1.0%"
23,0.0116402771924196,0.0198609540414988,0.0225302345337066,"Indonesia - Papua",0.01,"1.0%"
24,0.0121201933186453,0.0205372936228081,0.0231536641723093,"Indonesia - Papua",0.01,"1.0%"
25,0.0126157612744045,0.0211074627688347,0.0236487884484154,"Indonesia - Papua",0.01,"1.0%"
26,0.0131037041083201,0.0218833181369098,0.0244892126967175,"Indonesia - Papua",0.01,"1.0%"
27,0.0135718801325738,0.0226125238533796,0.0252328250406606,"Indonesia - Papua",0.01,"1.0%"
28,0.0140239717807028,0.02310561401986,0.0257834245092781,"Indonesia - Papua",0.01,"1.0%"
29,0.0144864215692377,0.0236993316343832,0.02632333365301,"Indonesia - Papua",0.01,"1.0%"
30,0.0149546902828502,0.0242624654426433,0.0271309472454414,"Indonesia - Papua",0.01,"1.0%"
31,0.0154112840369359,0.0249279662938207,0.0278288780585671,"Indonesia - Papua",0.01,"1.0%"
32,0.0158866295798768,0.0256735082461658,0.0284215002035525,"Indonesia - Papua",0.01,"1.0%"
33,0.0163593717623961,0.0260702542619677,0.0289626612555633,"Indonesia - Papua",0.01,"1.0%"
34,0.0168125883558131,0.0267454709125447,0.029735098792186,"Indonesia - Papua",0.01,"1.0%"
35,0.0172616635944067,0.0271845921121334,0.030204972370087,"Indonesia - Papua",0.01,"1.0%"
36,0.0177465245099142,0.0278595563618724,0.0310909385822445,"Indonesia - Papua",0.01,"1.0%"
37,0.0181811993930951,0.028485761130654,0.0317863469018797,"Indonesia - Papua",0.01,"1.0%"
38,0.0186365848071813,0.0289553471246514,0.0323368947442225,"Indonesia - Papua",0.01,"1.0%"
39,0.0191189942454481,0.029737434004609,0.0332514540532964,"Indonesia - Papua",0.01,"1.0%"
40,0.0195761659075108,0.0305838174093508,0.0339632803992675,"Indonesia - Papua",0.01,"1.0%"
41,0.0199779956380955,0.0310818542854948,0.034465102741748,"Indonesia - Papua",0.01,"1.0%"
42,0.0203973040963912,0.0314846350670038,0.0349690877841196,"Indonesia - Papua",0.01,"1.0%"
43,0.0208395418530993,0.031938856631338,0.0353654965861343,"Indonesia - Papua",0.01,"1.0%"
44,0.0213047775873707,0.0324660264731771,0.0359738229192552,"Indonesia - Papua",0.01,"1.0%"
45,0.0217525156179681,0.0330065621325727,0.0364887716910232,"Indonesia - Papua",0.01,"1.0%"
46,0.0221891675431846,0.033511839022352,0.0371117667476493,"Indonesia - Papua",0.01,"1.0%"
47,0.0226259494163161,0.0340940130687388,0.0378200234089106,"Indonesia - Papua",0.01,"1.0%"
48,0.0230782657175037,0.0346223322854888,0.0383387010768967,"Indonesia - Papua",0.01,"1.0%"
49,0.0234700284859746,0.0351984566323223,0.0388096705937251,"Indonesia - Papua",0.01,"1.0%"
50,0.0238883536187601,0.0357186684313519,0.0395147544506664,"Indonesia - Papua",0.01,"1.0%"
51,0.0243394560274744,0.0365159583568997,0.0403058411115665,"Indonesia - Papua",0.01,"1.0%"
52,0.0248184925896427,0.0371684802009805,0.0409299936358019,"Indonesia - Papua",0.01,"1.0%"
53,0.0252095187609948,0.0375736605978782,0.0414880258326545,"Indonesia - Papua",0.01,"1.0%"
54,0.0256806218549398,0.0384198699130106,0.0420910526265999,"Indonesia - Papua",0.01,"1.0%"
55,0.0261170938111634,0.0388655510056127,0.0426210549987748,"Indonesia - Papua",0.01,"1.0%"
56,0.0265423461761207,0.0391823274955758,0.0431945270599303,"Indonesia - Papua",0.01,"1.0%"
57,0.0269867524497177,0.0398471983432514,0.0436740990147037,"Indonesia - Papua",0.01,"1.0%"
58,0.0273932132641039,0.0402318646947039,0.044205738875451,"Indonesia - Papua",0.01,"1.0%"
59,0.0278530460205723,0.0410237390265074,0.0449229008245268,"Indonesia - Papua",0.01,"1.0%"
60,0.0282821814525574,0.041480025814837,0.0454880687423364,"Indonesia - Papua",0.01,"1.0%"
61,0.0287129408040238,0.0419635161680931,0.0460552127006784,"Indonesia - Papua",0.01,"1.0%"
62,0.0291375190491191,0.0425153701174932,0.0464572327587848,"Indonesia - Papua",0.01,"1.0%"
63,0.029566311050904,0.0431147486288748,0.0471013244794405,"Indonesia - Papua",0.01,"1.0%"
64,0.0299509189081874,0.043720275766871,0.0475324257239145,"Indonesia - Papua",0.01,"1.0%"
65,0.0304161433442334,0.044096437458048,0.0482178831591653,"Indonesia - Papua",0.01,"1.0%"
66,0.0308234243363678,0.0446004348288346,0.0487070630517794,"Indonesia - Papua",0.01,"1.0%"
67,0.0312547776808763,0.0449548325938742,0.0492465436742665,"Indonesia - Papua",0.01,"1.0%"
68,0.031675356737017,0.0454698586098946,0.0498745760106706,"Indonesia - Papua",0.01,"1.0%"
69,0.0320669332980597,0.0461204326479647,0.0504720619309716,"Indonesia - Papua",0.01,"1.0%"
70,0.0324461873393528,0.0466239656583258,0.0511328132155017,"Indonesia - Papua",0.01,"1.0%"
71,0.0328248302048043,0.047071000579462,0.0514249076965908,"Indonesia - Papua",0.01,"1.0%"
72,0.0332152672847133,0.0477631059678172,0.0519547904759019,"Indonesia - Papua",0.01,"1.0%"
73,0.0335736120330222,0.0479742627742023,0.0524048708217383,"Indonesia - Papua",0.01,"1.0%"
74,0.0339624548367848,0.0483963398033975,0.0529980898241358,"Indonesia - Papua",0.01,"1.0%"
75,0.0343228622320221,0.0488998321535973,0.0534710146625719,"Indonesia - Papua",0.01,"1.0%"
76,0.0347407073089647,0.049736848576021,0.0539466493308709,"Indonesia - Papua",0.01,"1.0%"
77,0.0351257120287551,0.0502834682539303,0.0545059931505834,"Indonesia - Papua",0.01,"1.0%"
78,0.0355005445442847,0.050650310912481,0.055017367057255,"Indonesia - Papua",0.01,"1.0%"
79,0.0359240416077576,0.051048647719219,0.0555788486117483,"Indonesia - Papua",0.01,"1.0%"
80,0.0363199766788852,0.0515310613836704,0.0560746612812402,"Indonesia - Papua",0.01,"1.0%"
81,0.0366519194734465,0.0520518499652284,0.0564333017317386,"Indonesia - Papua",0.01,"1.0%"
82,0.0370134426491133,0.0522663000190314,0.0568934242595843,"Indonesia - Papua",0.01,"1.0%"
83,0.0374310666195148,0.0527000404201219,0.0574005128769994,"Indonesia - Papua",0.01,"1.0%"
84,0.0378392127205997,0.0531012877493157,0.0579633826070099,"Indonesia - Papua",0.01,"1.0%"
85,0.0382135592481479,0.0536046223640697,0.0585659975044035,"Indonesia - Papua",0.01,"1.0%"
86,0.0385976068203869,0.0540333889459015,0.0590477066164129,"Indonesia - Papua",0.01,"1.0%"
87,0.0389866106676767,0.0547040806435438,0.0596083200073806,"Indonesia - Papua",0.01,"1.0%"
88,0.0393681689525297,0.0552760278439435,0.0602864714357567,"Indonesia - Papua",0.01,"1.0%"
89,0.0397764288266564,0.055711871817576,0.0607198599233591,"Indonesia - Papua",0.01,"1.0%"
90,0.0401968549184272,0.0566273280525446,0.0612582478021571,"Indonesia - Papua",0.01,"1.0%"
91,0.0405959917740502,0.0566862442474061,0.0615455243294364,"Indonesia - Papua",0.01,"1.0%"
92,0.0409313900144608,0.0570779929478511,0.0619458294091145,"Indonesia - Papua",0.01,"1.0%"
93,0.0412898145522506,0.057624482136149,0.0621662269677166,"Indonesia - Papua",0.01,"1.0%"
94,0.0416243668228024,0.0580466538290817,0.0627106419562171,"Indonesia - Papua",0.01,"1.0%"
95,0.0419818153619135,0.0586303435222604,0.0630095968042061,"Indonesia - Papua",0.01,"1.0%"
96,0.0423691419199013,0.0590435159355062,0.063658557381314,"Indonesia - Papua",0.01,"1.0%"
97,0.0427767642657849,0.0596229225096774,0.0641475028977432,"Indonesia - Papua",0.01,"1.0%"
98,0.0431302435661517,0.059784111785293,0.0646578161477619,"Indonesia - Papua",0.01,"1.0%"
99,0.0435074750427144,0.0603596207364492,0.0653367462775338,"Indonesia - Papua",0.01,"1.0%"
100,0.0439135456640693,0.0610145364284917,0.0656573270117657,"Indonesia - Papua",0.01,"1.0%"
101,0.0443030664434391,0.0613929596674353,0.0660146785723408,"Indonesia - Papua",0.01,"1.0%"
102,0.0446818293601937,0.0616352200181653,0.0664674889303618,"Indonesia - Papua",0.01,"1.0%"
103,0.0450765589246385,0.0620249565305158,0.0670636598463414,"Indonesia - Papua",0.01,"1.0%"
104,0.0454277689614955,0.062695886503108,0.0678912929567209,"Indonesia - Papua",0.01,"1.0%"
105,0.0457651811703703,0.0631069339935595,0.0683066737431534,"Indonesia - Papua",0.01,"1.0%"
106,0.0461505440892813,0.0636046051673018,0.0687390400144598,"Indonesia - Papua",0.01,"1.0%"
107,0.0465500812796547,0.0641957297537603,0.0691274215620665,"Indonesia - Papua",0.01,"1.0%"
108,0.0469764616359315,0.0645318255452865,0.0696136861620971,"Indonesia - Papua",0.01,"1.0%"
109,0.0473381602713781,0.0651843897718566,0.0703352508105469,"Indonesia - Papua",0.01,"1.0%"
110,0.0476981635852611,0.0655857294024057,0.0710762124840517,"Indonesia - Papua",0.01,"1.0%"
111,0.0480936570852201,0.0658537924505824,0.0715813307853982,"Indonesia - Papua",0.01,"1.0%"
112,0.0484093138481859,0.0661141677144993,0.072121446253783,"Indonesia - Papua",0.01,"1.0%"
113,0.0488181425165048,0.0669443013916101,0.072856188619636,"Indonesia - Papua",0.01,"1.0%"
114,0.0491996440801091,0.0673760441854598,0.0731450643087684,"Indonesia - Papua",0.01,"1.0%"
115,0.0495757952288316,0.0675268234802257,0.0736644245139144,"Indonesia - Papua",0.01,"1.0%"
116,0.0499264104921987,0.0678271939326223,0.0740132385275808,"Indonesia - Papua",0.01,"1.0%"
117,0.0502904362369803,0.0684673574976209,0.0745509550314002,"Indonesia - Papua",0.01,"1.0%"
118,0.0506228179148228,0.069240508808712,0.0750818726105365,"Indonesia - Papua",0.01,"1.0%"
119,0.0510065370165519,0.0698051884259588,0.0755819337282347,"Indonesia - Papua",0.01,"1.0%"
120,0.0513979425100561,0.070286231226538,0.0760275527190067,"Indonesia - Papua",0.01,"1.0%"
121,0.0517483839059996,0.0705702231031295,0.0763510313009383,"Indonesia - Papua",0.01,"1.0%"
122,0.0521434311240961,0.0709185608123688,0.0767410011960799,"Indonesia - Papua",0.01,"1.0%"
123,0.0525103830000005,0.0714282678044136,0.0769407550482837,"Indonesia - Papua",0.01,"1.0%"
124,0.0528751604799239,0.071925041914498,0.0772420651919366,"Indonesia - Papua",0.01,"1.0%"
125,0.0532100398069211,0.0721677691542114,0.07785368857476,"Indonesia - Papua",0.01,"1.0%"
126,0.0536237484057411,0.0727322349179872,0.0782128626462028,"Indonesia - Papua",0.01,"1.0%"
127,0.0539817812733862,0.0730256094310184,0.0788185305250668,"Indonesia - Papua",0.01,"1.0%"
128,0.0543853362525285,0.0737328161431718,0.0793435572259375,"Indonesia - Papua",0.01,"1.0%"
129,0.0547183391489524,0.0740515832524584,0.079661570264065,"Indonesia - Papua",0.01,"1.0%"
130,0.0550722710089051,0.0745615519464421,0.0802051130647964,"Indonesia - Papua",0.01,"1.0%"
131,0.055438575625012,0.0746540733791148,0.0807836597981417,"Indonesia - Papua",0.01,"1.0%"
132,0.0557988054528545,0.074974898411232,0.0814074699107434,"Indonesia - Papua",0.01,"1.0%"
133,0.0561779807129952,0.0759313686249844,0.082335067570335,"Indonesia - Papua",0.01,"1.0%"
134,0.0565462359660611,0.076501707180378,0.0827514045123156,"Indonesia - Papua",0.01,"1.0%"
135,0.0569653981839497,0.0770458089669797,0.0834181818584527,"Indonesia - Papua",0.01,"1.0%"
136,0.0573237356548444,0.0777227275457155,0.0840220697694998,"Indonesia - Papua",0.01,"1.0%"
137,0.0576451096616267,0.0779116115741717,0.0844286826066449,"Indonesia - Papua",0.01,"1.0%"
138,0.0580216836217362,0.0782365501677222,0.0849661212824238,"Indonesia - Papua",0.01,"1.0%"
139,0.0584047019391311,0.0786458309461381,0.0854523804449668,"Indonesia - Papua",0.01,"1.0%"
140,0.0587668981298911,0.0796029806525429,0.0858104541257451,"Indonesia - Papua",0.01,"1.0%"
141,0.059118656829912,0.0800005961080989,0.0861931213926816,"Indonesia - Papua",0.01,"1.0%"
142,0.0594733335701403,0.08047414635447,0.086616127744441,"Indonesia - Papua",0.01,"1.0%"
143,0.0598378887580823,0.0810659406230589,0.0871133484698085,"Indonesia - Papua",0.01,"1.0%"
144,0.0602023771069765,0.0811343520197949,0.0877493318044891,"Indonesia - Papua",0.01,"1.0%"
145,0.0605840066153135,0.0815064405005151,0.0880359949536302,"Indonesia - Papua",0.01,"1.0%"
146,0.0608660348810994,0.0822363201362969,0.0883913862498864,"Indonesia - Papua",0.01,"1.0%"
147,0.0612031820971662,0.0825522368030672,0.0887301377266928,"Indonesia - Papua",0.01,"1.0%"
148,0.061566740161972,0.0833943460821651,0.089183576597201,"Indonesia - Papua",0.01,"1.0%"
149,0.0619092217100912,0.0834591904976762,0.0896250355641445,"Indonesia - Papua",0.01,"1.0%"
150,0.062207498481229,0.0837888312892744,0.0896497014020972,"Indonesia - Papua",0.01,"1.0%"
151,0.0625646028408167,0.0842887660783854,0.0902036494444519,"Indonesia - Papua",0.01,"1.0%"
152,0.0629128712564041,0.0844760848807458,0.0907734057734834,"Indonesia - Papua",0.01,"1.0%"
153,0.0632664976134915,0.0845801647384783,0.0913923634426502,"Indonesia - Papua",0.01,"1.0%"
154,0.0635809993825436,0.0852548678060812,0.0917704291703458,"Indonesia - Papua",0.01,"1.0%"
155,0.0638617126570716,0.0858242526993626,0.0923519254812584,"Indonesia - Papua",0.01,"1.0%"
156,0.0642268215575202,0.0861244614589207,0.0927138203989049,"Indonesia - Papua",0.01,"1.0%"
157,0.064518452392504,0.0865239651679934,0.0931233406067724,"Indonesia - Papua",0.01,"1.0%"
158,0.064843912598852,0.0868948606426132,0.0934936711554335,"Indonesia - Papua",0.01,"1.0%"
159,0.0651707304701724,0.0875197800070008,0.0940195906682562,"Indonesia - Papua",0.01,"1.0%"
160,0.0655148749327721,0.0879542814602376,0.0944322049705451,"Indonesia - Papua",0.01,"1.0%"
161,0.0658485532198436,0.0880832863572367,0.0946002287872066,"Indonesia - Papua",0.01,"1.0%"
162,0.0661996889550305,0.0882379152408541,0.094719774335516,"Indonesia - Papua",0.01,"1.0%"
163,0.0664892707584117,0.0886259762446676,0.0950420430698953,"Indonesia - Papua",0.01,"1.0%"
164,0.0668717583718738,0.0888316111807737,0.0955213531840103,"Indonesia - Papua",0.01,"1.0%"
165,0.0671429384922997,0.0893779580916173,0.0955443871810852,"Indonesia - Papua",0.01,"1.0%"
166,0.0674923951417769,0.0896755835316342,0.0957525472508792,"Indonesia - Papua",0.01,"1.0%"
167,0.0677808870015264,0.090181856679404,0.096096382204856,"Indonesia - Papua",0.01,"1.0%"
168,0.0681089210954847,0.0903119138433718,0.0969000163055246,"Indonesia - Papua",0.01,"1.0%"
169,0.0684612350840705,0.0906916626629842,0.0975457075905596,"Indonesia - Papua",0.01,"1.0%"
170,0.0687868051008466,0.0911708830617625,0.098146641143699,"Indonesia - Papua",0.01,"1.0%"
171,0.069072049932491,0.0918277713510346,0.0986673236617839,"Indonesia - Papua",0.01,"1.0%"
172,0.0693801609021182,0.0919822619775982,0.0991382397687209,"Indonesia - Papua",0.01,"1.0%"
173,0.0696777626327649,0.0925620271653295,0.0998084063287682,"Indonesia - Papua",0.01,"1.0%"
174,0.0700163462748064,0.0929307463104169,0.100060428009868,"Indonesia - Papua",0.01,"1.0%"
175,0.0703625402158772,0.0933415410170689,0.100571232463228,"Indonesia - Papua",0.01,"1.0%"
176,0.0706723907359917,0.0940240600701104,0.100837189891663,"Indonesia - Papua",0.01,"1.0%"
177,0.0710329305092292,0.0944463853988778,0.101265367036423,"Indonesia - Papua",0.01,"1.0%"
178,0.0713409360897826,0.094531252033046,0.101473565053725,"Indonesia - Papua",0.01,"1.0%"
179,0.0716739131285768,0.0950029317231127,0.102083331082842,"Indonesia - Papua",0.01,"1.0%"
180,0.0719691537055488,0.0954179056022746,0.102552691401127,"Indonesia - Papua",0.01,"1.0%"
181,0.0722556085598866,0.0957204221596846,0.102921767760806,"Indonesia - Papua",0.01,"1.0%"
182,0.0726271041365313,0.095797916915057,0.103702280264223,"Indonesia - Papua",0.01,"1.0%"
183,0.072946096997968,0.0961584172506128,0.103825121273626,"Indonesia - Papua",0.01,"1.0%"
184,0.0733002360587436,0.0968227910071457,0.104234336819665,"Indonesia - Papua",0.01,"1.0%"
185,0.0736810370767488,0.0973572159462782,0.105064579200145,"Indonesia - Papua",0.01,"1.0%"
186,0.0740403091250441,0.0980316104427935,0.105495245490608,"Indonesia - Papua",0.01,"1.0%"
187,0.074374202378752,0.0987250418215518,0.105957744905846,"Indonesia - Papua",0.01,"1.0%"
188,0.0747060998149754,0.098847060250648,0.106261580885524,"Indonesia - Papua",0.01,"1.0%"
189,0.0751260176197767,0.0997603997467516,0.106639141677752,"Indonesia - Papua",0.01,"1.0%"
190,0.0754561799983389,0.100261173379741,0.107347305192562,"Indonesia - Papua",0.01,"1.0%"
191,0.0757277052160037,0.100701372792262,0.10769972855178,"Indonesia - Papua",0.01,"1.0%"
192,0.0761013151068921,0.100819634653442,0.107908876269518,"Indonesia - Papua",0.01,"1.0%"
193,0.0764525052762816,0.10103088249957,0.108039183818758,"Indonesia - Papua",0.01,"1.0%"
194,0.0767361698294945,0.101096060753958,0.10861156287719,"Indonesia - Papua",0.01,"1.0%"
195,0.0770541348548809,0.101818671206764,0.109091151810021,"Indonesia - Papua",0.01,"1.0%"
196,0.0774149632282793,0.102097079199715,0.109403308735837,"Indonesia - Papua",0.01,"1.0%"
197,0.0776908600212439,0.102270403481769,0.109534875061992,"Indonesia - Papua",0.01,"1.0%"
198,0.0780225570640202,0.102897471332053,0.109962792380486,"Indonesia - Papua",0.01,"1.0%"
199,0.0783062757511704,0.103423463618611,0.110174598589663,"Indonesia - Papua",0.01,"1.0%"
200,0.0786817116984815,0.104093490253417,0.110539694982625,"Indonesia - Papua",0.01,"1.0%"
